,time,p_trans,p_trans_bl,region,subject,pid
0,-0.95,0.15019529420240932,0.005494185304713267,Midbrain,ZFM-04811,0bdd7931-661f-452a-903f-6467a0661499
1,-0.8500000000000001,0.15132360987725418,0.0066225009795581324,Midbrain,ZFM-04811,0bdd7931-661f-452a-903f-6467a0661499
2,-0.75,0.1491489296693815,0.004447820771685457,Midbrain,ZFM-04811,0bdd7931-661f-452a-903f-6467a0661499
3,-0.6500000000000001,0.1447656444513739,6.453555367785802e-05,Midbrain,ZFM-04811,0bdd7931-661f-452a-903f-6467a0661499
4,-0.55,0.14114795173026093,-0.0035531571674351226,Midbrain,ZFM-04811,0bdd7931-661f-452a-903f-6467a0661499
5,-0.45,0.13949358227946784,-0.005207526618228209,Midbrain,ZFM-04811,0bdd7931-661f-452a-903f-6467a0661499
6,-0.35000000000000003,0.1392738701747622,-0.0054272387229338526,Midbrain,ZFM-04811,0bdd7931-661f-452a-903f-6467a0661499
7,-0.25,0.1404100210529386,-0.004291087844757457,Midbrain,ZFM-04811,0bdd7931-661f-452a-903f-6467a0661499
8,-0.15000000000000002,0.14347163430727167,-0.0012294745904243842,Midbrain,ZFM-04811,0bdd7931-661f-452a-903f-6467a0661499
9,-0.05,0.14778055123184014,0.003079442334144089,Midbrain,ZFM-04811,0bdd7931-661f-452a-903f-6467a0661499
10,0.05,0.1508104766357539,0.0061093677380578415,Midbrain,ZFM-04811,0bdd7931-661f-452a-903f-6467a0661499
11,0.15000000000000002,0.15059881548321247,0.005897706585516416,Midbrain,ZFM-04811,0bdd7931-661f-452a-903f-6467a0661499
12,0.25,0.1482353855971394,0.0035342766994433394,Midbrain,ZFM-04811,0bdd7931-661f-452a-903f-6467a0661499
13,0.35000000000000003,0.1470589417760828,0.0023578328783867564,Midbrain,ZFM-04811,0bdd7931-661f-452a-903f-6467a0661499
14,0.45,0.14924070939913045,0.004539600501434399,Midbrain,ZFM-04811,0bdd7931-661f-452a-903f-6467a0661499
15,0.55,0.1533719379409702,0.008670829043274153,Midbrain,ZFM-04811,0bdd7931-661f-452a-903f-6467a0661499
16,0.6500000000000001,0.1556247844678369,0.010923675570140845,Midbrain,ZFM-04811,0bdd7931-661f-452a-903f-6467a0661499
17,0.75,0.15330906478366402,0.008607955885967966,Midbrain,ZFM-04811,0bdd7931-661f-452a-903f-6467a0661499
18,0.8500000000000001,0.1470657434170336,0.0023646345193375495,Midbrain,ZFM-04811,0bdd7931-661f-452a-903f-6467a0661499
19,0.95,0.13986107751601917,-0.004840031381676879,Midbrain,ZFM-04811,0bdd7931-661f-452a-903f-6467a0661499
20,1.05,0.13471530000416365,-0.0099858088935324,Midbrain,ZFM-04811,0bdd7931-661f-452a-903f-6467a0661499
21,1.1500000000000001,0.13344507362558994,-0.011256035272106113,Midbrain,ZFM-04811,0bdd7931-661f-452a-903f-6467a0661499
22,1.25,0.1363236693354451,-0.008377439562250955,Midbrain,ZFM-04811,0bdd7931-661f-452a-903f-6467a0661499
23,1.35,0.14211447232816193,-0.0025866365695341176,Midbrain,ZFM-04811,0bdd7931-661f-452a-903f-6467a0661499
24,1.4500000000000002,0.1489750100660701,0.004273901168374061,Midbrain,ZFM-04811,0bdd7931-661f-452a-903f-6467a0661499
25,1.55,0.15582640100437994,0.011125292106683893,Midbrain,ZFM-04811,0bdd7931-661f-452a-903f-6467a0661499
26,1.6500000000000001,0.1624548820334219,0.017753773135725848,Midbrain,ZFM-04811,0bdd7931-661f-452a-903f-6467a0661499
27,1.75,0.16818032937322508,0.023479220475529028,Midbrain,ZFM-04811,0bdd7931-661f-452a-903f-6467a0661499
28,1.85,0.17125662881942427,0.02655551992172822,Midbrain,ZFM-04811,0bdd7931-661f-452a-903f-6467a0661499
29,1.9500000000000002,0.1701373468854933,0.02543623798779726,Midbrain,ZFM-04811,0bdd7931-661f-452a-903f-6467a0661499
30,2.05,0.16507324639273097,0.020372137495034914,Midbrain,ZFM-04811,0bdd7931-661f-452a-903f-6467a0661499
31,2.1500000000000004,0.15814162708903923,0.013440518191343176,Midbrain,ZFM-04811,0bdd7931-661f-452a-903f-6467a0661499
32,2.25,0.1518651604295006,0.0071640515318045495,Midbrain,ZFM-04811,0bdd7931-661f-452a-903f-6467a0661499
33,2.3500000000000005,0.14790109394572803,0.0031999850480319836,Midbrain,ZFM-04811,0bdd7931-661f-452a-903f-6467a0661499
34,2.45,0.14674016458297973,0.002039055685283675,Midbrain,ZFM-04811,0bdd7931-661f-452a-903f-6467a0661499
35,2.55,0.14830722686237094,0.0036061179646748875,Midbrain,ZFM-04811,0bdd7931-661f-452a-903f-6467a0661499
36,2.6500000000000004,0.15257188029670543,0.00787077139900938,Midbrain,ZFM-04811,0bdd7931-661f-452a-903f-6467a0661499
37,2.75,0.1591076070473849,0.014406498149688862,Midbrain,ZFM-04811,0bdd7931-661f-452a-903f-6467a0661499
38,2.8500000000000005,0.16610177031521875,0.0214006614175227,Midbrain,ZFM-04811,0bdd7931-661f-452a-903f-6467a0661499
39,2.95,0.17083024482708462,0.026129135929388564,Midbrain,ZFM-04811,0bdd7931-661f-452a-903f-6467a0661499
40,3.05,0.17167682019007768,0.026975711292381632,Midbrain,ZFM-04811,0bdd7931-661f-452a-903f-6467a0661499
41,3.1500000000000004,0.1690358405607265,0.024334731663030462,Midbrain,ZFM-04811,0bdd7931-661f-452a-903f-6467a0661499
42,3.25,0.16444762140899094,0.01974651251129489,Midbrain,ZFM-04811,0bdd7931-661f-452a-903f-6467a0661499
43,3.3500000000000005,0.16008001194741428,0.015378903049718229,Midbrain,ZFM-04811,0bdd7931-661f-452a-903f-6467a0661499
44,3.45,0.15828555380110804,0.013584444903411985,Midbrain,ZFM-04811,0bdd7931-661f-452a-903f-6467a0661499
45,3.55,0.15995882628948116,0.015257717391785108,Midbrain,ZFM-04811,0bdd7931-661f-452a-903f-6467a0661499
46,3.6500000000000004,0.16384627581515251,0.019145166917456463,Midbrain,ZFM-04811,0bdd7931-661f-452a-903f-6467a0661499
47,3.75,0.16825684904479332,0.02355574014709727,Midbrain,ZFM-04811,0bdd7931-661f-452a-903f-6467a0661499
48,3.8500000000000005,0.17260481659192298,0.027903707694226926,Midbrain,ZFM-04811,0bdd7931-661f-452a-903f-6467a0661499
49,3.95,0.17684243825103793,0.03214132935334188,Midbrain,ZFM-04811,0bdd7931-661f-452a-903f-6467a0661499
0,-0.95,0.24189866156566417,-0.01640398707121707,Frontal,ZFM-04811,b7de18f4-31d4-4ec5-94ed-8303e9d17dcd
1,-0.8500000000000001,0.24967929053854776,-0.008623358098333478,Frontal,ZFM-04811,b7de18f4-31d4-4ec5-94ed-8303e9d17dcd
2,-0.75,0.2623215230805491,0.004018874443667886,Frontal,ZFM-04811,b7de18f4-31d4-4ec5-94ed-8303e9d17dcd
3,-0.6500000000000001,0.2749321698959005,0.016629521259019286,Frontal,ZFM-04811,b7de18f4-31d4-4ec5-94ed-8303e9d17dcd
4,-0.55,0.28156316649360125,0.02326051785672001,Frontal,ZFM-04811,b7de18f4-31d4-4ec5-94ed-8303e9d17dcd
5,-0.45,0.27824175722371314,0.0199391085868319,Frontal,ZFM-04811,b7de18f4-31d4-4ec5-94ed-8303e9d17dcd
6,-0.35000000000000003,0.26634521874381184,0.008042570106930602,Frontal,ZFM-04811,b7de18f4-31d4-4ec5-94ed-8303e9d17dcd
7,-0.25,0.25204200995556986,-0.006260638681311381,Frontal,ZFM-04811,b7de18f4-31d4-4ec5-94ed-8303e9d17dcd
8,-0.15000000000000002,0.24108404291425617,-0.01721860572262507,Frontal,ZFM-04811,b7de18f4-31d4-4ec5-94ed-8303e9d17dcd
9,-0.05,0.23491864595719866,-0.023384002679682575,Frontal,ZFM-04811,b7de18f4-31d4-4ec5-94ed-8303e9d17dcd
10,0.05,0.2320433122871416,-0.026259336349739648,Frontal,ZFM-04811,b7de18f4-31d4-4ec5-94ed-8303e9d17dcd
11,0.15000000000000002,0.23144398144404252,-0.02685866719283872,Frontal,ZFM-04811,b7de18f4-31d4-4ec5-94ed-8303e9d17dcd
12,0.25,0.23366166066771582,-0.024640987969165418,Frontal,ZFM-04811,b7de18f4-31d4-4ec5-94ed-8303e9d17dcd
13,0.35000000000000003,0.2392929722940814,-0.019009676342799847,Frontal,ZFM-04811,b7de18f4-31d4-4ec5-94ed-8303e9d17dcd
14,0.45,0.24709518262999322,-0.011207466006888017,Frontal,ZFM-04811,b7de18f4-31d4-4ec5-94ed-8303e9d17dcd
15,0.55,0.25378240798983126,-0.004520240647049978,Frontal,ZFM-04811,b7de18f4-31d4-4ec5-94ed-8303e9d17dcd
16,0.6500000000000001,0.2560220310778589,-0.0022806175590223132,Frontal,ZFM-04811,b7de18f4-31d4-4ec5-94ed-8303e9d17dcd
17,0.75,0.25285431119819135,-0.0054483374386898875,Frontal,ZFM-04811,b7de18f4-31d4-4ec5-94ed-8303e9d17dcd
18,0.8500000000000001,0.2460171767330308,-0.012285471903850431,Frontal,ZFM-04811,b7de18f4-31d4-4ec5-94ed-8303e9d17dcd
19,0.95,0.23866810998728097,-0.01963453864960027,Frontal,ZFM-04811,b7de18f4-31d4-4ec5-94ed-8303e9d17dcd
20,1.05,0.23420906237895825,-0.02409358625792299,Frontal,ZFM-04811,b7de18f4-31d4-4ec5-94ed-8303e9d17dcd
21,1.1500000000000001,0.2350971823891222,-0.023205466247759043,Frontal,ZFM-04811,b7de18f4-31d4-4ec5-94ed-8303e9d17dcd
22,1.25,0.2413631387505589,-0.01693950988632234,Frontal,ZFM-04811,b7de18f4-31d4-4ec5-94ed-8303e9d17dcd
23,1.35,0.25016448308133316,-0.008138165555548083,Frontal,ZFM-04811,b7de18f4-31d4-4ec5-94ed-8303e9d17dcd
24,1.4500000000000002,0.25726416112438416,-0.0010384875124970772,Frontal,ZFM-04811,b7de18f4-31d4-4ec5-94ed-8303e9d17dcd
25,1.55,0.2594189997619324,0.0011163511250511515,Frontal,ZFM-04811,b7de18f4-31d4-4ec5-94ed-8303e9d17dcd
26,1.6500000000000001,0.2563457409068074,-0.0019569077300738424,Frontal,ZFM-04811,b7de18f4-31d4-4ec5-94ed-8303e9d17dcd
27,1.75,0.2509354680675492,-0.007367180569332055,Frontal,ZFM-04811,b7de18f4-31d4-4ec5-94ed-8303e9d17dcd
28,1.85,0.2467578051199247,-0.011544843516956532,Frontal,ZFM-04811,b7de18f4-31d4-4ec5-94ed-8303e9d17dcd
29,1.9500000000000002,0.2447558356810689,-0.013546812955812337,Frontal,ZFM-04811,b7de18f4-31d4-4ec5-94ed-8303e9d17dcd
30,2.05,0.24286739151203127,-0.015435257124849971,Frontal,ZFM-04811,b7de18f4-31d4-4ec5-94ed-8303e9d17dcd
31,2.1500000000000004,0.23903209507085452,-0.01927055356602672,Frontal,ZFM-04811,b7de18f4-31d4-4ec5-94ed-8303e9d17dcd
32,2.25,0.23401977443677446,-0.024282874200106774,Frontal,ZFM-04811,b7de18f4-31d4-4ec5-94ed-8303e9d17dcd
33,2.3500000000000005,0.2311915667319605,-0.02711108190492073,Frontal,ZFM-04811,b7de18f4-31d4-4ec5-94ed-8303e9d17dcd
34,2.45,0.23343699682532243,-0.02486565181155881,Frontal,ZFM-04811,b7de18f4-31d4-4ec5-94ed-8303e9d17dcd
35,2.55,0.240336924905089,-0.017965723731792227,Frontal,ZFM-04811,b7de18f4-31d4-4ec5-94ed-8303e9d17dcd
36,2.6500000000000004,0.2484724063817339,-0.009830242255147337,Frontal,ZFM-04811,b7de18f4-31d4-4ec5-94ed-8303e9d17dcd
37,2.75,0.25395215414581557,-0.004350494491065671,Frontal,ZFM-04811,b7de18f4-31d4-4ec5-94ed-8303e9d17dcd
38,2.8500000000000005,0.2541501430059776,-0.004152505630903636,Frontal,ZFM-04811,b7de18f4-31d4-4ec5-94ed-8303e9d17dcd
39,2.95,0.2485793517085672,-0.00972329692831403,Frontal,ZFM-04811,b7de18f4-31d4-4ec5-94ed-8303e9d17dcd
40,3.05,0.23976242587432856,-0.018540222762552683,Frontal,ZFM-04811,b7de18f4-31d4-4ec5-94ed-8303e9d17dcd
41,3.1500000000000004,0.23222485664711726,-0.026077791989763982,Frontal,ZFM-04811,b7de18f4-31d4-4ec5-94ed-8303e9d17dcd
42,3.25,0.22883805311001876,-0.02946459552686248,Frontal,ZFM-04811,b7de18f4-31d4-4ec5-94ed-8303e9d17dcd
43,3.3500000000000005,0.22843350978135524,-0.029869138855526,Frontal,ZFM-04811,b7de18f4-31d4-4ec5-94ed-8303e9d17dcd
44,3.45,0.22785411940480194,-0.030448529232079302,Frontal,ZFM-04811,b7de18f4-31d4-4ec5-94ed-8303e9d17dcd
45,3.55,0.2258405963069937,-0.032462052329887525,Frontal,ZFM-04811,b7de18f4-31d4-4ec5-94ed-8303e9d17dcd
46,3.6500000000000004,0.22416871820924236,-0.034133930427638876,Frontal,ZFM-04811,b7de18f4-31d4-4ec5-94ed-8303e9d17dcd
47,3.75,0.22552835353074457,-0.032774295106136664,Frontal,ZFM-04811,b7de18f4-31d4-4ec5-94ed-8303e9d17dcd
48,3.8500000000000005,0.23126067100505157,-0.027041977631829667,Frontal,ZFM-04811,b7de18f4-31d4-4ec5-94ed-8303e9d17dcd
49,3.95,0.24080964686811535,-0.017493001768765892,Frontal,ZFM-04811,b7de18f4-31d4-4ec5-94ed-8303e9d17dcd
0,-0.95,0.3345079931760746,-0.0039687387849248745,Sensory,ZFM-04811,b7de18f4-31d4-4ec5-94ed-8303e9d17dcd
1,-0.8500000000000001,0.3472016495707628,0.00872491760976335,Sensory,ZFM-04811,b7de18f4-31d4-4ec5-94ed-8303e9d17dcd
2,-0.75,0.3504309997710797,0.011954267810080244,Sensory,ZFM-04811,b7de18f4-31d4-4ec5-94ed-8303e9d17dcd
3,-0.6500000000000001,0.3459717588901982,0.007495026929198734,Sensory,ZFM-04811,b7de18f4-31d4-4ec5-94ed-8303e9d17dcd
4,-0.55,0.33905811056103413,0.0005813786000346544,Sensory,ZFM-04811,b7de18f4-31d4-4ec5-94ed-8303e9d17dcd
5,-0.45,0.3338699482907729,-0.0046067836702266,Sensory,ZFM-04811,b7de18f4-31d4-4ec5-94ed-8303e9d17dcd
6,-0.35000000000000003,0.3320092374431227,-0.0064674945178767596,Sensory,ZFM-04811,b7de18f4-31d4-4ec5-94ed-8303e9d17dcd
7,-0.25,0.33288976956246247,-0.00558696239853701,Sensory,ZFM-04811,b7de18f4-31d4-4ec5-94ed-8303e9d17dcd
8,-0.15000000000000002,0.33434659062765093,-0.004130141333348547,Sensory,ZFM-04811,b7de18f4-31d4-4ec5-94ed-8303e9d17dcd
9,-0.05,0.33448126171683645,-0.003995470244163024,Sensory,ZFM-04811,b7de18f4-31d4-4ec5-94ed-8303e9d17dcd
10,0.05,0.334030298334947,-0.0044464336260524595,Sensory,ZFM-04811,b7de18f4-31d4-4ec5-94ed-8303e9d17dcd
11,0.15000000000000002,0.33563101998586975,-0.0028457119751297277,Sensory,ZFM-04811,b7de18f4-31d4-4ec5-94ed-8303e9d17dcd
12,0.25,0.3396166694644874,0.0011399375034878978,Sensory,ZFM-04811,b7de18f4-31d4-4ec5-94ed-8303e9d17dcd
13,0.35000000000000003,0.3418174621599337,0.0033407301989342164,Sensory,ZFM-04811,b7de18f4-31d4-4ec5-94ed-8303e9d17dcd
14,0.45,0.3374580059410129,-0.0010187260199865933,Sensory,ZFM-04811,b7de18f4-31d4-4ec5-94ed-8303e9d17dcd
15,0.55,0.3272172208329916,-0.011259511128007882,Sensory,ZFM-04811,b7de18f4-31d4-4ec5-94ed-8303e9d17dcd
16,0.6500000000000001,0.31773373969570917,-0.020742992265290305,Sensory,ZFM-04811,b7de18f4-31d4-4ec5-94ed-8303e9d17dcd
17,0.75,0.3154112716951888,-0.02306546026581069,Sensory,ZFM-04811,b7de18f4-31d4-4ec5-94ed-8303e9d17dcd
18,0.8500000000000001,0.32072615694046797,-0.01775057502053151,Sensory,ZFM-04811,b7de18f4-31d4-4ec5-94ed-8303e9d17dcd
19,0.95,0.3288830612512126,-0.009593670709786895,Sensory,ZFM-04811,b7de18f4-31d4-4ec5-94ed-8303e9d17dcd
20,1.05,0.3347481950010178,-0.0037285369599816542,Sensory,ZFM-04811,b7de18f4-31d4-4ec5-94ed-8303e9d17dcd
21,1.1500000000000001,0.3361979763267461,-0.0022787556342533932,Sensory,ZFM-04811,b7de18f4-31d4-4ec5-94ed-8303e9d17dcd
22,1.25,0.33385289712407384,-0.004623834836925633,Sensory,ZFM-04811,b7de18f4-31d4-4ec5-94ed-8303e9d17dcd
23,1.35,0.32908761471775005,-0.009389117243249423,Sensory,ZFM-04811,b7de18f4-31d4-4ec5-94ed-8303e9d17dcd
24,1.4500000000000002,0.32250809653766965,-0.015968635423329824,Sensory,ZFM-04811,b7de18f4-31d4-4ec5-94ed-8303e9d17dcd
25,1.55,0.31407284417992787,-0.02440388778107161,Sensory,ZFM-04811,b7de18f4-31d4-4ec5-94ed-8303e9d17dcd
26,1.6500000000000001,0.3048507591282642,-0.033625972832735274,Sensory,ZFM-04811,b7de18f4-31d4-4ec5-94ed-8303e9d17dcd
27,1.75,0.29818325149732694,-0.04029348046367254,Sensory,ZFM-04811,b7de18f4-31d4-4ec5-94ed-8303e9d17dcd
28,1.85,0.29768683411128893,-0.040789897849710544,Sensory,ZFM-04811,b7de18f4-31d4-4ec5-94ed-8303e9d17dcd
29,1.9500000000000002,0.30353699935232037,-0.03493973260867911,Sensory,ZFM-04811,b7de18f4-31d4-4ec5-94ed-8303e9d17dcd
30,2.05,0.3119432769429869,-0.026533455018012575,Sensory,ZFM-04811,b7de18f4-31d4-4ec5-94ed-8303e9d17dcd
31,2.1500000000000004,0.3189866189186972,-0.019490113042302304,Sensory,ZFM-04811,b7de18f4-31d4-4ec5-94ed-8303e9d17dcd
32,2.25,0.32351311778354386,-0.01496361417745562,Sensory,ZFM-04811,b7de18f4-31d4-4ec5-94ed-8303e9d17dcd
33,2.3500000000000005,0.32576377085066,-0.012712961110339482,Sensory,ZFM-04811,b7de18f4-31d4-4ec5-94ed-8303e9d17dcd
34,2.45,0.32582294184799176,-0.012653790113007712,Sensory,ZFM-04811,b7de18f4-31d4-4ec5-94ed-8303e9d17dcd
35,2.55,0.32489519298960134,-0.013581538971398133,Sensory,ZFM-04811,b7de18f4-31d4-4ec5-94ed-8303e9d17dcd
36,2.6500000000000004,0.32617028758730854,-0.012306444373690939,Sensory,ZFM-04811,b7de18f4-31d4-4ec5-94ed-8303e9d17dcd
37,2.75,0.33241699709533146,-0.0060597348656680206,Sensory,ZFM-04811,b7de18f4-31d4-4ec5-94ed-8303e9d17dcd
38,2.8500000000000005,0.34291959740188704,0.004442865440887567,Sensory,ZFM-04811,b7de18f4-31d4-4ec5-94ed-8303e9d17dcd
39,2.95,0.3533579325174474,0.014881200556447927,Sensory,ZFM-04811,b7de18f4-31d4-4ec5-94ed-8303e9d17dcd
40,3.05,0.358798166986822,0.02032143502582251,Sensory,ZFM-04811,b7de18f4-31d4-4ec5-94ed-8303e9d17dcd
41,3.1500000000000004,0.3570436258669697,0.018566893905970216,Sensory,ZFM-04811,b7de18f4-31d4-4ec5-94ed-8303e9d17dcd
42,3.25,0.3494543107532254,0.01097757879222594,Sensory,ZFM-04811,b7de18f4-31d4-4ec5-94ed-8303e9d17dcd
43,3.3500000000000005,0.33928272631007966,0.0008059943490801857,Sensory,ZFM-04811,b7de18f4-31d4-4ec5-94ed-8303e9d17dcd
44,3.45,0.32981922387832213,-0.008657508082677345,Sensory,ZFM-04811,b7de18f4-31d4-4ec5-94ed-8303e9d17dcd
45,3.55,0.3233307090903063,-0.015146022870693165,Sensory,ZFM-04811,b7de18f4-31d4-4ec5-94ed-8303e9d17dcd
46,3.6500000000000004,0.32015898770647455,-0.018317744254524926,Sensory,ZFM-04811,b7de18f4-31d4-4ec5-94ed-8303e9d17dcd
47,3.75,0.3188783674197695,-0.019598364541229985,Sensory,ZFM-04811,b7de18f4-31d4-4ec5-94ed-8303e9d17dcd
48,3.8500000000000005,0.3182965397643143,-0.020180192196685154,Sensory,ZFM-04811,b7de18f4-31d4-4ec5-94ed-8303e9d17dcd
49,3.95,0.3187807412516982,-0.01969599070930128,Sensory,ZFM-04811,b7de18f4-31d4-4ec5-94ed-8303e9d17dcd
0,-0.95,0.3051930196190588,-0.003093738203262364,Hippocampus,ZFM-04811,05db6d4d-cfda-4686-b485-481423912b33
1,-0.8500000000000001,0.3015513115245215,-0.006735446297799652,Hippocampus,ZFM-04811,05db6d4d-cfda-4686-b485-481423912b33
2,-0.75,0.3013373015026776,-0.006949456319643554,Hippocampus,ZFM-04811,05db6d4d-cfda-4686-b485-481423912b33
3,-0.6500000000000001,0.3036440343342044,-0.0046427234881167845,Hippocampus,ZFM-04811,05db6d4d-cfda-4686-b485-481423912b33
4,-0.55,0.3073923336469446,-0.0008944241753765514,Hippocampus,ZFM-04811,05db6d4d-cfda-4686-b485-481423912b33
5,-0.45,0.31166797146178726,0.0033812136394660852,Hippocampus,ZFM-04811,05db6d4d-cfda-4686-b485-481423912b33
6,-0.35000000000000003,0.3151835507978511,0.0068967929755299195,Hippocampus,ZFM-04811,05db6d4d-cfda-4686-b485-481423912b33
7,-0.25,0.31643741242082085,0.008150654598499674,Hippocampus,ZFM-04811,05db6d4d-cfda-4686-b485-481423912b33
8,-0.15000000000000002,0.3140095323310654,0.0057227745087441995,Hippocampus,ZFM-04811,05db6d4d-cfda-4686-b485-481423912b33
9,-0.05,0.30645111058428,-0.0018356472380411937,Hippocampus,ZFM-04811,05db6d4d-cfda-4686-b485-481423912b33
10,0.05,0.29325049959013905,-0.015036258232182131,Hippocampus,ZFM-04811,05db6d4d-cfda-4686-b485-481423912b33
11,0.15000000000000002,0.2768184359348945,-0.031468321887426653,Hippocampus,ZFM-04811,05db6d4d-cfda-4686-b485-481423912b33
12,0.25,0.26212605011324674,-0.04616070770907443,Hippocampus,ZFM-04811,05db6d4d-cfda-4686-b485-481423912b33
13,0.35000000000000003,0.25367888678730244,-0.05460787103501874,Hippocampus,ZFM-04811,05db6d4d-cfda-4686-b485-481423912b33
14,0.45,0.2534905997669761,-0.0547961580553451,Hippocampus,ZFM-04811,05db6d4d-cfda-4686-b485-481423912b33
15,0.55,0.26111892219145977,-0.04716783563086141,Hippocampus,ZFM-04811,05db6d4d-cfda-4686-b485-481423912b33
16,0.6500000000000001,0.2733179881437149,-0.03496876967860629,Hippocampus,ZFM-04811,05db6d4d-cfda-4686-b485-481423912b33
17,0.75,0.2837215819615396,-0.024565175860781552,Hippocampus,ZFM-04811,05db6d4d-cfda-4686-b485-481423912b33
18,0.8500000000000001,0.2860298229847177,-0.022256934837603493,Hippocampus,ZFM-04811,05db6d4d-cfda-4686-b485-481423912b33
19,0.95,0.2795238520917656,-0.028762905730555566,Hippocampus,ZFM-04811,05db6d4d-cfda-4686-b485-481423912b33
20,1.05,0.27026196087143306,-0.03802479695088812,Hippocampus,ZFM-04811,05db6d4d-cfda-4686-b485-481423912b33
21,1.1500000000000001,0.2653741371837288,-0.04291262063859236,Hippocampus,ZFM-04811,05db6d4d-cfda-4686-b485-481423912b33
22,1.25,0.2666990786016804,-0.04158767922064077,Hippocampus,ZFM-04811,05db6d4d-cfda-4686-b485-481423912b33
23,1.35,0.27079475220213767,-0.03749200562018351,Hippocampus,ZFM-04811,05db6d4d-cfda-4686-b485-481423912b33
24,1.4500000000000002,0.27386472704615084,-0.03442203077617034,Hippocampus,ZFM-04811,05db6d4d-cfda-4686-b485-481423912b33
25,1.55,0.275471742228517,-0.032815015593804175,Hippocampus,ZFM-04811,05db6d4d-cfda-4686-b485-481423912b33
26,1.6500000000000001,0.27834504592593734,-0.029941711896383838,Hippocampus,ZFM-04811,05db6d4d-cfda-4686-b485-481423912b33
27,1.75,0.2856704135696667,-0.022616344252654463,Hippocampus,ZFM-04811,05db6d4d-cfda-4686-b485-481423912b33
28,1.85,0.29762035488836747,-0.010666402933953711,Hippocampus,ZFM-04811,05db6d4d-cfda-4686-b485-481423912b33
29,1.9500000000000002,0.30984213053497056,0.0015553727126493833,Hippocampus,ZFM-04811,05db6d4d-cfda-4686-b485-481423912b33
30,2.05,0.31639941944655126,0.008112661624230078,Hippocampus,ZFM-04811,05db6d4d-cfda-4686-b485-481423912b33
31,2.1500000000000004,0.31523333669080056,0.0069465788684793806,Hippocampus,ZFM-04811,05db6d4d-cfda-4686-b485-481423912b33
32,2.25,0.3101348236837562,0.0018480658614350443,Hippocampus,ZFM-04811,05db6d4d-cfda-4686-b485-481423912b33
33,2.3500000000000005,0.3065355750619255,-0.0017511827603956531,Hippocampus,ZFM-04811,05db6d4d-cfda-4686-b485-481423912b33
34,2.45,0.30579071913067446,-0.002496038691646718,Hippocampus,ZFM-04811,05db6d4d-cfda-4686-b485-481423912b33
35,2.55,0.3045855037332151,-0.0037012540891060985,Hippocampus,ZFM-04811,05db6d4d-cfda-4686-b485-481423912b33
36,2.6500000000000004,0.2998062585256088,-0.008480499296712352,Hippocampus,ZFM-04811,05db6d4d-cfda-4686-b485-481423912b33
37,2.75,0.2929341185742026,-0.015352639248118582,Hippocampus,ZFM-04811,05db6d4d-cfda-4686-b485-481423912b33
38,2.8500000000000005,0.28903487619414736,-0.019251881628173817,Hippocampus,ZFM-04811,05db6d4d-cfda-4686-b485-481423912b33
39,2.95,0.29164361104982334,-0.01664314677249784,Hippocampus,ZFM-04811,05db6d4d-cfda-4686-b485-481423912b33
40,3.05,0.29914027830726075,-0.009146479515060424,Hippocampus,ZFM-04811,05db6d4d-cfda-4686-b485-481423912b33
41,3.1500000000000004,0.30630864017333703,-0.0019781176489841457,Hippocampus,ZFM-04811,05db6d4d-cfda-4686-b485-481423912b33
42,3.25,0.3090179197326709,0.0007311619103497202,Hippocampus,ZFM-04811,05db6d4d-cfda-4686-b485-481423912b33
43,3.3500000000000005,0.30749312014938923,-0.0007936376729319461,Hippocampus,ZFM-04811,05db6d4d-cfda-4686-b485-481423912b33
44,3.45,0.30532259210612167,-0.002964165716199507,Hippocampus,ZFM-04811,05db6d4d-cfda-4686-b485-481423912b33
45,3.55,0.3057165955871407,-0.002570162235180473,Hippocampus,ZFM-04811,05db6d4d-cfda-4686-b485-481423912b33
46,3.6500000000000004,0.3090161905531923,0.0007294327308711157,Hippocampus,ZFM-04811,05db6d4d-cfda-4686-b485-481423912b33
47,3.75,0.31334519395381555,0.0050584361314943704,Hippocampus,ZFM-04811,05db6d4d-cfda-4686-b485-481423912b33
48,3.8500000000000005,0.3164408391933333,0.008154081371012145,Hippocampus,ZFM-04811,05db6d4d-cfda-4686-b485-481423912b33
49,3.95,0.3163719819343598,0.008085224112038603,Hippocampus,ZFM-04811,05db6d4d-cfda-4686-b485-481423912b33
0,-0.95,0.04836819393107393,-0.008506400910050782,Thalamus,ZFM-04811,05db6d4d-cfda-4686-b485-481423912b33
1,-0.8500000000000001,0.04174036779040595,-0.015134227050718763,Thalamus,ZFM-04811,05db6d4d-cfda-4686-b485-481423912b33
2,-0.75,0.03732715383305113,-0.019547441008073582,Thalamus,ZFM-04811,05db6d4d-cfda-4686-b485-481423912b33
3,-0.6500000000000001,0.03752370812653729,-0.01935088671458742,Thalamus,ZFM-04811,05db6d4d-cfda-4686-b485-481423912b33
4,-0.55,0.0432506453976068,-0.013623949443517913,Thalamus,ZFM-04811,05db6d4d-cfda-4686-b485-481423912b33
5,-0.45,0.053803402983450155,-0.0030711918576745573,Thalamus,ZFM-04811,05db6d4d-cfda-4686-b485-481423912b33
6,-0.35000000000000003,0.06643861059748263,0.009564015756357916,Thalamus,ZFM-04811,05db6d4d-cfda-4686-b485-481423912b33
7,-0.25,0.07691135292090248,0.02003675807977777,Thalamus,ZFM-04811,05db6d4d-cfda-4686-b485-481423912b33
8,-0.15000000000000002,0.08195164618961523,0.025077051348490517,Thalamus,ZFM-04811,05db6d4d-cfda-4686-b485-481423912b33
9,-0.05,0.08143086664112156,0.02455627179999685,Thalamus,ZFM-04811,05db6d4d-cfda-4686-b485-481423912b33
10,0.05,0.07759380895578524,0.02071921411466053,Thalamus,ZFM-04811,05db6d4d-cfda-4686-b485-481423912b33
11,0.15000000000000002,0.0723605309778697,0.015485936136744982,Thalamus,ZFM-04811,05db6d4d-cfda-4686-b485-481423912b33
12,0.25,0.0660334489102477,0.009158854069122993,Thalamus,ZFM-04811,05db6d4d-cfda-4686-b485-481423912b33
13,0.35000000000000003,0.05874395387434947,0.0018693590332247573,Thalamus,ZFM-04811,05db6d4d-cfda-4686-b485-481423912b33
14,0.45,0.052140257758381645,-0.0047343370827430675,Thalamus,ZFM-04811,05db6d4d-cfda-4686-b485-481423912b33
15,0.55,0.04860525771602077,-0.008269337125103943,Thalamus,ZFM-04811,05db6d4d-cfda-4686-b485-481423912b33
16,0.6500000000000001,0.04883374834479354,-0.008040846496331175,Thalamus,ZFM-04811,05db6d4d-cfda-4686-b485-481423912b33
17,0.75,0.05113165448278302,-0.005742940358341692,Thalamus,ZFM-04811,05db6d4d-cfda-4686-b485-481423912b33
18,0.8500000000000001,0.053565384409050606,-0.0033092104320741056,Thalamus,ZFM-04811,05db6d4d-cfda-4686-b485-481423912b33
19,0.95,0.0556241410299453,-0.001250453811179414,Thalamus,ZFM-04811,05db6d4d-cfda-4686-b485-481423912b33
20,1.05,0.0569066944633281,3.2099622203386746e-05,Thalamus,ZFM-04811,05db6d4d-cfda-4686-b485-481423912b33
21,1.1500000000000001,0.05570150932686478,-0.0011730855142599306,Thalamus,ZFM-04811,05db6d4d-cfda-4686-b485-481423912b33
22,1.25,0.050587021521098896,-0.006287573320025816,Thalamus,ZFM-04811,05db6d4d-cfda-4686-b485-481423912b33
23,1.35,0.04276989768465214,-0.01410469715647257,Thalamus,ZFM-04811,05db6d4d-cfda-4686-b485-481423912b33
24,1.4500000000000002,0.035628716710284586,-0.021245878130840126,Thalamus,ZFM-04811,05db6d4d-cfda-4686-b485-481423912b33
25,1.55,0.03234880084659085,-0.024525793994533862,Thalamus,ZFM-04811,05db6d4d-cfda-4686-b485-481423912b33
26,1.6500000000000001,0.0342985112228526,-0.02257608361827211,Thalamus,ZFM-04811,05db6d4d-cfda-4686-b485-481423912b33
27,1.75,0.040617328416092204,-0.01625726642503251,Thalamus,ZFM-04811,05db6d4d-cfda-4686-b485-481423912b33
28,1.85,0.048524420323422635,-0.008350174517702078,Thalamus,ZFM-04811,05db6d4d-cfda-4686-b485-481423912b33
29,1.9500000000000002,0.05447163435079637,-0.002402960490328343,Thalamus,ZFM-04811,05db6d4d-cfda-4686-b485-481423912b33
30,2.05,0.0558178383596939,-0.0010567564814308109,Thalamus,ZFM-04811,05db6d4d-cfda-4686-b485-481423912b33
31,2.1500000000000004,0.052232983740706826,-0.004641611100417886,Thalamus,ZFM-04811,05db6d4d-cfda-4686-b485-481423912b33
32,2.25,0.046274937006378095,-0.010599657834746617,Thalamus,ZFM-04811,05db6d4d-cfda-4686-b485-481423912b33
33,2.3500000000000005,0.04245423817225802,-0.014420356668866693,Thalamus,ZFM-04811,05db6d4d-cfda-4686-b485-481423912b33
34,2.45,0.044196199781524406,-0.012678395059600306,Thalamus,ZFM-04811,05db6d4d-cfda-4686-b485-481423912b33
35,2.55,0.050552538872382466,-0.006322055968742246,Thalamus,ZFM-04811,05db6d4d-cfda-4686-b485-481423912b33
36,2.6500000000000004,0.05641801846145749,-0.0004565763796672215,Thalamus,ZFM-04811,05db6d4d-cfda-4686-b485-481423912b33
37,2.75,0.05678145160492491,-9.31432361997997e-05,Thalamus,ZFM-04811,05db6d4d-cfda-4686-b485-481423912b33
38,2.8500000000000005,0.05081986465299371,-0.006054730188131005,Thalamus,ZFM-04811,05db6d4d-cfda-4686-b485-481423912b33
39,2.95,0.041968611475757395,-0.014905983365367317,Thalamus,ZFM-04811,05db6d4d-cfda-4686-b485-481423912b33
40,3.05,0.03474229636850683,-0.022132298472617884,Thalamus,ZFM-04811,05db6d4d-cfda-4686-b485-481423912b33
41,3.1500000000000004,0.03191242386661791,-0.0249621709745068,Thalamus,ZFM-04811,05db6d4d-cfda-4686-b485-481423912b33
42,3.25,0.034182593529867744,-0.022692001311256968,Thalamus,ZFM-04811,05db6d4d-cfda-4686-b485-481423912b33
43,3.3500000000000005,0.041366139384592354,-0.015508455456532358,Thalamus,ZFM-04811,05db6d4d-cfda-4686-b485-481423912b33
44,3.45,0.0529735901197121,-0.00390100472141261,Thalamus,ZFM-04811,05db6d4d-cfda-4686-b485-481423912b33
45,3.55,0.06783017824688309,0.010955583405758376,Thalamus,ZFM-04811,05db6d4d-cfda-4686-b485-481423912b33
46,3.6500000000000004,0.0839164518159363,0.02704185697481158,Thalamus,ZFM-04811,05db6d4d-cfda-4686-b485-481423912b33
47,3.75,0.09868885744918308,0.04181426260805837,Thalamus,ZFM-04811,05db6d4d-cfda-4686-b485-481423912b33
48,3.8500000000000005,0.10936940546670143,0.05249481062557672,Thalamus,ZFM-04811,05db6d4d-cfda-4686-b485-481423912b33
49,3.95,0.11370658681634395,0.05683199197521924,Thalamus,ZFM-04811,05db6d4d-cfda-4686-b485-481423912b33
0,-0.95,0.15400871951508097,0.01334685861897214,Midbrain,ZFM-04811,e4cf7b8d-7e0e-4483-b4a5-0fa316ab7be4
1,-0.8500000000000001,0.14801054366734054,0.007348682771231713,Midbrain,ZFM-04811,e4cf7b8d-7e0e-4483-b4a5-0fa316ab7be4
2,-0.75,0.14051009163863845,-0.0001517692574703744,Midbrain,ZFM-04811,e4cf7b8d-7e0e-4483-b4a5-0fa316ab7be4
3,-0.6500000000000001,0.13325278326050483,-0.007409077635604,Midbrain,ZFM-04811,e4cf7b8d-7e0e-4483-b4a5-0fa316ab7be4
4,-0.55,0.12862975110785596,-0.012032109788252865,Midbrain,ZFM-04811,e4cf7b8d-7e0e-4483-b4a5-0fa316ab7be4
5,-0.45,0.1286690665305985,-0.011992794365510318,Midbrain,ZFM-04811,e4cf7b8d-7e0e-4483-b4a5-0fa316ab7be4
6,-0.35000000000000003,0.1332439812593301,-0.007417879636778729,Midbrain,ZFM-04811,e4cf7b8d-7e0e-4483-b4a5-0fa316ab7be4
7,-0.25,0.14003642793625753,-0.0006254329598512909,Midbrain,ZFM-04811,e4cf7b8d-7e0e-4483-b4a5-0fa316ab7be4
8,-0.15000000000000002,0.14684531438989867,0.006183453493789848,Midbrain,ZFM-04811,e4cf7b8d-7e0e-4483-b4a5-0fa316ab7be4
9,-0.05,0.15341192965558248,0.012750068759473654,Midbrain,ZFM-04811,e4cf7b8d-7e0e-4483-b4a5-0fa316ab7be4
10,0.05,0.16005625540509147,0.019394394508982643,Midbrain,ZFM-04811,e4cf7b8d-7e0e-4483-b4a5-0fa316ab7be4
11,0.15000000000000002,0.1649800021988649,0.024318141302756086,Midbrain,ZFM-04811,e4cf7b8d-7e0e-4483-b4a5-0fa316ab7be4
12,0.25,0.16471246906731296,0.024050608171204135,Midbrain,ZFM-04811,e4cf7b8d-7e0e-4483-b4a5-0fa316ab7be4
13,0.35000000000000003,0.15779823440322183,0.017136373507113,Midbrain,ZFM-04811,e4cf7b8d-7e0e-4483-b4a5-0fa316ab7be4
14,0.45,0.1468966063230418,0.006234745426932975,Midbrain,ZFM-04811,e4cf7b8d-7e0e-4483-b4a5-0fa316ab7be4
15,0.55,0.13693759041290177,-0.0037242704832070594,Midbrain,ZFM-04811,e4cf7b8d-7e0e-4483-b4a5-0fa316ab7be4
16,0.6500000000000001,0.13197687328910537,-0.008684987607003453,Midbrain,ZFM-04811,e4cf7b8d-7e0e-4483-b4a5-0fa316ab7be4
17,0.75,0.133383728775925,-0.007278132120183828,Midbrain,ZFM-04811,e4cf7b8d-7e0e-4483-b4a5-0fa316ab7be4
18,0.8500000000000001,0.13942941921626528,-0.0012324416798435434,Midbrain,ZFM-04811,e4cf7b8d-7e0e-4483-b4a5-0fa316ab7be4
19,0.95,0.14620663155945163,0.005544770663342802,Midbrain,ZFM-04811,e4cf7b8d-7e0e-4483-b4a5-0fa316ab7be4
20,1.05,0.1501005554688659,0.009438694572757061,Midbrain,ZFM-04811,e4cf7b8d-7e0e-4483-b4a5-0fa316ab7be4
21,1.1500000000000001,0.1501526283183723,0.009490767422263485,Midbrain,ZFM-04811,e4cf7b8d-7e0e-4483-b4a5-0fa316ab7be4
22,1.25,0.14781862200666046,0.007156761110551635,Midbrain,ZFM-04811,e4cf7b8d-7e0e-4483-b4a5-0fa316ab7be4
23,1.35,0.14496604759095003,0.0043041866948412,Midbrain,ZFM-04811,e4cf7b8d-7e0e-4483-b4a5-0fa316ab7be4
24,1.4500000000000002,0.14294821111271658,0.002286350216607752,Midbrain,ZFM-04811,e4cf7b8d-7e0e-4483-b4a5-0fa316ab7be4
25,1.55,0.14271553882381185,0.0020536779277030293,Midbrain,ZFM-04811,e4cf7b8d-7e0e-4483-b4a5-0fa316ab7be4
26,1.6500000000000001,0.14419812753689232,0.003536266640783492,Midbrain,ZFM-04811,e4cf7b8d-7e0e-4483-b4a5-0fa316ab7be4
27,1.75,0.1457074968327841,0.005045635936675286,Midbrain,ZFM-04811,e4cf7b8d-7e0e-4483-b4a5-0fa316ab7be4
28,1.85,0.14500856972209436,0.004346708825985535,Midbrain,ZFM-04811,e4cf7b8d-7e0e-4483-b4a5-0fa316ab7be4
29,1.9500000000000002,0.14149305328524717,0.000831192389138341,Midbrain,ZFM-04811,e4cf7b8d-7e0e-4483-b4a5-0fa316ab7be4
30,2.05,0.13723508747680319,-0.00342677341930564,Midbrain,ZFM-04811,e4cf7b8d-7e0e-4483-b4a5-0fa316ab7be4
31,2.1500000000000004,0.13541874872143017,-0.005243112174678655,Midbrain,ZFM-04811,e4cf7b8d-7e0e-4483-b4a5-0fa316ab7be4
32,2.25,0.13737469790085557,-0.003287162995253251,Midbrain,ZFM-04811,e4cf7b8d-7e0e-4483-b4a5-0fa316ab7be4
33,2.3500000000000005,0.1417143342917659,0.0010524733956570609,Midbrain,ZFM-04811,e4cf7b8d-7e0e-4483-b4a5-0fa316ab7be4
34,2.45,0.14638785697130238,0.005725996075193557,Midbrain,ZFM-04811,e4cf7b8d-7e0e-4483-b4a5-0fa316ab7be4
35,2.55,0.15060265293867237,0.00994079204256354,Midbrain,ZFM-04811,e4cf7b8d-7e0e-4483-b4a5-0fa316ab7be4
36,2.6500000000000004,0.1542125388035304,0.013550677907421566,Midbrain,ZFM-04811,e4cf7b8d-7e0e-4483-b4a5-0fa316ab7be4
37,2.75,0.15616116435939875,0.015499303463289926,Midbrain,ZFM-04811,e4cf7b8d-7e0e-4483-b4a5-0fa316ab7be4
38,2.8500000000000005,0.15477103787108665,0.014109176974977822,Midbrain,ZFM-04811,e4cf7b8d-7e0e-4483-b4a5-0fa316ab7be4
39,2.95,0.1499615421259361,0.009299681229827272,Midbrain,ZFM-04811,e4cf7b8d-7e0e-4483-b4a5-0fa316ab7be4
40,3.05,0.14443587246002132,0.003774011563912494,Midbrain,ZFM-04811,e4cf7b8d-7e0e-4483-b4a5-0fa316ab7be4
41,3.1500000000000004,0.14163689354884196,0.0009750326527331321,Midbrain,ZFM-04811,e4cf7b8d-7e0e-4483-b4a5-0fa316ab7be4
42,3.25,0.1424292859055334,0.0017674250094245614,Midbrain,ZFM-04811,e4cf7b8d-7e0e-4483-b4a5-0fa316ab7be4
43,3.3500000000000005,0.1446847592191486,0.004022898323039786,Midbrain,ZFM-04811,e4cf7b8d-7e0e-4483-b4a5-0fa316ab7be4
44,3.45,0.14627847585669207,0.005616614960583244,Midbrain,ZFM-04811,e4cf7b8d-7e0e-4483-b4a5-0fa316ab7be4
45,3.55,0.1473225597635154,0.006660698867406584,Midbrain,ZFM-04811,e4cf7b8d-7e0e-4483-b4a5-0fa316ab7be4
46,3.6500000000000004,0.14874642233639912,0.008084561440290294,Midbrain,ZFM-04811,e4cf7b8d-7e0e-4483-b4a5-0fa316ab7be4
47,3.75,0.1498723607118635,0.00921049981575467,Midbrain,ZFM-04811,e4cf7b8d-7e0e-4483-b4a5-0fa316ab7be4
48,3.8500000000000005,0.1488043067940225,0.008142445897913686,Midbrain,ZFM-04811,e4cf7b8d-7e0e-4483-b4a5-0fa316ab7be4
49,3.95,0.1447783118550032,0.004116450958894374,Midbrain,ZFM-04811,e4cf7b8d-7e0e-4483-b4a5-0fa316ab7be4
0,-0.95,0.11657959782945228,-0.02164678270501598,Striatum,ZFM-04811,e48c0695-b465-4e44-9020-2a19ecca414a
1,-0.8500000000000001,0.11728682971100948,-0.020939550823458775,Striatum,ZFM-04811,e48c0695-b465-4e44-9020-2a19ecca414a
2,-0.75,0.12482021554719004,-0.013406164987278216,Striatum,ZFM-04811,e48c0695-b465-4e44-9020-2a19ecca414a
3,-0.6500000000000001,0.13722947767578447,-0.0009969028586837847,Striatum,ZFM-04811,e48c0695-b465-4e44-9020-2a19ecca414a
4,-0.55,0.14910029429191465,0.010873913757446396,Striatum,ZFM-04811,e48c0695-b465-4e44-9020-2a19ecca414a
5,-0.45,0.15556411881438828,0.017337738279920023,Striatum,ZFM-04811,e48c0695-b465-4e44-9020-2a19ecca414a
6,-0.35000000000000003,0.15544599533336223,0.017219614798893973,Striatum,ZFM-04811,e48c0695-b465-4e44-9020-2a19ecca414a
7,-0.25,0.15036620518583768,0.012139824651369424,Striatum,ZFM-04811,e48c0695-b465-4e44-9020-2a19ecca414a
8,-0.15000000000000002,0.14243779658297162,0.004211416048503364,Striatum,ZFM-04811,e48c0695-b465-4e44-9020-2a19ecca414a
9,-0.05,0.13343327437277164,-0.00479310616169662,Striatum,ZFM-04811,e48c0695-b465-4e44-9020-2a19ecca414a
10,0.05,0.12503522964862993,-0.013191150885838332,Striatum,ZFM-04811,e48c0695-b465-4e44-9020-2a19ecca414a
11,0.15000000000000002,0.11847657524081873,-0.01974980529364953,Striatum,ZFM-04811,e48c0695-b465-4e44-9020-2a19ecca414a
12,0.25,0.11360689322576495,-0.02461948730870331,Striatum,ZFM-04811,e48c0695-b465-4e44-9020-2a19ecca414a
13,0.35000000000000003,0.10909430231972977,-0.029132078214738483,Striatum,ZFM-04811,e48c0695-b465-4e44-9020-2a19ecca414a
14,0.45,0.10432643896559737,-0.033899941568870884,Striatum,ZFM-04811,e48c0695-b465-4e44-9020-2a19ecca414a
15,0.55,0.1006334833634056,-0.037592897171062664,Striatum,ZFM-04811,e48c0695-b465-4e44-9020-2a19ecca414a
16,0.6500000000000001,0.09998587240182982,-0.038240508132638434,Striatum,ZFM-04811,e48c0695-b465-4e44-9020-2a19ecca414a
17,0.75,0.10294691324914575,-0.03527946728532251,Striatum,ZFM-04811,e48c0695-b465-4e44-9020-2a19ecca414a
18,0.8500000000000001,0.10811314770474462,-0.03011323282972364,Striatum,ZFM-04811,e48c0695-b465-4e44-9020-2a19ecca414a
19,0.95,0.11290997490277128,-0.025316405631696973,Striatum,ZFM-04811,e48c0695-b465-4e44-9020-2a19ecca414a
20,1.05,0.11536420796146629,-0.022862172573001965,Striatum,ZFM-04811,e48c0695-b465-4e44-9020-2a19ecca414a
21,1.1500000000000001,0.11613061867777379,-0.02209576185669447,Striatum,ZFM-04811,e48c0695-b465-4e44-9020-2a19ecca414a
22,1.25,0.11817773397013123,-0.020048646564337025,Striatum,ZFM-04811,e48c0695-b465-4e44-9020-2a19ecca414a
23,1.35,0.12332843456790837,-0.014897945966559883,Striatum,ZFM-04811,e48c0695-b465-4e44-9020-2a19ecca414a
24,1.4500000000000002,0.12946880639269015,-0.008757574141778107,Striatum,ZFM-04811,e48c0695-b465-4e44-9020-2a19ecca414a
25,1.55,0.1324206632996145,-0.005805717234853763,Striatum,ZFM-04811,e48c0695-b465-4e44-9020-2a19ecca414a
26,1.6500000000000001,0.13062053835837834,-0.007605842176089922,Striatum,ZFM-04811,e48c0695-b465-4e44-9020-2a19ecca414a
27,1.75,0.1267464181621472,-0.011479962372321045,Striatum,ZFM-04811,e48c0695-b465-4e44-9020-2a19ecca414a
28,1.85,0.12432371982970575,-0.01390266070476251,Striatum,ZFM-04811,e48c0695-b465-4e44-9020-2a19ecca414a
29,1.9500000000000002,0.12403747681912178,-0.01418890371534648,Striatum,ZFM-04811,e48c0695-b465-4e44-9020-2a19ecca414a
30,2.05,0.12435924740630303,-0.013867133128165232,Striatum,ZFM-04811,e48c0695-b465-4e44-9020-2a19ecca414a
31,2.1500000000000004,0.1245267704310958,-0.01369961010337245,Striatum,ZFM-04811,e48c0695-b465-4e44-9020-2a19ecca414a
32,2.25,0.1253695615674312,-0.012856818967037054,Striatum,ZFM-04811,e48c0695-b465-4e44-9020-2a19ecca414a
33,2.3500000000000005,0.12787298499469793,-0.010353395539770327,Striatum,ZFM-04811,e48c0695-b465-4e44-9020-2a19ecca414a
34,2.45,0.13246724681951433,-0.005759133714953929,Striatum,ZFM-04811,e48c0695-b465-4e44-9020-2a19ecca414a
35,2.55,0.13896208421281694,0.000735703678348687,Striatum,ZFM-04811,e48c0695-b465-4e44-9020-2a19ecca414a
36,2.6500000000000004,0.1459439372450913,0.007717556710623047,Striatum,ZFM-04811,e48c0695-b465-4e44-9020-2a19ecca414a
37,2.75,0.15066305506923755,0.012436674534769293,Striatum,ZFM-04811,e48c0695-b465-4e44-9020-2a19ecca414a
38,2.8500000000000005,0.15066670349076597,0.012440322956297711,Striatum,ZFM-04811,e48c0695-b465-4e44-9020-2a19ecca414a
39,2.95,0.1459275459971859,0.007701165462717652,Striatum,ZFM-04811,e48c0695-b465-4e44-9020-2a19ecca414a
40,3.05,0.138849955741425,0.0006235752069567446,Striatum,ZFM-04811,e48c0695-b465-4e44-9020-2a19ecca414a
41,3.1500000000000004,0.13187853310929462,-0.006347847425173636,Striatum,ZFM-04811,e48c0695-b465-4e44-9020-2a19ecca414a
42,3.25,0.12588609457773806,-0.012340285956730201,Striatum,ZFM-04811,e48c0695-b465-4e44-9020-2a19ecca414a
43,3.3500000000000005,0.12145075813852718,-0.016775622395941076,Striatum,ZFM-04811,e48c0695-b465-4e44-9020-2a19ecca414a
44,3.45,0.12035370274496601,-0.017872677789502245,Striatum,ZFM-04811,e48c0695-b465-4e44-9020-2a19ecca414a
45,3.55,0.1242923816336918,-0.013933998900776456,Striatum,ZFM-04811,e48c0695-b465-4e44-9020-2a19ecca414a
46,3.6500000000000004,0.13240532687101453,-0.005821053663453729,Striatum,ZFM-04811,e48c0695-b465-4e44-9020-2a19ecca414a
47,3.75,0.14102403484204118,0.002797654307572922,Striatum,ZFM-04811,e48c0695-b465-4e44-9020-2a19ecca414a
48,3.8500000000000005,0.14599834225286645,0.007771961718398196,Striatum,ZFM-04811,e48c0695-b465-4e44-9020-2a19ecca414a
49,3.95,0.1459436556891059,0.007717275154637632,Striatum,ZFM-04811,e48c0695-b465-4e44-9020-2a19ecca414a
0,-0.95,0.37946410631793026,-0.021119669506518446,Hippocampus,ZFM-04300,3ac05dd2-a294-4939-a837-93fe5ca543b6
1,-0.8500000000000001,0.37984368231254334,-0.020740093511905366,Hippocampus,ZFM-04300,3ac05dd2-a294-4939-a837-93fe5ca543b6
2,-0.75,0.384829133651183,-0.01575464217326572,Hippocampus,ZFM-04300,3ac05dd2-a294-4939-a837-93fe5ca543b6
3,-0.6500000000000001,0.39308127757605027,-0.007502498248398437,Hippocampus,ZFM-04300,3ac05dd2-a294-4939-a837-93fe5ca543b6
4,-0.55,0.4032155257167585,0.002631749892309798,Hippocampus,ZFM-04300,3ac05dd2-a294-4939-a837-93fe5ca543b6
5,-0.45,0.412348739926341,0.011764964101892317,Hippocampus,ZFM-04300,3ac05dd2-a294-4939-a837-93fe5ca543b6
6,-0.35000000000000003,0.4167941716657733,0.01621039584132461,Hippocampus,ZFM-04300,3ac05dd2-a294-4939-a837-93fe5ca543b6
7,-0.25,0.4154718215162535,0.014888045691804797,Hippocampus,ZFM-04300,3ac05dd2-a294-4939-a837-93fe5ca543b6
8,-0.15000000000000002,0.41138482090615613,0.010801045081707428,Hippocampus,ZFM-04300,3ac05dd2-a294-4939-a837-93fe5ca543b6
9,-0.05,0.4094044786554976,0.00882070283104891,Hippocampus,ZFM-04300,3ac05dd2-a294-4939-a837-93fe5ca543b6
10,0.05,0.41288223513137845,0.012298459306929743,Hippocampus,ZFM-04300,3ac05dd2-a294-4939-a837-93fe5ca543b6
11,0.15000000000000002,0.4217181348897404,0.021134359065291708,Hippocampus,ZFM-04300,3ac05dd2-a294-4939-a837-93fe5ca543b6
12,0.25,0.4326631099848891,0.0320793341604404,Hippocampus,ZFM-04300,3ac05dd2-a294-4939-a837-93fe5ca543b6
13,0.35000000000000003,0.4410758375297852,0.04049206170533648,Hippocampus,ZFM-04300,3ac05dd2-a294-4939-a837-93fe5ca543b6
14,0.45,0.44322571715938175,0.04264194133493304,Hippocampus,ZFM-04300,3ac05dd2-a294-4939-a837-93fe5ca543b6
15,0.55,0.438252587802982,0.03766881197853328,Hippocampus,ZFM-04300,3ac05dd2-a294-4939-a837-93fe5ca543b6
16,0.6500000000000001,0.4284883267345413,0.027904550910092585,Hippocampus,ZFM-04300,3ac05dd2-a294-4939-a837-93fe5ca543b6
17,0.75,0.4178556694549199,0.017271893630471213,Hippocampus,ZFM-04300,3ac05dd2-a294-4939-a837-93fe5ca543b6
18,0.8500000000000001,0.4090933507927671,0.00850957496831839,Hippocampus,ZFM-04300,3ac05dd2-a294-4939-a837-93fe5ca543b6
19,0.95,0.4018741194324156,0.0012903436079668706,Hippocampus,ZFM-04300,3ac05dd2-a294-4939-a837-93fe5ca543b6
20,1.05,0.39441044116622137,-0.006173334658227336,Hippocampus,ZFM-04300,3ac05dd2-a294-4939-a837-93fe5ca543b6
21,1.1500000000000001,0.3872719986023359,-0.013311777222112797,Hippocampus,ZFM-04300,3ac05dd2-a294-4939-a837-93fe5ca543b6
22,1.25,0.3839193378488327,-0.01666443797561601,Hippocampus,ZFM-04300,3ac05dd2-a294-4939-a837-93fe5ca543b6
23,1.35,0.38629796139141026,-0.014285814433038446,Hippocampus,ZFM-04300,3ac05dd2-a294-4939-a837-93fe5ca543b6
24,1.4500000000000002,0.3912315213834362,-0.009352254441012509,Hippocampus,ZFM-04300,3ac05dd2-a294-4939-a837-93fe5ca543b6
25,1.55,0.39265252066139045,-0.00793125516305826,Hippocampus,ZFM-04300,3ac05dd2-a294-4939-a837-93fe5ca543b6
26,1.6500000000000001,0.3875633272512349,-0.013020448573213828,Hippocampus,ZFM-04300,3ac05dd2-a294-4939-a837-93fe5ca543b6
27,1.75,0.3790850096804044,-0.021498766144044335,Hippocampus,ZFM-04300,3ac05dd2-a294-4939-a837-93fe5ca543b6
28,1.85,0.3730909859305016,-0.0274927898939471,Hippocampus,ZFM-04300,3ac05dd2-a294-4939-a837-93fe5ca543b6
29,1.9500000000000002,0.37252810689271826,-0.02805566893173045,Hippocampus,ZFM-04300,3ac05dd2-a294-4939-a837-93fe5ca543b6
30,2.05,0.3761854448449826,-0.024398330979466087,Hippocampus,ZFM-04300,3ac05dd2-a294-4939-a837-93fe5ca543b6
31,2.1500000000000004,0.382251252334195,-0.018332523490253716,Hippocampus,ZFM-04300,3ac05dd2-a294-4939-a837-93fe5ca543b6
32,2.25,0.3907848439593196,-0.00979893186512909,Hippocampus,ZFM-04300,3ac05dd2-a294-4939-a837-93fe5ca543b6
33,2.3500000000000005,0.4020596463291871,0.001475870504738408,Hippocampus,ZFM-04300,3ac05dd2-a294-4939-a837-93fe5ca543b6
34,2.45,0.4137753265710439,0.013191550746595171,Hippocampus,ZFM-04300,3ac05dd2-a294-4939-a837-93fe5ca543b6
35,2.55,0.4211904801374795,0.0206067043130308,Hippocampus,ZFM-04300,3ac05dd2-a294-4939-a837-93fe5ca543b6
36,2.6500000000000004,0.42044358433467915,0.019859808510230448,Hippocampus,ZFM-04300,3ac05dd2-a294-4939-a837-93fe5ca543b6
37,2.75,0.41222291600474487,0.01163914018029616,Hippocampus,ZFM-04300,3ac05dd2-a294-4939-a837-93fe5ca543b6
38,2.8500000000000005,0.4021725786794995,0.0015888028550508082,Hippocampus,ZFM-04300,3ac05dd2-a294-4939-a837-93fe5ca543b6
39,2.95,0.39682326579022387,-0.00376051003422484,Hippocampus,ZFM-04300,3ac05dd2-a294-4939-a837-93fe5ca543b6
40,3.05,0.3984193899506586,-0.0021643858737900867,Hippocampus,ZFM-04300,3ac05dd2-a294-4939-a837-93fe5ca543b6
41,3.1500000000000004,0.40353899528109827,0.0029552194566495604,Hippocampus,ZFM-04300,3ac05dd2-a294-4939-a837-93fe5ca543b6
42,3.25,0.4058618631426399,0.0052780873181911825,Hippocampus,ZFM-04300,3ac05dd2-a294-4939-a837-93fe5ca543b6
43,3.3500000000000005,0.4000726680503457,-0.0005111077741030146,Hippocampus,ZFM-04300,3ac05dd2-a294-4939-a837-93fe5ca543b6
44,3.45,0.3852918244611898,-0.015291951363258893,Hippocampus,ZFM-04300,3ac05dd2-a294-4939-a837-93fe5ca543b6
45,3.55,0.36644687759204253,-0.034136898232406176,Hippocampus,ZFM-04300,3ac05dd2-a294-4939-a837-93fe5ca543b6
46,3.6500000000000004,0.3510285818514144,-0.04955519397303432,Hippocampus,ZFM-04300,3ac05dd2-a294-4939-a837-93fe5ca543b6
47,3.75,0.34381579611557944,-0.056767979708869265,Hippocampus,ZFM-04300,3ac05dd2-a294-4939-a837-93fe5ca543b6
48,3.8500000000000005,0.3455455399988292,-0.05503823582561951,Hippocampus,ZFM-04300,3ac05dd2-a294-4939-a837-93fe5ca543b6
49,3.95,0.35510921710170884,-0.045474558722739866,Hippocampus,ZFM-04300,3ac05dd2-a294-4939-a837-93fe5ca543b6
0,-0.95,0.10918684381053159,0.007615759631195873,Midbrain,ZFM-04300,d47ad5d8-5c7e-4ec6-9a94-0d2a23033dda
1,-0.8500000000000001,0.10922370372468214,0.00765261954534642,Midbrain,ZFM-04300,d47ad5d8-5c7e-4ec6-9a94-0d2a23033dda
2,-0.75,0.10909052206333812,0.007519437884002403,Midbrain,ZFM-04300,d47ad5d8-5c7e-4ec6-9a94-0d2a23033dda
3,-0.6500000000000001,0.10720545999125695,0.005634375811921236,Midbrain,ZFM-04300,d47ad5d8-5c7e-4ec6-9a94-0d2a23033dda
4,-0.55,0.10369091093778157,0.002119826758445853,Midbrain,ZFM-04300,d47ad5d8-5c7e-4ec6-9a94-0d2a23033dda
5,-0.45,0.09955346944799698,-0.0020176147313387405,Midbrain,ZFM-04300,d47ad5d8-5c7e-4ec6-9a94-0d2a23033dda
6,-0.35000000000000003,0.09563441855297927,-0.005936665626356447,Midbrain,ZFM-04300,d47ad5d8-5c7e-4ec6-9a94-0d2a23033dda
7,-0.25,0.09295132337868284,-0.008619760800652881,Midbrain,ZFM-04300,d47ad5d8-5c7e-4ec6-9a94-0d2a23033dda
8,-0.15000000000000002,0.09294223733507015,-0.00862884684426557,Midbrain,ZFM-04300,d47ad5d8-5c7e-4ec6-9a94-0d2a23033dda
9,-0.05,0.09623195255103756,-0.0053391316282981605,Midbrain,ZFM-04300,d47ad5d8-5c7e-4ec6-9a94-0d2a23033dda
10,0.05,0.1016699224239434,9.88382446076852e-05,Midbrain,ZFM-04300,d47ad5d8-5c7e-4ec6-9a94-0d2a23033dda
11,0.15000000000000002,0.1073802383473246,0.005809154167988884,Midbrain,ZFM-04300,d47ad5d8-5c7e-4ec6-9a94-0d2a23033dda
12,0.25,0.11211159565477827,0.010540511475442549,Midbrain,ZFM-04300,d47ad5d8-5c7e-4ec6-9a94-0d2a23033dda
13,0.35000000000000003,0.11493766660135177,0.013366582422016049,Midbrain,ZFM-04300,d47ad5d8-5c7e-4ec6-9a94-0d2a23033dda
14,0.45,0.11440084180343728,0.01282975762410156,Midbrain,ZFM-04300,d47ad5d8-5c7e-4ec6-9a94-0d2a23033dda
15,0.55,0.10928270686693362,0.007711622687597897,Midbrain,ZFM-04300,d47ad5d8-5c7e-4ec6-9a94-0d2a23033dda
16,0.6500000000000001,0.10055027143147077,-0.0010208127478649465,Midbrain,ZFM-04300,d47ad5d8-5c7e-4ec6-9a94-0d2a23033dda
17,0.75,0.09184449469356235,-0.009726589485773374,Midbrain,ZFM-04300,d47ad5d8-5c7e-4ec6-9a94-0d2a23033dda
18,0.8500000000000001,0.08748727806075164,-0.014083806118584077,Midbrain,ZFM-04300,d47ad5d8-5c7e-4ec6-9a94-0d2a23033dda
19,0.95,0.08987837114848019,-0.011692713030855534,Midbrain,ZFM-04300,d47ad5d8-5c7e-4ec6-9a94-0d2a23033dda
20,1.05,0.09842609772549701,-0.003144986453838705,Midbrain,ZFM-04300,d47ad5d8-5c7e-4ec6-9a94-0d2a23033dda
21,1.1500000000000001,0.11022617473491692,0.008655090555581196,Midbrain,ZFM-04300,d47ad5d8-5c7e-4ec6-9a94-0d2a23033dda
22,1.25,0.12146169853754964,0.019890614358213918,Midbrain,ZFM-04300,d47ad5d8-5c7e-4ec6-9a94-0d2a23033dda
23,1.35,0.12868599610321324,0.02711491192387752,Midbrain,ZFM-04300,d47ad5d8-5c7e-4ec6-9a94-0d2a23033dda
24,1.4500000000000002,0.12978097270114908,0.02820988852181336,Midbrain,ZFM-04300,d47ad5d8-5c7e-4ec6-9a94-0d2a23033dda
25,1.55,0.12482607375639787,0.023254989577062152,Midbrain,ZFM-04300,d47ad5d8-5c7e-4ec6-9a94-0d2a23033dda
26,1.6500000000000001,0.11654671741521447,0.01497563323587875,Midbrain,ZFM-04300,d47ad5d8-5c7e-4ec6-9a94-0d2a23033dda
27,1.75,0.10945979965960367,0.007888715480267955,Midbrain,ZFM-04300,d47ad5d8-5c7e-4ec6-9a94-0d2a23033dda
28,1.85,0.10734179137921912,0.005770707199883401,Midbrain,ZFM-04300,d47ad5d8-5c7e-4ec6-9a94-0d2a23033dda
29,1.9500000000000002,0.1104703503428768,0.008899266163541086,Midbrain,ZFM-04300,d47ad5d8-5c7e-4ec6-9a94-0d2a23033dda
30,2.05,0.11536161895173962,0.013790534772403898,Midbrain,ZFM-04300,d47ad5d8-5c7e-4ec6-9a94-0d2a23033dda
31,2.1500000000000004,0.11796487876296116,0.016393794583625443,Midbrain,ZFM-04300,d47ad5d8-5c7e-4ec6-9a94-0d2a23033dda
32,2.25,0.11700222522608794,0.015431141046752223,Midbrain,ZFM-04300,d47ad5d8-5c7e-4ec6-9a94-0d2a23033dda
33,2.3500000000000005,0.1136636622933601,0.01209257811402438,Midbrain,ZFM-04300,d47ad5d8-5c7e-4ec6-9a94-0d2a23033dda
34,2.45,0.109204568352674,0.007633484173338284,Midbrain,ZFM-04300,d47ad5d8-5c7e-4ec6-9a94-0d2a23033dda
35,2.55,0.10466986798350822,0.0030987838041725,Midbrain,ZFM-04300,d47ad5d8-5c7e-4ec6-9a94-0d2a23033dda
36,2.6500000000000004,0.10215678908933656,0.0005857049100008449,Midbrain,ZFM-04300,d47ad5d8-5c7e-4ec6-9a94-0d2a23033dda
37,2.75,0.10379243294731191,0.0022213487679761945,Midbrain,ZFM-04300,d47ad5d8-5c7e-4ec6-9a94-0d2a23033dda
38,2.8500000000000005,0.1092561990464796,0.007685114867143877,Midbrain,ZFM-04300,d47ad5d8-5c7e-4ec6-9a94-0d2a23033dda
39,2.95,0.11603958131002784,0.01446849713069212,Midbrain,ZFM-04300,d47ad5d8-5c7e-4ec6-9a94-0d2a23033dda
40,3.05,0.1217737860194699,0.020202701840134188,Midbrain,ZFM-04300,d47ad5d8-5c7e-4ec6-9a94-0d2a23033dda
41,3.1500000000000004,0.12474217789463513,0.023171093715299407,Midbrain,ZFM-04300,d47ad5d8-5c7e-4ec6-9a94-0d2a23033dda
42,3.25,0.12346489119856978,0.02189380701923406,Midbrain,ZFM-04300,d47ad5d8-5c7e-4ec6-9a94-0d2a23033dda
43,3.3500000000000005,0.11836673646625787,0.016795652286922147,Midbrain,ZFM-04300,d47ad5d8-5c7e-4ec6-9a94-0d2a23033dda
44,3.45,0.11305910981160758,0.011488025632271859,Midbrain,ZFM-04300,d47ad5d8-5c7e-4ec6-9a94-0d2a23033dda
45,3.55,0.11160133254713914,0.010030248367803418,Midbrain,ZFM-04300,d47ad5d8-5c7e-4ec6-9a94-0d2a23033dda
46,3.6500000000000004,0.11440990903933367,0.012838824859997947,Midbrain,ZFM-04300,d47ad5d8-5c7e-4ec6-9a94-0d2a23033dda
47,3.75,0.11821214608509326,0.016641061905757537,Midbrain,ZFM-04300,d47ad5d8-5c7e-4ec6-9a94-0d2a23033dda
48,3.8500000000000005,0.1201321550301888,0.01856107085085308,Midbrain,ZFM-04300,d47ad5d8-5c7e-4ec6-9a94-0d2a23033dda
49,3.95,0.12075407198036647,0.019182987801030754,Midbrain,ZFM-04300,d47ad5d8-5c7e-4ec6-9a94-0d2a23033dda
0,-0.95,0.06386784524342884,0.009399182136760234,Amygdala,ZFM-04300,ea75c815-b3d8-4612-89e7-4b25cfec110d
1,-0.8500000000000001,0.06166821768836633,0.007199554581697722,Amygdala,ZFM-04300,ea75c815-b3d8-4612-89e7-4b25cfec110d
2,-0.75,0.055295104956243644,0.0008264418495750395,Amygdala,ZFM-04300,ea75c815-b3d8-4612-89e7-4b25cfec110d
3,-0.6500000000000001,0.047830221864793104,-0.006638441241875501,Amygdala,ZFM-04300,ea75c815-b3d8-4612-89e7-4b25cfec110d
4,-0.55,0.04307848112078821,-0.011390181985880397,Amygdala,ZFM-04300,ea75c815-b3d8-4612-89e7-4b25cfec110d
5,-0.45,0.042710371776617906,-0.0117582913300507,Amygdala,ZFM-04300,ea75c815-b3d8-4612-89e7-4b25cfec110d
6,-0.35000000000000003,0.046060344074599684,-0.008408319032068921,Amygdala,ZFM-04300,ea75c815-b3d8-4612-89e7-4b25cfec110d
7,-0.25,0.05215568097167929,-0.0023129821349893165,Amygdala,ZFM-04300,ea75c815-b3d8-4612-89e7-4b25cfec110d
8,-0.15000000000000002,0.06082135501050909,0.006352691903840482,Amygdala,ZFM-04300,ea75c815-b3d8-4612-89e7-4b25cfec110d
9,-0.05,0.07119900835965992,0.016730345252991316,Amygdala,ZFM-04300,ea75c815-b3d8-4612-89e7-4b25cfec110d
10,0.05,0.08005066299732862,0.025581999890660012,Amygdala,ZFM-04300,ea75c815-b3d8-4612-89e7-4b25cfec110d
11,0.15000000000000002,0.08317784015687306,0.028709177050204454,Amygdala,ZFM-04300,ea75c815-b3d8-4612-89e7-4b25cfec110d
12,0.25,0.07883272714544784,0.024364064038779235,Amygdala,ZFM-04300,ea75c815-b3d8-4612-89e7-4b25cfec110d
13,0.35000000000000003,0.06898108503597929,0.014512421929310682,Amygdala,ZFM-04300,ea75c815-b3d8-4612-89e7-4b25cfec110d
14,0.45,0.05738511280719805,0.0029164497005294485,Amygdala,ZFM-04300,ea75c815-b3d8-4612-89e7-4b25cfec110d
15,0.55,0.0471712440559369,-0.007297419050731703,Amygdala,ZFM-04300,ea75c815-b3d8-4612-89e7-4b25cfec110d
16,0.6500000000000001,0.03990535271159411,-0.014563310395074497,Amygdala,ZFM-04300,ea75c815-b3d8-4612-89e7-4b25cfec110d
17,0.75,0.03595994220864739,-0.018508720898021212,Amygdala,ZFM-04300,ea75c815-b3d8-4612-89e7-4b25cfec110d
18,0.8500000000000001,0.03502314761902458,-0.019445515487644026,Amygdala,ZFM-04300,ea75c815-b3d8-4612-89e7-4b25cfec110d
19,0.95,0.03611512517270726,-0.018353537933961342,Amygdala,ZFM-04300,ea75c815-b3d8-4612-89e7-4b25cfec110d
20,1.05,0.03755365260705294,-0.016915010499615662,Amygdala,ZFM-04300,ea75c815-b3d8-4612-89e7-4b25cfec110d
21,1.1500000000000001,0.03772061076130838,-0.016748052345360226,Amygdala,ZFM-04300,ea75c815-b3d8-4612-89e7-4b25cfec110d
22,1.25,0.036476851822871706,-0.0179918112837969,Amygdala,ZFM-04300,ea75c815-b3d8-4612-89e7-4b25cfec110d
23,1.35,0.035717262266529146,-0.01875140084013946,Amygdala,ZFM-04300,ea75c815-b3d8-4612-89e7-4b25cfec110d
24,1.4500000000000002,0.03811242963641934,-0.016356233470249268,Amygdala,ZFM-04300,ea75c815-b3d8-4612-89e7-4b25cfec110d
25,1.55,0.04487636865404675,-0.009592294452621858,Amygdala,ZFM-04300,ea75c815-b3d8-4612-89e7-4b25cfec110d
26,1.6500000000000001,0.05457791631668152,0.00010925321001291344,Amygdala,ZFM-04300,ea75c815-b3d8-4612-89e7-4b25cfec110d
27,1.75,0.06405067496114153,0.009582011854472924,Amygdala,ZFM-04300,ea75c815-b3d8-4612-89e7-4b25cfec110d
28,1.85,0.07018352319867387,0.01571486009200526,Amygdala,ZFM-04300,ea75c815-b3d8-4612-89e7-4b25cfec110d
29,1.9500000000000002,0.07095764156028744,0.01648897845361884,Amygdala,ZFM-04300,ea75c815-b3d8-4612-89e7-4b25cfec110d
30,2.05,0.06611734384878878,0.01164868074212018,Amygdala,ZFM-04300,ea75c815-b3d8-4612-89e7-4b25cfec110d
31,2.1500000000000004,0.05780057255530001,0.003331909448631404,Amygdala,ZFM-04300,ea75c815-b3d8-4612-89e7-4b25cfec110d
32,2.25,0.04956810035329879,-0.004900562753369815,Amygdala,ZFM-04300,ea75c815-b3d8-4612-89e7-4b25cfec110d
33,2.3500000000000005,0.04397195445942068,-0.010496708647247922,Amygdala,ZFM-04300,ea75c815-b3d8-4612-89e7-4b25cfec110d
34,2.45,0.04152294498631011,-0.012945718120358496,Amygdala,ZFM-04300,ea75c815-b3d8-4612-89e7-4b25cfec110d
35,2.55,0.041870798491946484,-0.01259786461472212,Amygdala,ZFM-04300,ea75c815-b3d8-4612-89e7-4b25cfec110d
36,2.6500000000000004,0.044606471996512645,-0.00986219111015596,Amygdala,ZFM-04300,ea75c815-b3d8-4612-89e7-4b25cfec110d
37,2.75,0.04867616475353703,-0.005792498353131573,Amygdala,ZFM-04300,ea75c815-b3d8-4612-89e7-4b25cfec110d
38,2.8500000000000005,0.05222717566459976,-0.002241487442068847,Amygdala,ZFM-04300,ea75c815-b3d8-4612-89e7-4b25cfec110d
39,2.95,0.0537516655727593,-0.0007169975339093027,Amygdala,ZFM-04300,ea75c815-b3d8-4612-89e7-4b25cfec110d
40,3.05,0.053174074382739495,-0.0012945887239291104,Amygdala,ZFM-04300,ea75c815-b3d8-4612-89e7-4b25cfec110d
41,3.1500000000000004,0.05182000149919254,-0.002648661607476066,Amygdala,ZFM-04300,ea75c815-b3d8-4612-89e7-4b25cfec110d
42,3.25,0.051461797293081785,-0.0030068658135868204,Amygdala,ZFM-04300,ea75c815-b3d8-4612-89e7-4b25cfec110d
43,3.3500000000000005,0.052957629960454534,-0.0015110331462140705,Amygdala,ZFM-04300,ea75c815-b3d8-4612-89e7-4b25cfec110d
44,3.45,0.05542200613812461,0.0009533430314560068,Amygdala,ZFM-04300,ea75c815-b3d8-4612-89e7-4b25cfec110d
45,3.55,0.057255216625988474,0.002786553519319869,Amygdala,ZFM-04300,ea75c815-b3d8-4612-89e7-4b25cfec110d
46,3.6500000000000004,0.05844302270992335,0.0039743596032547485,Amygdala,ZFM-04300,ea75c815-b3d8-4612-89e7-4b25cfec110d
47,3.75,0.06080034695798371,0.006331683851315106,Amygdala,ZFM-04300,ea75c815-b3d8-4612-89e7-4b25cfec110d
48,3.8500000000000005,0.06492288467837906,0.010454221571710456,Amygdala,ZFM-04300,ea75c815-b3d8-4612-89e7-4b25cfec110d
49,3.95,0.06809444733605775,0.013625784229389148,Amygdala,ZFM-04300,ea75c815-b3d8-4612-89e7-4b25cfec110d
0,-0.95,0.20501521468151568,0.004527254020467247,Hippocampus,ZFM-04300,ea75c815-b3d8-4612-89e7-4b25cfec110d
1,-0.8500000000000001,0.20468452568798845,0.004196565026940019,Hippocampus,ZFM-04300,ea75c815-b3d8-4612-89e7-4b25cfec110d
2,-0.75,0.20423608133897397,0.0037481206779255427,Hippocampus,ZFM-04300,ea75c815-b3d8-4612-89e7-4b25cfec110d
3,-0.6500000000000001,0.20217375270241317,0.0016857920413647365,Hippocampus,ZFM-04300,ea75c815-b3d8-4612-89e7-4b25cfec110d
4,-0.55,0.19836252601434867,-0.0021254346466997587,Hippocampus,ZFM-04300,ea75c815-b3d8-4612-89e7-4b25cfec110d
5,-0.45,0.19476300810179428,-0.005724952559254148,Hippocampus,ZFM-04300,ea75c815-b3d8-4612-89e7-4b25cfec110d
6,-0.35000000000000003,0.1936505600457929,-0.0068374006152555344,Hippocampus,ZFM-04300,ea75c815-b3d8-4612-89e7-4b25cfec110d
7,-0.25,0.19573349853841965,-0.004754462122628783,Hippocampus,ZFM-04300,ea75c815-b3d8-4612-89e7-4b25cfec110d
8,-0.15000000000000002,0.2002519052634137,-0.00023605539763474348,Hippocampus,ZFM-04300,ea75c815-b3d8-4612-89e7-4b25cfec110d
9,-0.05,0.206008534235824,0.005520573574775561,Hippocampus,ZFM-04300,ea75c815-b3d8-4612-89e7-4b25cfec110d
10,0.05,0.21137002601490498,0.010882065353856551,Hippocampus,ZFM-04300,ea75c815-b3d8-4612-89e7-4b25cfec110d
11,0.15000000000000002,0.21359045695740012,0.013102496296351684,Hippocampus,ZFM-04300,ea75c815-b3d8-4612-89e7-4b25cfec110d
12,0.25,0.2098543081411543,0.009366347480105869,Hippocampus,ZFM-04300,ea75c815-b3d8-4612-89e7-4b25cfec110d
13,0.35000000000000003,0.20001723242112368,-0.0004707282399247503,Hippocampus,ZFM-04300,ea75c815-b3d8-4612-89e7-4b25cfec110d
14,0.45,0.18734803902588926,-0.013139921635159174,Hippocampus,ZFM-04300,ea75c815-b3d8-4612-89e7-4b25cfec110d
15,0.55,0.17581480735602856,-0.024673153305019874,Hippocampus,ZFM-04300,ea75c815-b3d8-4612-89e7-4b25cfec110d
16,0.6500000000000001,0.16806629376020085,-0.03242166690084758,Hippocampus,ZFM-04300,ea75c815-b3d8-4612-89e7-4b25cfec110d
17,0.75,0.16644624710024575,-0.03404171356080268,Hippocampus,ZFM-04300,ea75c815-b3d8-4612-89e7-4b25cfec110d
18,0.8500000000000001,0.17355474297965823,-0.026933217681390204,Hippocampus,ZFM-04300,ea75c815-b3d8-4612-89e7-4b25cfec110d
19,0.95,0.1899967497122172,-0.010491210948831237,Hippocampus,ZFM-04300,ea75c815-b3d8-4612-89e7-4b25cfec110d
20,1.05,0.2120618437292091,0.011573883068160679,Hippocampus,ZFM-04300,ea75c815-b3d8-4612-89e7-4b25cfec110d
21,1.1500000000000001,0.2323528118874291,0.031864851226380664,Hippocampus,ZFM-04300,ea75c815-b3d8-4612-89e7-4b25cfec110d
22,1.25,0.24331407367615396,0.04282611301510553,Hippocampus,ZFM-04300,ea75c815-b3d8-4612-89e7-4b25cfec110d
23,1.35,0.24127178619373,0.04078382553268156,Hippocampus,ZFM-04300,ea75c815-b3d8-4612-89e7-4b25cfec110d
24,1.4500000000000002,0.22824452075342958,0.027756560092381144,Hippocampus,ZFM-04300,ea75c815-b3d8-4612-89e7-4b25cfec110d
25,1.55,0.21029846164375554,0.00981050098270711,Hippocampus,ZFM-04300,ea75c815-b3d8-4612-89e7-4b25cfec110d
26,1.6500000000000001,0.1941945291898391,-0.0062934314712093375,Hippocampus,ZFM-04300,ea75c815-b3d8-4612-89e7-4b25cfec110d
27,1.75,0.1847303553583851,-0.01575760530266332,Hippocampus,ZFM-04300,ea75c815-b3d8-4612-89e7-4b25cfec110d
28,1.85,0.18345788126421925,-0.017030079396829184,Hippocampus,ZFM-04300,ea75c815-b3d8-4612-89e7-4b25cfec110d
29,1.9500000000000002,0.18894137853625692,-0.01154658212479151,Hippocampus,ZFM-04300,ea75c815-b3d8-4612-89e7-4b25cfec110d
30,2.05,0.19831939671248472,-0.002168563948563712,Hippocampus,ZFM-04300,ea75c815-b3d8-4612-89e7-4b25cfec110d
31,2.1500000000000004,0.20833508395480008,0.007847123293751646,Hippocampus,ZFM-04300,ea75c815-b3d8-4612-89e7-4b25cfec110d
32,2.25,0.21558063160960217,0.015092670948553738,Hippocampus,ZFM-04300,ea75c815-b3d8-4612-89e7-4b25cfec110d
33,2.3500000000000005,0.2178857323729225,0.017397771711874066,Hippocampus,ZFM-04300,ea75c815-b3d8-4612-89e7-4b25cfec110d
34,2.45,0.2160106666658082,0.015522706004759773,Hippocampus,ZFM-04300,ea75c815-b3d8-4612-89e7-4b25cfec110d
35,2.55,0.21242526761878194,0.011937306957733512,Hippocampus,ZFM-04300,ea75c815-b3d8-4612-89e7-4b25cfec110d
36,2.6500000000000004,0.20842352785091184,0.007935567189863407,Hippocampus,ZFM-04300,ea75c815-b3d8-4612-89e7-4b25cfec110d
37,2.75,0.20365587995053122,0.00316791928948279,Hippocampus,ZFM-04300,ea75c815-b3d8-4612-89e7-4b25cfec110d
38,2.8500000000000005,0.1980070315092731,-0.002480929151775335,Hippocampus,ZFM-04300,ea75c815-b3d8-4612-89e7-4b25cfec110d
39,2.95,0.1926386070531752,-0.007849353607873227,Hippocampus,ZFM-04300,ea75c815-b3d8-4612-89e7-4b25cfec110d
40,3.05,0.1891984808490736,-0.01128947981197484,Hippocampus,ZFM-04300,ea75c815-b3d8-4612-89e7-4b25cfec110d
41,3.1500000000000004,0.18835739501191628,-0.012130565649132147,Hippocampus,ZFM-04300,ea75c815-b3d8-4612-89e7-4b25cfec110d
42,3.25,0.18909560403318781,-0.011392356627860617,Hippocampus,ZFM-04300,ea75c815-b3d8-4612-89e7-4b25cfec110d
43,3.3500000000000005,0.1895550725272247,-0.010932888133823732,Hippocampus,ZFM-04300,ea75c815-b3d8-4612-89e7-4b25cfec110d
44,3.45,0.1883494661423154,-0.012138494518733028,Hippocampus,ZFM-04300,ea75c815-b3d8-4612-89e7-4b25cfec110d
45,3.55,0.18475059455087184,-0.015737366110176593,Hippocampus,ZFM-04300,ea75c815-b3d8-4612-89e7-4b25cfec110d
46,3.6500000000000004,0.17879145210750175,-0.021696508553546684,Hippocampus,ZFM-04300,ea75c815-b3d8-4612-89e7-4b25cfec110d
47,3.75,0.1724274952636048,-0.02806046539744364,Hippocampus,ZFM-04300,ea75c815-b3d8-4612-89e7-4b25cfec110d
48,3.8500000000000005,0.16965629482289346,-0.03083166583815497,Hippocampus,ZFM-04300,ea75c815-b3d8-4612-89e7-4b25cfec110d
49,3.95,0.17361651204726755,-0.02687144861378088,Hippocampus,ZFM-04300,ea75c815-b3d8-4612-89e7-4b25cfec110d
0,-0.95,0.04975245143444922,-0.0019801471933780512,Midbrain,ZFM-04300,3c2e0334-d7d7-4843-a43b-bd71758c7d33
1,-0.8500000000000001,0.04772339014657667,-0.004009208481250602,Midbrain,ZFM-04300,3c2e0334-d7d7-4843-a43b-bd71758c7d33
2,-0.75,0.045350651278624365,-0.006381947349202909,Midbrain,ZFM-04300,3c2e0334-d7d7-4843-a43b-bd71758c7d33
3,-0.6500000000000001,0.04561156601056279,-0.006121032617264481,Midbrain,ZFM-04300,3c2e0334-d7d7-4843-a43b-bd71758c7d33
4,-0.55,0.049043662484371024,-0.0026889361434562498,Midbrain,ZFM-04300,3c2e0334-d7d7-4843-a43b-bd71758c7d33
5,-0.45,0.05321570935264357,0.001483110724816293,Midbrain,ZFM-04300,3c2e0334-d7d7-4843-a43b-bd71758c7d33
6,-0.35000000000000003,0.05559533632162724,0.003862737693799967,Midbrain,ZFM-04300,3c2e0334-d7d7-4843-a43b-bd71758c7d33
7,-0.25,0.056236195246950886,0.004503596619123612,Midbrain,ZFM-04300,3c2e0334-d7d7-4843-a43b-bd71758c7d33
8,-0.15000000000000002,0.056807461200464975,0.005074862572637701,Midbrain,ZFM-04300,3c2e0334-d7d7-4843-a43b-bd71758c7d33
9,-0.05,0.057989562802001925,0.006256964174174651,Midbrain,ZFM-04300,3c2e0334-d7d7-4843-a43b-bd71758c7d33
10,0.05,0.059206401822091324,0.00747380319426405,Midbrain,ZFM-04300,3c2e0334-d7d7-4843-a43b-bd71758c7d33
11,0.15000000000000002,0.060037361223613125,0.008304762595785851,Midbrain,ZFM-04300,3c2e0334-d7d7-4843-a43b-bd71758c7d33
12,0.25,0.060263141715757716,0.008530543087930442,Midbrain,ZFM-04300,3c2e0334-d7d7-4843-a43b-bd71758c7d33
13,0.35000000000000003,0.059134132940617534,0.00740153431279026,Midbrain,ZFM-04300,3c2e0334-d7d7-4843-a43b-bd71758c7d33
14,0.45,0.05626688154220902,0.0045342829143817445,Midbrain,ZFM-04300,3c2e0334-d7d7-4843-a43b-bd71758c7d33
15,0.55,0.05317205744095985,0.0014394588131325728,Midbrain,ZFM-04300,3c2e0334-d7d7-4843-a43b-bd71758c7d33
16,0.6500000000000001,0.05251292066015513,0.0007803220323278556,Midbrain,ZFM-04300,3c2e0334-d7d7-4843-a43b-bd71758c7d33
17,0.75,0.05562299583912634,0.0038903972112990653,Midbrain,ZFM-04300,3c2e0334-d7d7-4843-a43b-bd71758c7d33
18,0.8500000000000001,0.06130237808714441,0.009569779459317133,Midbrain,ZFM-04300,3c2e0334-d7d7-4843-a43b-bd71758c7d33
19,0.95,0.06702023468852988,0.01528763606070261,Midbrain,ZFM-04300,3c2e0334-d7d7-4843-a43b-bd71758c7d33
20,1.05,0.07105851616437055,0.019325917536543273,Midbrain,ZFM-04300,3c2e0334-d7d7-4843-a43b-bd71758c7d33
21,1.1500000000000001,0.07352404314493642,0.021791444517109147,Midbrain,ZFM-04300,3c2e0334-d7d7-4843-a43b-bd71758c7d33
22,1.25,0.07534413482330111,0.02361153619547384,Midbrain,ZFM-04300,3c2e0334-d7d7-4843-a43b-bd71758c7d33
23,1.35,0.07667255999391526,0.024939961366087983,Midbrain,ZFM-04300,3c2e0334-d7d7-4843-a43b-bd71758c7d33
24,1.4500000000000002,0.076817240102828,0.02508464147500073,Midbrain,ZFM-04300,3c2e0334-d7d7-4843-a43b-bd71758c7d33
25,1.55,0.07551358280759499,0.023780984179767713,Midbrain,ZFM-04300,3c2e0334-d7d7-4843-a43b-bd71758c7d33
26,1.6500000000000001,0.073590737861401,0.02185813923357372,Midbrain,ZFM-04300,3c2e0334-d7d7-4843-a43b-bd71758c7d33
27,1.75,0.0722649386415042,0.020532340013676924,Midbrain,ZFM-04300,3c2e0334-d7d7-4843-a43b-bd71758c7d33
28,1.85,0.07199815836073117,0.0202655597329039,Midbrain,ZFM-04300,3c2e0334-d7d7-4843-a43b-bd71758c7d33
29,1.9500000000000002,0.07197284809471749,0.020240249466890216,Midbrain,ZFM-04300,3c2e0334-d7d7-4843-a43b-bd71758c7d33
30,2.05,0.07064996287623822,0.018917364248410944,Midbrain,ZFM-04300,3c2e0334-d7d7-4843-a43b-bd71758c7d33
31,2.1500000000000004,0.0671560196110936,0.01542342098326633,Midbrain,ZFM-04300,3c2e0334-d7d7-4843-a43b-bd71758c7d33
32,2.25,0.06215268171633535,0.01042008308850808,Midbrain,ZFM-04300,3c2e0334-d7d7-4843-a43b-bd71758c7d33
33,2.3500000000000005,0.05722307319182215,0.005490474563994874,Midbrain,ZFM-04300,3c2e0334-d7d7-4843-a43b-bd71758c7d33
34,2.45,0.053574187210898745,0.0018415885830714712,Midbrain,ZFM-04300,3c2e0334-d7d7-4843-a43b-bd71758c7d33
35,2.55,0.05160464045675124,-0.00012795817107603275,Midbrain,ZFM-04300,3c2e0334-d7d7-4843-a43b-bd71758c7d33
36,2.6500000000000004,0.051454365527926996,-0.0002782330999002783,Midbrain,ZFM-04300,3c2e0334-d7d7-4843-a43b-bd71758c7d33
37,2.75,0.05329707276963329,0.0015644741418060146,Midbrain,ZFM-04300,3c2e0334-d7d7-4843-a43b-bd71758c7d33
38,2.8500000000000005,0.05671575831282827,0.004983159685000994,Midbrain,ZFM-04300,3c2e0334-d7d7-4843-a43b-bd71758c7d33
39,2.95,0.060216120968738726,0.008483522340911452,Midbrain,ZFM-04300,3c2e0334-d7d7-4843-a43b-bd71758c7d33
40,3.05,0.062080284077844966,0.010347685450017692,Midbrain,ZFM-04300,3c2e0334-d7d7-4843-a43b-bd71758c7d33
41,3.1500000000000004,0.062103977667344004,0.01037137903951673,Midbrain,ZFM-04300,3c2e0334-d7d7-4843-a43b-bd71758c7d33
42,3.25,0.06212960658043811,0.010397007952610837,Midbrain,ZFM-04300,3c2e0334-d7d7-4843-a43b-bd71758c7d33
43,3.3500000000000005,0.06409111616813086,0.012358517540303586,Midbrain,ZFM-04300,3c2e0334-d7d7-4843-a43b-bd71758c7d33
44,3.45,0.06756735571762225,0.015834757089794975,Midbrain,ZFM-04300,3c2e0334-d7d7-4843-a43b-bd71758c7d33
45,3.55,0.07012907817064215,0.018396479542814877,Midbrain,ZFM-04300,3c2e0334-d7d7-4843-a43b-bd71758c7d33
46,3.6500000000000004,0.07006091918776017,0.018328320559932894,Midbrain,ZFM-04300,3c2e0334-d7d7-4843-a43b-bd71758c7d33
47,3.75,0.06761950041764757,0.015886901789820294,Midbrain,ZFM-04300,3c2e0334-d7d7-4843-a43b-bd71758c7d33
48,3.8500000000000005,0.06356931832207784,0.011836719694250562,Midbrain,ZFM-04300,3c2e0334-d7d7-4843-a43b-bd71758c7d33
49,3.95,0.058153402524295544,0.00642080389646827,Midbrain,ZFM-04300,3c2e0334-d7d7-4843-a43b-bd71758c7d33
0,-0.95,0.25599748642544434,0.015956254690465466,Hippocampus,ZFM-04300,6b68ff0d-9014-4a81-b2c2-915ddfdba3a3
1,-0.8500000000000001,0.2641782937179543,0.02413706198297544,Hippocampus,ZFM-04300,6b68ff0d-9014-4a81-b2c2-915ddfdba3a3
2,-0.75,0.2660572360683844,0.026016004333405507,Hippocampus,ZFM-04300,6b68ff0d-9014-4a81-b2c2-915ddfdba3a3
3,-0.6500000000000001,0.25991112904343716,0.019869897308458284,Hippocampus,ZFM-04300,6b68ff0d-9014-4a81-b2c2-915ddfdba3a3
4,-0.55,0.24774074325310871,0.007699511518129837,Hippocampus,ZFM-04300,6b68ff0d-9014-4a81-b2c2-915ddfdba3a3
5,-0.45,0.23398817419971502,-0.006053057535263862,Hippocampus,ZFM-04300,6b68ff0d-9014-4a81-b2c2-915ddfdba3a3
6,-0.35000000000000003,0.223120531365724,-0.016920700369254887,Hippocampus,ZFM-04300,6b68ff0d-9014-4a81-b2c2-915ddfdba3a3
7,-0.25,0.21727678469651024,-0.022764447038468638,Hippocampus,ZFM-04300,6b68ff0d-9014-4a81-b2c2-915ddfdba3a3
8,-0.15000000000000002,0.21562221794017877,-0.024419013794800104,Hippocampus,ZFM-04300,6b68ff0d-9014-4a81-b2c2-915ddfdba3a3
9,-0.05,0.21651972063933167,-0.023521511095647207,Hippocampus,ZFM-04300,6b68ff0d-9014-4a81-b2c2-915ddfdba3a3
10,0.05,0.22016889594788686,-0.01987233578709202,Hippocampus,ZFM-04300,6b68ff0d-9014-4a81-b2c2-915ddfdba3a3
11,0.15000000000000002,0.2277513503875031,-0.012289881347475773,Hippocampus,ZFM-04300,6b68ff0d-9014-4a81-b2c2-915ddfdba3a3
12,0.25,0.23791347076661845,-0.002127760968360426,Hippocampus,ZFM-04300,6b68ff0d-9014-4a81-b2c2-915ddfdba3a3
13,0.35000000000000003,0.2462125365345403,0.006171304799561433,Hippocampus,ZFM-04300,6b68ff0d-9014-4a81-b2c2-915ddfdba3a3
14,0.45,0.2494826372052728,0.009441405470293929,Hippocampus,ZFM-04300,6b68ff0d-9014-4a81-b2c2-915ddfdba3a3
15,0.55,0.24903283975819515,0.008991608023216274,Hippocampus,ZFM-04300,6b68ff0d-9014-4a81-b2c2-915ddfdba3a3
16,0.6500000000000001,0.24774453335532087,0.007703301620341996,Hippocampus,ZFM-04300,6b68ff0d-9014-4a81-b2c2-915ddfdba3a3
17,0.75,0.24555227739668353,0.0055110456617046555,Hippocampus,ZFM-04300,6b68ff0d-9014-4a81-b2c2-915ddfdba3a3
18,0.8500000000000001,0.24016019350272066,0.00011896176774178757,Hippocampus,ZFM-04300,6b68ff0d-9014-4a81-b2c2-915ddfdba3a3
19,0.95,0.23157254130421462,-0.008468690430764259,Hippocampus,ZFM-04300,6b68ff0d-9014-4a81-b2c2-915ddfdba3a3
20,1.05,0.22392012751966256,-0.016121104215316318,Hippocampus,ZFM-04300,6b68ff0d-9014-4a81-b2c2-915ddfdba3a3
21,1.1500000000000001,0.22216733164299152,-0.01787390009198736,Hippocampus,ZFM-04300,6b68ff0d-9014-4a81-b2c2-915ddfdba3a3
22,1.25,0.22732047366700225,-0.012720758067976623,Hippocampus,ZFM-04300,6b68ff0d-9014-4a81-b2c2-915ddfdba3a3
23,1.35,0.2352281570119078,-0.004813074723071076,Hippocampus,ZFM-04300,6b68ff0d-9014-4a81-b2c2-915ddfdba3a3
24,1.4500000000000002,0.2404513262489798,0.0004100945140009249,Hippocampus,ZFM-04300,6b68ff0d-9014-4a81-b2c2-915ddfdba3a3
25,1.55,0.24134265601908272,0.001301424284103847,Hippocampus,ZFM-04300,6b68ff0d-9014-4a81-b2c2-915ddfdba3a3
26,1.6500000000000001,0.24076482838466962,0.0007235966496907387,Hippocampus,ZFM-04300,6b68ff0d-9014-4a81-b2c2-915ddfdba3a3
27,1.75,0.24192033968219948,0.0018791079472205985,Hippocampus,ZFM-04300,6b68ff0d-9014-4a81-b2c2-915ddfdba3a3
28,1.85,0.24488889010989204,0.004847658374913161,Hippocampus,ZFM-04300,6b68ff0d-9014-4a81-b2c2-915ddfdba3a3
29,1.9500000000000002,0.24799441173095205,0.00795317999597317,Hippocampus,ZFM-04300,6b68ff0d-9014-4a81-b2c2-915ddfdba3a3
30,2.05,0.25113444211232294,0.011093210377344065,Hippocampus,ZFM-04300,6b68ff0d-9014-4a81-b2c2-915ddfdba3a3
31,2.1500000000000004,0.2557848455630465,0.015743613828067604,Hippocampus,ZFM-04300,6b68ff0d-9014-4a81-b2c2-915ddfdba3a3
32,2.25,0.26197792608577064,0.021936694350791763,Hippocampus,ZFM-04300,6b68ff0d-9014-4a81-b2c2-915ddfdba3a3
33,2.3500000000000005,0.2673854142111368,0.02734418247615794,Hippocampus,ZFM-04300,6b68ff0d-9014-4a81-b2c2-915ddfdba3a3
34,2.45,0.2701275475881568,0.030086315853177947,Hippocampus,ZFM-04300,6b68ff0d-9014-4a81-b2c2-915ddfdba3a3
35,2.55,0.27092647511459106,0.03088524337961218,Hippocampus,ZFM-04300,6b68ff0d-9014-4a81-b2c2-915ddfdba3a3
36,2.6500000000000004,0.2714685822312487,0.031427350496269824,Hippocampus,ZFM-04300,6b68ff0d-9014-4a81-b2c2-915ddfdba3a3
37,2.75,0.27179678235811366,0.03175555062313479,Hippocampus,ZFM-04300,6b68ff0d-9014-4a81-b2c2-915ddfdba3a3
38,2.8500000000000005,0.2702600179461089,0.03021878621113,Hippocampus,ZFM-04300,6b68ff0d-9014-4a81-b2c2-915ddfdba3a3
39,2.95,0.2653116392889025,0.025270407553923624,Hippocampus,ZFM-04300,6b68ff0d-9014-4a81-b2c2-915ddfdba3a3
40,3.05,0.25700099449118585,0.016959762756206975,Hippocampus,ZFM-04300,6b68ff0d-9014-4a81-b2c2-915ddfdba3a3
41,3.1500000000000004,0.24701551405977806,0.006974282324799186,Hippocampus,ZFM-04300,6b68ff0d-9014-4a81-b2c2-915ddfdba3a3
42,3.25,0.2369478643989304,-0.0030933673360484804,Hippocampus,ZFM-04300,6b68ff0d-9014-4a81-b2c2-915ddfdba3a3
43,3.3500000000000005,0.22687669117943138,-0.0131645405555475,Hippocampus,ZFM-04300,6b68ff0d-9014-4a81-b2c2-915ddfdba3a3
44,3.45,0.21668545270278336,-0.023355779032195517,Hippocampus,ZFM-04300,6b68ff0d-9014-4a81-b2c2-915ddfdba3a3
45,3.55,0.20805479484411193,-0.03198643689086694,Hippocampus,ZFM-04300,6b68ff0d-9014-4a81-b2c2-915ddfdba3a3
46,3.6500000000000004,0.20336476561826716,-0.036676466116711715,Hippocampus,ZFM-04300,6b68ff0d-9014-4a81-b2c2-915ddfdba3a3
47,3.75,0.20267573124294508,-0.0373655004920338,Hippocampus,ZFM-04300,6b68ff0d-9014-4a81-b2c2-915ddfdba3a3
48,3.8500000000000005,0.20330471675437795,-0.03673651498060093,Hippocampus,ZFM-04300,6b68ff0d-9014-4a81-b2c2-915ddfdba3a3
49,3.95,0.20314192202524967,-0.03689930970972921,Hippocampus,ZFM-04300,6b68ff0d-9014-4a81-b2c2-915ddfdba3a3
0,-0.95,0.12260412835873843,0.00040008669697150223,Thalamus,ZFM-04300,6b68ff0d-9014-4a81-b2c2-915ddfdba3a3
1,-0.8500000000000001,0.11435897038379206,-0.007845071277974874,Thalamus,ZFM-04300,6b68ff0d-9014-4a81-b2c2-915ddfdba3a3
2,-0.75,0.1099753964593844,-0.012228645202382538,Thalamus,ZFM-04300,6b68ff0d-9014-4a81-b2c2-915ddfdba3a3
3,-0.6500000000000001,0.11166907622096547,-0.010534965440801458,Thalamus,ZFM-04300,6b68ff0d-9014-4a81-b2c2-915ddfdba3a3
4,-0.55,0.1170991965648617,-0.005104845096905231,Thalamus,ZFM-04300,6b68ff0d-9014-4a81-b2c2-915ddfdba3a3
5,-0.45,0.12260038435346166,0.00039634269169472325,Thalamus,ZFM-04300,6b68ff0d-9014-4a81-b2c2-915ddfdba3a3
6,-0.35000000000000003,0.12674497476483537,0.00454093310306844,Thalamus,ZFM-04300,6b68ff0d-9014-4a81-b2c2-915ddfdba3a3
7,-0.25,0.1301073289637411,0.007903287301974177,Thalamus,ZFM-04300,6b68ff0d-9014-4a81-b2c2-915ddfdba3a3
8,-0.15000000000000002,0.1328458979274637,0.010641856265696775,Thalamus,ZFM-04300,6b68ff0d-9014-4a81-b2c2-915ddfdba3a3
9,-0.05,0.13403506262042542,0.011831020958658484,Thalamus,ZFM-04300,6b68ff0d-9014-4a81-b2c2-915ddfdba3a3
10,0.05,0.13319394182955907,0.010989900167792138,Thalamus,ZFM-04300,6b68ff0d-9014-4a81-b2c2-915ddfdba3a3
11,0.15000000000000002,0.13110795259336674,0.008903910931599812,Thalamus,ZFM-04300,6b68ff0d-9014-4a81-b2c2-915ddfdba3a3
12,0.25,0.12850188928322215,0.006297847621455216,Thalamus,ZFM-04300,6b68ff0d-9014-4a81-b2c2-915ddfdba3a3
13,0.35000000000000003,0.1246799922317377,0.0024759505699707696,Thalamus,ZFM-04300,6b68ff0d-9014-4a81-b2c2-915ddfdba3a3
14,0.45,0.11873487157735282,-0.0034691700844141082,Thalamus,ZFM-04300,6b68ff0d-9014-4a81-b2c2-915ddfdba3a3
15,0.55,0.11183929953478086,-0.01036474212698607,Thalamus,ZFM-04300,6b68ff0d-9014-4a81-b2c2-915ddfdba3a3
16,0.6500000000000001,0.10707843212656759,-0.015125609535199341,Thalamus,ZFM-04300,6b68ff0d-9014-4a81-b2c2-915ddfdba3a3
17,0.75,0.10680727487578821,-0.015396766785978719,Thalamus,ZFM-04300,6b68ff0d-9014-4a81-b2c2-915ddfdba3a3
18,0.8500000000000001,0.11083940832464353,-0.011364633337123398,Thalamus,ZFM-04300,6b68ff0d-9014-4a81-b2c2-915ddfdba3a3
19,0.95,0.11690151596408706,-0.005302525697679875,Thalamus,ZFM-04300,6b68ff0d-9014-4a81-b2c2-915ddfdba3a3
20,1.05,0.12201867806286015,-0.00018536359890677923,Thalamus,ZFM-04300,6b68ff0d-9014-4a81-b2c2-915ddfdba3a3
21,1.1500000000000001,0.12370221560120068,0.0014981739394337446,Thalamus,ZFM-04300,6b68ff0d-9014-4a81-b2c2-915ddfdba3a3
22,1.25,0.12093452557869983,-0.001269516083067107,Thalamus,ZFM-04300,6b68ff0d-9014-4a81-b2c2-915ddfdba3a3
23,1.35,0.11482096606696482,-0.007383075594802113,Thalamus,ZFM-04300,6b68ff0d-9014-4a81-b2c2-915ddfdba3a3
24,1.4500000000000002,0.1082974366725098,-0.013906604989257138,Thalamus,ZFM-04300,6b68ff0d-9014-4a81-b2c2-915ddfdba3a3
25,1.55,0.10456945962400643,-0.0176345820377605,Thalamus,ZFM-04300,6b68ff0d-9014-4a81-b2c2-915ddfdba3a3
26,1.6500000000000001,0.10516502772784644,-0.017039013933920488,Thalamus,ZFM-04300,6b68ff0d-9014-4a81-b2c2-915ddfdba3a3
27,1.75,0.10913952136175373,-0.013064520300013205,Thalamus,ZFM-04300,6b68ff0d-9014-4a81-b2c2-915ddfdba3a3
28,1.85,0.11436042658715373,-0.007843615074613203,Thalamus,ZFM-04300,6b68ff0d-9014-4a81-b2c2-915ddfdba3a3
29,1.9500000000000002,0.11954984699435027,-0.002654194667416662,Thalamus,ZFM-04300,6b68ff0d-9014-4a81-b2c2-915ddfdba3a3
30,2.05,0.12468982319500421,0.00248578153323728,Thalamus,ZFM-04300,6b68ff0d-9014-4a81-b2c2-915ddfdba3a3
31,2.1500000000000004,0.12963770225970622,0.00743366059793929,Thalamus,ZFM-04300,6b68ff0d-9014-4a81-b2c2-915ddfdba3a3
32,2.25,0.13323470349266864,0.011030661830901706,Thalamus,ZFM-04300,6b68ff0d-9014-4a81-b2c2-915ddfdba3a3
33,2.3500000000000005,0.1341108853241758,0.011906843662408878,Thalamus,ZFM-04300,6b68ff0d-9014-4a81-b2c2-915ddfdba3a3
34,2.45,0.13211025648824443,0.009906214826477494,Thalamus,ZFM-04300,6b68ff0d-9014-4a81-b2c2-915ddfdba3a3
35,2.55,0.12901176417485208,0.006807722513085146,Thalamus,ZFM-04300,6b68ff0d-9014-4a81-b2c2-915ddfdba3a3
36,2.6500000000000004,0.12770909792999427,0.005505056268227337,Thalamus,ZFM-04300,6b68ff0d-9014-4a81-b2c2-915ddfdba3a3
37,2.75,0.1297286885790169,0.007524646917249966,Thalamus,ZFM-04300,6b68ff0d-9014-4a81-b2c2-915ddfdba3a3
38,2.8500000000000005,0.13322797191582117,0.011023930254054237,Thalamus,ZFM-04300,6b68ff0d-9014-4a81-b2c2-915ddfdba3a3
39,2.95,0.13425448380681176,0.012050442145044832,Thalamus,ZFM-04300,6b68ff0d-9014-4a81-b2c2-915ddfdba3a3
40,3.05,0.13056607263508696,0.008362030973320028,Thalamus,ZFM-04300,6b68ff0d-9014-4a81-b2c2-915ddfdba3a3
41,3.1500000000000004,0.12396234444987886,0.0017583027881119262,Thalamus,ZFM-04300,6b68ff0d-9014-4a81-b2c2-915ddfdba3a3
42,3.25,0.1182627851524448,-0.00394125650932213,Thalamus,ZFM-04300,6b68ff0d-9014-4a81-b2c2-915ddfdba3a3
43,3.3500000000000005,0.11498882423895293,-0.007215217422814002,Thalamus,ZFM-04300,6b68ff0d-9014-4a81-b2c2-915ddfdba3a3
44,3.45,0.11206068306997685,-0.01014335859179008,Thalamus,ZFM-04300,6b68ff0d-9014-4a81-b2c2-915ddfdba3a3
45,3.55,0.10717240386426018,-0.015031637797506756,Thalamus,ZFM-04300,6b68ff0d-9014-4a81-b2c2-915ddfdba3a3
46,3.6500000000000004,0.10113988915506641,-0.021064152506700518,Thalamus,ZFM-04300,6b68ff0d-9014-4a81-b2c2-915ddfdba3a3
47,3.75,0.09719869346590593,-0.025005348195861005,Thalamus,ZFM-04300,6b68ff0d-9014-4a81-b2c2-915ddfdba3a3
48,3.8500000000000005,0.0981161591610879,-0.02408788250067903,Thalamus,ZFM-04300,6b68ff0d-9014-4a81-b2c2-915ddfdba3a3
49,3.95,0.10445773607313742,-0.01774630558862951,Thalamus,ZFM-04300,6b68ff0d-9014-4a81-b2c2-915ddfdba3a3
