,log_likelihood,n_states,region,subject,pid
0,-34800.6984643496,2,Frontal,ZFM-04823,161253bd-5ac9-4f56-b53a-56e208786b26
1,-33523.764791324844,3,Frontal,ZFM-04823,161253bd-5ac9-4f56-b53a-56e208786b26
2,-33110.685145969255,4,Frontal,ZFM-04823,161253bd-5ac9-4f56-b53a-56e208786b26
3,-32595.063184952687,5,Frontal,ZFM-04823,161253bd-5ac9-4f56-b53a-56e208786b26
4,-32198.02277399699,6,Frontal,ZFM-04823,161253bd-5ac9-4f56-b53a-56e208786b26
5,-31992.376550944326,7,Frontal,ZFM-04823,161253bd-5ac9-4f56-b53a-56e208786b26
6,-31893.329458010085,8,Frontal,ZFM-04823,161253bd-5ac9-4f56-b53a-56e208786b26
7,-31738.980867320013,9,Frontal,ZFM-04823,161253bd-5ac9-4f56-b53a-56e208786b26
8,-31763.35678441516,10,Frontal,ZFM-04823,161253bd-5ac9-4f56-b53a-56e208786b26
9,-31536.494631110534,11,Frontal,ZFM-04823,161253bd-5ac9-4f56-b53a-56e208786b26
10,-31525.32802864999,12,Frontal,ZFM-04823,161253bd-5ac9-4f56-b53a-56e208786b26
11,-31552.12113822718,13,Frontal,ZFM-04823,161253bd-5ac9-4f56-b53a-56e208786b26
12,-31288.769425523904,14,Frontal,ZFM-04823,161253bd-5ac9-4f56-b53a-56e208786b26
13,-31254.057575966694,15,Frontal,ZFM-04823,161253bd-5ac9-4f56-b53a-56e208786b26
14,-31260.19185414708,16,Frontal,ZFM-04823,161253bd-5ac9-4f56-b53a-56e208786b26
15,-31154.100889835456,17,Frontal,ZFM-04823,161253bd-5ac9-4f56-b53a-56e208786b26
16,-31189.08429834686,18,Frontal,ZFM-04823,161253bd-5ac9-4f56-b53a-56e208786b26
17,-31047.949608940286,19,Frontal,ZFM-04823,161253bd-5ac9-4f56-b53a-56e208786b26
18,-31039.069111035973,20,Frontal,ZFM-04823,161253bd-5ac9-4f56-b53a-56e208786b26
0,-16540.69063785007,2,Sensory,ZFM-04823,161253bd-5ac9-4f56-b53a-56e208786b26
1,-16150.81992735662,3,Sensory,ZFM-04823,161253bd-5ac9-4f56-b53a-56e208786b26
2,-15949.661370880176,4,Sensory,ZFM-04823,161253bd-5ac9-4f56-b53a-56e208786b26
3,-15836.24242265049,5,Sensory,ZFM-04823,161253bd-5ac9-4f56-b53a-56e208786b26
4,-15632.870711776759,6,Sensory,ZFM-04823,161253bd-5ac9-4f56-b53a-56e208786b26
5,-15536.02836025485,7,Sensory,ZFM-04823,161253bd-5ac9-4f56-b53a-56e208786b26
6,-15449.043927374047,8,Sensory,ZFM-04823,161253bd-5ac9-4f56-b53a-56e208786b26
7,-15407.345777759254,9,Sensory,ZFM-04823,161253bd-5ac9-4f56-b53a-56e208786b26
8,-15373.371918584136,10,Sensory,ZFM-04823,161253bd-5ac9-4f56-b53a-56e208786b26
9,-15346.471373969529,11,Sensory,ZFM-04823,161253bd-5ac9-4f56-b53a-56e208786b26
10,-15322.302840706436,12,Sensory,ZFM-04823,161253bd-5ac9-4f56-b53a-56e208786b26
11,-15328.887343803912,13,Sensory,ZFM-04823,161253bd-5ac9-4f56-b53a-56e208786b26
12,-15284.021150122655,14,Sensory,ZFM-04823,161253bd-5ac9-4f56-b53a-56e208786b26
13,-15278.03920338441,15,Sensory,ZFM-04823,161253bd-5ac9-4f56-b53a-56e208786b26
14,-15262.412121812305,16,Sensory,ZFM-04823,161253bd-5ac9-4f56-b53a-56e208786b26
15,-15267.147283121167,17,Sensory,ZFM-04823,161253bd-5ac9-4f56-b53a-56e208786b26
16,-15258.710818654241,18,Sensory,ZFM-04823,161253bd-5ac9-4f56-b53a-56e208786b26
17,-15263.821731247503,19,Sensory,ZFM-04823,161253bd-5ac9-4f56-b53a-56e208786b26
18,-15207.635318069135,20,Sensory,ZFM-04823,161253bd-5ac9-4f56-b53a-56e208786b26
0,-30358.864840810023,2,Hippocampus,ZFM-04823,a72a6d2d-0038-4336-9faa-61781c91421e
1,-30076.209378021973,3,Hippocampus,ZFM-04823,a72a6d2d-0038-4336-9faa-61781c91421e
2,-29874.470708752924,4,Hippocampus,ZFM-04823,a72a6d2d-0038-4336-9faa-61781c91421e
3,-29818.34319320801,5,Hippocampus,ZFM-04823,a72a6d2d-0038-4336-9faa-61781c91421e
4,-29595.77712017364,6,Hippocampus,ZFM-04823,a72a6d2d-0038-4336-9faa-61781c91421e
5,-29475.275709153048,7,Hippocampus,ZFM-04823,a72a6d2d-0038-4336-9faa-61781c91421e
6,-29401.86143979699,8,Hippocampus,ZFM-04823,a72a6d2d-0038-4336-9faa-61781c91421e
7,-29384.51949415715,9,Hippocampus,ZFM-04823,a72a6d2d-0038-4336-9faa-61781c91421e
8,-29286.88734835216,10,Hippocampus,ZFM-04823,a72a6d2d-0038-4336-9faa-61781c91421e
9,-29240.938577302775,11,Hippocampus,ZFM-04823,a72a6d2d-0038-4336-9faa-61781c91421e
10,-29210.342207339334,12,Hippocampus,ZFM-04823,a72a6d2d-0038-4336-9faa-61781c91421e
11,-29217.228185193893,13,Hippocampus,ZFM-04823,a72a6d2d-0038-4336-9faa-61781c91421e
12,-29140.01799239852,14,Hippocampus,ZFM-04823,a72a6d2d-0038-4336-9faa-61781c91421e
13,-29119.54854902229,15,Hippocampus,ZFM-04823,a72a6d2d-0038-4336-9faa-61781c91421e
14,-29134.175025975605,16,Hippocampus,ZFM-04823,a72a6d2d-0038-4336-9faa-61781c91421e
15,-29063.012639629746,17,Hippocampus,ZFM-04823,a72a6d2d-0038-4336-9faa-61781c91421e
16,-29114.857663923307,18,Hippocampus,ZFM-04823,a72a6d2d-0038-4336-9faa-61781c91421e
17,-29030.822752463682,19,Hippocampus,ZFM-04823,a72a6d2d-0038-4336-9faa-61781c91421e
18,-29076.72486880318,20,Hippocampus,ZFM-04823,a72a6d2d-0038-4336-9faa-61781c91421e
0,-180563.9998233646,2,Thalamus,ZFM-04823,a72a6d2d-0038-4336-9faa-61781c91421e
1,-177864.33161312834,3,Thalamus,ZFM-04823,a72a6d2d-0038-4336-9faa-61781c91421e
2,-174790.65862327293,4,Thalamus,ZFM-04823,a72a6d2d-0038-4336-9faa-61781c91421e
3,-174087.54388516734,5,Thalamus,ZFM-04823,a72a6d2d-0038-4336-9faa-61781c91421e
4,-173368.92519664194,6,Thalamus,ZFM-04823,a72a6d2d-0038-4336-9faa-61781c91421e
5,-172868.78258340748,7,Thalamus,ZFM-04823,a72a6d2d-0038-4336-9faa-61781c91421e
6,-172365.00163475444,8,Thalamus,ZFM-04823,a72a6d2d-0038-4336-9faa-61781c91421e
7,-172031.11330914596,9,Thalamus,ZFM-04823,a72a6d2d-0038-4336-9faa-61781c91421e
8,-171633.1314878499,10,Thalamus,ZFM-04823,a72a6d2d-0038-4336-9faa-61781c91421e
9,-171295.95971241,11,Thalamus,ZFM-04823,a72a6d2d-0038-4336-9faa-61781c91421e
10,-170985.32960947667,12,Thalamus,ZFM-04823,a72a6d2d-0038-4336-9faa-61781c91421e
11,-170800.26329402157,13,Thalamus,ZFM-04823,a72a6d2d-0038-4336-9faa-61781c91421e
12,-170487.6774167094,14,Thalamus,ZFM-04823,a72a6d2d-0038-4336-9faa-61781c91421e
13,-170314.9253391687,15,Thalamus,ZFM-04823,a72a6d2d-0038-4336-9faa-61781c91421e
14,-170115.56965071522,16,Thalamus,ZFM-04823,a72a6d2d-0038-4336-9faa-61781c91421e
15,-169912.4324054655,17,Thalamus,ZFM-04823,a72a6d2d-0038-4336-9faa-61781c91421e
16,-169797.05913014765,18,Thalamus,ZFM-04823,a72a6d2d-0038-4336-9faa-61781c91421e
17,-169736.58880625886,19,Thalamus,ZFM-04823,a72a6d2d-0038-4336-9faa-61781c91421e
18,-169607.04429571144,20,Thalamus,ZFM-04823,a72a6d2d-0038-4336-9faa-61781c91421e
0,-166286.4691313347,2,Midbrain,ZFM-04811,0bdd7931-661f-452a-903f-6467a0661499
1,-163579.17841317676,3,Midbrain,ZFM-04811,0bdd7931-661f-452a-903f-6467a0661499
2,-161718.75093120092,4,Midbrain,ZFM-04811,0bdd7931-661f-452a-903f-6467a0661499
3,-160190.21917271943,5,Midbrain,ZFM-04811,0bdd7931-661f-452a-903f-6467a0661499
4,-158902.1359536124,6,Midbrain,ZFM-04811,0bdd7931-661f-452a-903f-6467a0661499
5,-158228.37153563468,7,Midbrain,ZFM-04811,0bdd7931-661f-452a-903f-6467a0661499
6,-157232.41445351997,8,Midbrain,ZFM-04811,0bdd7931-661f-452a-903f-6467a0661499
7,-156902.88447692656,9,Midbrain,ZFM-04811,0bdd7931-661f-452a-903f-6467a0661499
8,-156050.49628703526,10,Midbrain,ZFM-04811,0bdd7931-661f-452a-903f-6467a0661499
9,-155697.84633865207,11,Midbrain,ZFM-04811,0bdd7931-661f-452a-903f-6467a0661499
10,-155439.92330895315,12,Midbrain,ZFM-04811,0bdd7931-661f-452a-903f-6467a0661499
11,-155069.39970294246,13,Midbrain,ZFM-04811,0bdd7931-661f-452a-903f-6467a0661499
12,-154812.894791029,14,Midbrain,ZFM-04811,0bdd7931-661f-452a-903f-6467a0661499
13,-154353.61520748012,15,Midbrain,ZFM-04811,0bdd7931-661f-452a-903f-6467a0661499
14,-154269.0445724916,16,Midbrain,ZFM-04811,0bdd7931-661f-452a-903f-6467a0661499
15,-153987.9819735726,17,Midbrain,ZFM-04811,0bdd7931-661f-452a-903f-6467a0661499
16,-153653.81895896196,18,Midbrain,ZFM-04811,0bdd7931-661f-452a-903f-6467a0661499
17,-153425.6976773163,19,Midbrain,ZFM-04811,0bdd7931-661f-452a-903f-6467a0661499
18,-153496.94340626613,20,Midbrain,ZFM-04811,0bdd7931-661f-452a-903f-6467a0661499
0,-193000.6936620012,2,Frontal,ZFM-04811,b7de18f4-31d4-4ec5-94ed-8303e9d17dcd
1,-188527.63313793135,3,Frontal,ZFM-04811,b7de18f4-31d4-4ec5-94ed-8303e9d17dcd
2,-186803.03739728557,4,Frontal,ZFM-04811,b7de18f4-31d4-4ec5-94ed-8303e9d17dcd
3,-183145.28217457663,5,Frontal,ZFM-04811,b7de18f4-31d4-4ec5-94ed-8303e9d17dcd
4,-181508.53135617936,6,Frontal,ZFM-04811,b7de18f4-31d4-4ec5-94ed-8303e9d17dcd
5,-180645.24115001355,7,Frontal,ZFM-04811,b7de18f4-31d4-4ec5-94ed-8303e9d17dcd
6,-179567.7178697326,8,Frontal,ZFM-04811,b7de18f4-31d4-4ec5-94ed-8303e9d17dcd
7,-178994.20636927013,9,Frontal,ZFM-04811,b7de18f4-31d4-4ec5-94ed-8303e9d17dcd
8,-177927.82886786046,10,Frontal,ZFM-04811,b7de18f4-31d4-4ec5-94ed-8303e9d17dcd
9,-177459.63401689765,11,Frontal,ZFM-04811,b7de18f4-31d4-4ec5-94ed-8303e9d17dcd
10,-176979.1824317752,12,Frontal,ZFM-04811,b7de18f4-31d4-4ec5-94ed-8303e9d17dcd
11,-176567.03570528043,13,Frontal,ZFM-04811,b7de18f4-31d4-4ec5-94ed-8303e9d17dcd
12,-176318.2605932841,14,Frontal,ZFM-04811,b7de18f4-31d4-4ec5-94ed-8303e9d17dcd
13,-175515.9694928729,15,Frontal,ZFM-04811,b7de18f4-31d4-4ec5-94ed-8303e9d17dcd
14,-175578.37483443905,16,Frontal,ZFM-04811,b7de18f4-31d4-4ec5-94ed-8303e9d17dcd
15,-174933.94796158918,17,Frontal,ZFM-04811,b7de18f4-31d4-4ec5-94ed-8303e9d17dcd
16,-174558.51409955317,18,Frontal,ZFM-04811,b7de18f4-31d4-4ec5-94ed-8303e9d17dcd
17,-174684.57653866682,19,Frontal,ZFM-04811,b7de18f4-31d4-4ec5-94ed-8303e9d17dcd
18,-174152.7194646093,20,Frontal,ZFM-04811,b7de18f4-31d4-4ec5-94ed-8303e9d17dcd
0,-51248.8698768399,2,Sensory,ZFM-04811,b7de18f4-31d4-4ec5-94ed-8303e9d17dcd
1,-50378.04745223232,3,Sensory,ZFM-04811,b7de18f4-31d4-4ec5-94ed-8303e9d17dcd
2,-49865.46190995382,4,Sensory,ZFM-04811,b7de18f4-31d4-4ec5-94ed-8303e9d17dcd
3,-49534.21966500845,5,Sensory,ZFM-04811,b7de18f4-31d4-4ec5-94ed-8303e9d17dcd
4,-49241.22224265854,6,Sensory,ZFM-04811,b7de18f4-31d4-4ec5-94ed-8303e9d17dcd
5,-48931.73198008719,7,Sensory,ZFM-04811,b7de18f4-31d4-4ec5-94ed-8303e9d17dcd
6,-48781.072705093684,8,Sensory,ZFM-04811,b7de18f4-31d4-4ec5-94ed-8303e9d17dcd
7,-48659.83097618636,9,Sensory,ZFM-04811,b7de18f4-31d4-4ec5-94ed-8303e9d17dcd
8,-48530.32703544777,10,Sensory,ZFM-04811,b7de18f4-31d4-4ec5-94ed-8303e9d17dcd
9,-48505.339364030435,11,Sensory,ZFM-04811,b7de18f4-31d4-4ec5-94ed-8303e9d17dcd
10,-48306.97839023097,12,Sensory,ZFM-04811,b7de18f4-31d4-4ec5-94ed-8303e9d17dcd
11,-48291.217101613634,13,Sensory,ZFM-04811,b7de18f4-31d4-4ec5-94ed-8303e9d17dcd
12,-48077.37930288735,14,Sensory,ZFM-04811,b7de18f4-31d4-4ec5-94ed-8303e9d17dcd
13,-48035.74142842525,15,Sensory,ZFM-04811,b7de18f4-31d4-4ec5-94ed-8303e9d17dcd
14,-48047.028397498274,16,Sensory,ZFM-04811,b7de18f4-31d4-4ec5-94ed-8303e9d17dcd
15,-47912.980591974796,17,Sensory,ZFM-04811,b7de18f4-31d4-4ec5-94ed-8303e9d17dcd
16,-47803.03448568345,18,Sensory,ZFM-04811,b7de18f4-31d4-4ec5-94ed-8303e9d17dcd
17,-47804.791327201005,19,Sensory,ZFM-04811,b7de18f4-31d4-4ec5-94ed-8303e9d17dcd
18,-47692.26646423624,20,Sensory,ZFM-04811,b7de18f4-31d4-4ec5-94ed-8303e9d17dcd
0,-12656.111798583708,2,Hippocampus,ZFM-04811,05db6d4d-cfda-4686-b485-481423912b33
1,-12365.111159789532,3,Hippocampus,ZFM-04811,05db6d4d-cfda-4686-b485-481423912b33
2,-12230.383006416752,4,Hippocampus,ZFM-04811,05db6d4d-cfda-4686-b485-481423912b33
3,-12145.739385948682,5,Hippocampus,ZFM-04811,05db6d4d-cfda-4686-b485-481423912b33
4,-11995.248440937314,6,Hippocampus,ZFM-04811,05db6d4d-cfda-4686-b485-481423912b33
5,-11907.73931229734,7,Hippocampus,ZFM-04811,05db6d4d-cfda-4686-b485-481423912b33
6,-11851.301776984745,8,Hippocampus,ZFM-04811,05db6d4d-cfda-4686-b485-481423912b33
7,-11823.912337417252,9,Hippocampus,ZFM-04811,05db6d4d-cfda-4686-b485-481423912b33
8,-11769.368826560778,10,Hippocampus,ZFM-04811,05db6d4d-cfda-4686-b485-481423912b33
9,-11739.24732658846,11,Hippocampus,ZFM-04811,05db6d4d-cfda-4686-b485-481423912b33
10,-11747.737974554602,12,Hippocampus,ZFM-04811,05db6d4d-cfda-4686-b485-481423912b33
11,-11706.771553536346,13,Hippocampus,ZFM-04811,05db6d4d-cfda-4686-b485-481423912b33
12,-11722.204074313551,14,Hippocampus,ZFM-04811,05db6d4d-cfda-4686-b485-481423912b33
13,-11687.188371742857,15,Hippocampus,ZFM-04811,05db6d4d-cfda-4686-b485-481423912b33
14,-11698.910092941522,16,Hippocampus,ZFM-04811,05db6d4d-cfda-4686-b485-481423912b33
15,-11557.142917166602,17,Hippocampus,ZFM-04811,05db6d4d-cfda-4686-b485-481423912b33
16,-11667.100436610126,18,Hippocampus,ZFM-04811,05db6d4d-cfda-4686-b485-481423912b33
17,-11646.075933834503,19,Hippocampus,ZFM-04811,05db6d4d-cfda-4686-b485-481423912b33
18,-11633.728030776543,20,Hippocampus,ZFM-04811,05db6d4d-cfda-4686-b485-481423912b33
0,-15952.32978100677,2,Thalamus,ZFM-04811,05db6d4d-cfda-4686-b485-481423912b33
1,-15574.751054987515,3,Thalamus,ZFM-04811,05db6d4d-cfda-4686-b485-481423912b33
2,-15150.71077726743,4,Thalamus,ZFM-04811,05db6d4d-cfda-4686-b485-481423912b33
3,-14983.092472371036,5,Thalamus,ZFM-04811,05db6d4d-cfda-4686-b485-481423912b33
4,-14990.462005988684,6,Thalamus,ZFM-04811,05db6d4d-cfda-4686-b485-481423912b33
5,-14819.85925573093,7,Thalamus,ZFM-04811,05db6d4d-cfda-4686-b485-481423912b33
6,-14750.584544168009,8,Thalamus,ZFM-04811,05db6d4d-cfda-4686-b485-481423912b33
7,-14733.979255300977,9,Thalamus,ZFM-04811,05db6d4d-cfda-4686-b485-481423912b33
8,-14692.63561285272,10,Thalamus,ZFM-04811,05db6d4d-cfda-4686-b485-481423912b33
9,-14579.651092076641,11,Thalamus,ZFM-04811,05db6d4d-cfda-4686-b485-481423912b33
10,-14573.747920705198,12,Thalamus,ZFM-04811,05db6d4d-cfda-4686-b485-481423912b33
11,-14533.58335284031,13,Thalamus,ZFM-04811,05db6d4d-cfda-4686-b485-481423912b33
12,-14493.2909851648,14,Thalamus,ZFM-04811,05db6d4d-cfda-4686-b485-481423912b33
13,-14498.269397330761,15,Thalamus,ZFM-04811,05db6d4d-cfda-4686-b485-481423912b33
14,-14417.882710073796,16,Thalamus,ZFM-04811,05db6d4d-cfda-4686-b485-481423912b33
15,-14423.307380872597,17,Thalamus,ZFM-04811,05db6d4d-cfda-4686-b485-481423912b33
16,-14463.208053040667,18,Thalamus,ZFM-04811,05db6d4d-cfda-4686-b485-481423912b33
17,-14434.418539080601,19,Thalamus,ZFM-04811,05db6d4d-cfda-4686-b485-481423912b33
18,-14340.292856801676,20,Thalamus,ZFM-04811,05db6d4d-cfda-4686-b485-481423912b33
0,-90136.93111659042,2,Midbrain,ZFM-04811,e4cf7b8d-7e0e-4483-b4a5-0fa316ab7be4
1,-87047.52295470625,3,Midbrain,ZFM-04811,e4cf7b8d-7e0e-4483-b4a5-0fa316ab7be4
2,-85405.28084415766,4,Midbrain,ZFM-04811,e4cf7b8d-7e0e-4483-b4a5-0fa316ab7be4
3,-84633.95780315371,5,Midbrain,ZFM-04811,e4cf7b8d-7e0e-4483-b4a5-0fa316ab7be4
4,-83671.98245359836,6,Midbrain,ZFM-04811,e4cf7b8d-7e0e-4483-b4a5-0fa316ab7be4
5,-83040.47021167059,7,Midbrain,ZFM-04811,e4cf7b8d-7e0e-4483-b4a5-0fa316ab7be4
6,-82571.30068798778,8,Midbrain,ZFM-04811,e4cf7b8d-7e0e-4483-b4a5-0fa316ab7be4
7,-82446.0375550934,9,Midbrain,ZFM-04811,e4cf7b8d-7e0e-4483-b4a5-0fa316ab7be4
8,-81798.54477330094,10,Midbrain,ZFM-04811,e4cf7b8d-7e0e-4483-b4a5-0fa316ab7be4
9,-81608.31253034074,11,Midbrain,ZFM-04811,e4cf7b8d-7e0e-4483-b4a5-0fa316ab7be4
10,-81254.42040124958,12,Midbrain,ZFM-04811,e4cf7b8d-7e0e-4483-b4a5-0fa316ab7be4
11,-80840.7417164139,13,Midbrain,ZFM-04811,e4cf7b8d-7e0e-4483-b4a5-0fa316ab7be4
12,-80607.67722794085,14,Midbrain,ZFM-04811,e4cf7b8d-7e0e-4483-b4a5-0fa316ab7be4
13,-80445.18180288718,15,Midbrain,ZFM-04811,e4cf7b8d-7e0e-4483-b4a5-0fa316ab7be4
14,-80441.57847206676,16,Midbrain,ZFM-04811,e4cf7b8d-7e0e-4483-b4a5-0fa316ab7be4
15,-80361.2541290392,17,Midbrain,ZFM-04811,e4cf7b8d-7e0e-4483-b4a5-0fa316ab7be4
16,-80082.09075471014,18,Midbrain,ZFM-04811,e4cf7b8d-7e0e-4483-b4a5-0fa316ab7be4
17,-79937.82142138656,19,Midbrain,ZFM-04811,e4cf7b8d-7e0e-4483-b4a5-0fa316ab7be4
18,-79880.11650447753,20,Midbrain,ZFM-04811,e4cf7b8d-7e0e-4483-b4a5-0fa316ab7be4
0,-9775.498931711056,2,Striatum,ZFM-04811,e48c0695-b465-4e44-9020-2a19ecca414a
1,-9247.14503825868,3,Striatum,ZFM-04811,e48c0695-b465-4e44-9020-2a19ecca414a
2,-8908.848140382914,4,Striatum,ZFM-04811,e48c0695-b465-4e44-9020-2a19ecca414a
3,-8690.066766814893,5,Striatum,ZFM-04811,e48c0695-b465-4e44-9020-2a19ecca414a
4,-8647.922981782722,6,Striatum,ZFM-04811,e48c0695-b465-4e44-9020-2a19ecca414a
5,-8517.022283088338,7,Striatum,ZFM-04811,e48c0695-b465-4e44-9020-2a19ecca414a
6,-8453.909436763932,8,Striatum,ZFM-04811,e48c0695-b465-4e44-9020-2a19ecca414a
7,-8408.22059830901,9,Striatum,ZFM-04811,e48c0695-b465-4e44-9020-2a19ecca414a
8,-8384.651873214198,10,Striatum,ZFM-04811,e48c0695-b465-4e44-9020-2a19ecca414a
9,-8242.916518698168,11,Striatum,ZFM-04811,e48c0695-b465-4e44-9020-2a19ecca414a
10,-8248.651041855624,12,Striatum,ZFM-04811,e48c0695-b465-4e44-9020-2a19ecca414a
11,-8210.960018471296,13,Striatum,ZFM-04811,e48c0695-b465-4e44-9020-2a19ecca414a
12,-8159.93060307191,14,Striatum,ZFM-04811,e48c0695-b465-4e44-9020-2a19ecca414a
13,-8137.5564755851465,15,Striatum,ZFM-04811,e48c0695-b465-4e44-9020-2a19ecca414a
14,-8144.421629780258,16,Striatum,ZFM-04811,e48c0695-b465-4e44-9020-2a19ecca414a
15,-8109.319260659812,17,Striatum,ZFM-04811,e48c0695-b465-4e44-9020-2a19ecca414a
16,-8101.757070115624,18,Striatum,ZFM-04811,e48c0695-b465-4e44-9020-2a19ecca414a
17,-8090.460851490494,19,Striatum,ZFM-04811,e48c0695-b465-4e44-9020-2a19ecca414a
18,-8088.202944302677,20,Striatum,ZFM-04811,e48c0695-b465-4e44-9020-2a19ecca414a
0,-42622.82187765586,2,Hippocampus,ZFM-04301,4c382977-acc0-45cd-8f8e-800182ca9395
1,-41327.742905586565,3,Hippocampus,ZFM-04301,4c382977-acc0-45cd-8f8e-800182ca9395
2,-40442.635504082165,4,Hippocampus,ZFM-04301,4c382977-acc0-45cd-8f8e-800182ca9395
3,-39425.59646230767,5,Hippocampus,ZFM-04301,4c382977-acc0-45cd-8f8e-800182ca9395
4,-39505.14451399219,6,Hippocampus,ZFM-04301,4c382977-acc0-45cd-8f8e-800182ca9395
5,-38549.3455058921,7,Hippocampus,ZFM-04301,4c382977-acc0-45cd-8f8e-800182ca9395
6,-38405.09156406926,8,Hippocampus,ZFM-04301,4c382977-acc0-45cd-8f8e-800182ca9395
7,-38311.873456228335,9,Hippocampus,ZFM-04301,4c382977-acc0-45cd-8f8e-800182ca9395
8,-38073.65782887888,10,Hippocampus,ZFM-04301,4c382977-acc0-45cd-8f8e-800182ca9395
9,-37955.28063439582,11,Hippocampus,ZFM-04301,4c382977-acc0-45cd-8f8e-800182ca9395
10,-37805.36696422156,12,Hippocampus,ZFM-04301,4c382977-acc0-45cd-8f8e-800182ca9395
11,-37773.3661701948,13,Hippocampus,ZFM-04301,4c382977-acc0-45cd-8f8e-800182ca9395
12,-37525.30757769156,14,Hippocampus,ZFM-04301,4c382977-acc0-45cd-8f8e-800182ca9395
13,-37368.68872681534,15,Hippocampus,ZFM-04301,4c382977-acc0-45cd-8f8e-800182ca9395
14,-37405.41346946704,16,Hippocampus,ZFM-04301,4c382977-acc0-45cd-8f8e-800182ca9395
15,-37319.82817536239,17,Hippocampus,ZFM-04301,4c382977-acc0-45cd-8f8e-800182ca9395
16,-37175.16445654326,18,Hippocampus,ZFM-04301,4c382977-acc0-45cd-8f8e-800182ca9395
17,-37104.795693040054,19,Hippocampus,ZFM-04301,4c382977-acc0-45cd-8f8e-800182ca9395
18,-37097.88283955104,20,Hippocampus,ZFM-04301,4c382977-acc0-45cd-8f8e-800182ca9395
0,-203650.52608651193,2,Thalamus,ZFM-04301,4c382977-acc0-45cd-8f8e-800182ca9395
1,-200467.44432792865,3,Thalamus,ZFM-04301,4c382977-acc0-45cd-8f8e-800182ca9395
2,-198775.8098220355,4,Thalamus,ZFM-04301,4c382977-acc0-45cd-8f8e-800182ca9395
3,-197728.70791035143,5,Thalamus,ZFM-04301,4c382977-acc0-45cd-8f8e-800182ca9395
4,-196858.34972563133,6,Thalamus,ZFM-04301,4c382977-acc0-45cd-8f8e-800182ca9395
5,-196219.21044819025,7,Thalamus,ZFM-04301,4c382977-acc0-45cd-8f8e-800182ca9395
6,-195658.79020375173,8,Thalamus,ZFM-04301,4c382977-acc0-45cd-8f8e-800182ca9395
7,-195069.2625264881,9,Thalamus,ZFM-04301,4c382977-acc0-45cd-8f8e-800182ca9395
8,-194770.28120335995,10,Thalamus,ZFM-04301,4c382977-acc0-45cd-8f8e-800182ca9395
9,-194243.55366160776,11,Thalamus,ZFM-04301,4c382977-acc0-45cd-8f8e-800182ca9395
10,-193876.45669650164,12,Thalamus,ZFM-04301,4c382977-acc0-45cd-8f8e-800182ca9395
11,-193700.35968093062,13,Thalamus,ZFM-04301,4c382977-acc0-45cd-8f8e-800182ca9395
12,-193340.54502772872,14,Thalamus,ZFM-04301,4c382977-acc0-45cd-8f8e-800182ca9395
13,-193391.74366841145,15,Thalamus,ZFM-04301,4c382977-acc0-45cd-8f8e-800182ca9395
14,-193004.9206661069,16,Thalamus,ZFM-04301,4c382977-acc0-45cd-8f8e-800182ca9395
15,-192619.30769675763,17,Thalamus,ZFM-04301,4c382977-acc0-45cd-8f8e-800182ca9395
16,-192547.25771343068,18,Thalamus,ZFM-04301,4c382977-acc0-45cd-8f8e-800182ca9395
17,-192287.3957415946,19,Thalamus,ZFM-04301,4c382977-acc0-45cd-8f8e-800182ca9395
18,-192324.04561205843,20,Thalamus,ZFM-04301,4c382977-acc0-45cd-8f8e-800182ca9395
0,-216559.60125351278,2,Midbrain,ZFM-04301,51b611d8-77f4-47ad-907e-b920684c0d86
1,-207594.8722785624,3,Midbrain,ZFM-04301,51b611d8-77f4-47ad-907e-b920684c0d86
2,-202108.4296031847,4,Midbrain,ZFM-04301,51b611d8-77f4-47ad-907e-b920684c0d86
3,-197961.10543092847,5,Midbrain,ZFM-04301,51b611d8-77f4-47ad-907e-b920684c0d86
4,-195155.76318586478,6,Midbrain,ZFM-04301,51b611d8-77f4-47ad-907e-b920684c0d86
5,-193620.6108308997,7,Midbrain,ZFM-04301,51b611d8-77f4-47ad-907e-b920684c0d86
6,-191599.67629801895,8,Midbrain,ZFM-04301,51b611d8-77f4-47ad-907e-b920684c0d86
7,-190496.45656406647,9,Midbrain,ZFM-04301,51b611d8-77f4-47ad-907e-b920684c0d86
8,-189004.71338224277,10,Midbrain,ZFM-04301,51b611d8-77f4-47ad-907e-b920684c0d86
9,-188677.01361912893,11,Midbrain,ZFM-04301,51b611d8-77f4-47ad-907e-b920684c0d86
10,-188239.63959569365,12,Midbrain,ZFM-04301,51b611d8-77f4-47ad-907e-b920684c0d86
11,-186527.62784441354,13,Midbrain,ZFM-04301,51b611d8-77f4-47ad-907e-b920684c0d86
12,-185876.4064794152,14,Midbrain,ZFM-04301,51b611d8-77f4-47ad-907e-b920684c0d86
13,-185161.65037696392,15,Midbrain,ZFM-04301,51b611d8-77f4-47ad-907e-b920684c0d86
14,-184547.32466676325,16,Midbrain,ZFM-04301,51b611d8-77f4-47ad-907e-b920684c0d86
15,-183701.4704298603,17,Midbrain,ZFM-04301,51b611d8-77f4-47ad-907e-b920684c0d86
16,-183396.5190318657,18,Midbrain,ZFM-04301,51b611d8-77f4-47ad-907e-b920684c0d86
17,-182993.34503562434,19,Midbrain,ZFM-04301,51b611d8-77f4-47ad-907e-b920684c0d86
18,-182959.66953712245,20,Midbrain,ZFM-04301,51b611d8-77f4-47ad-907e-b920684c0d86
0,-48446.007182439076,2,Sensory,ZFM-04301,be1223f2-398f-4fab-b128-582491dbbc8f
1,-47765.09276403235,3,Sensory,ZFM-04301,be1223f2-398f-4fab-b128-582491dbbc8f
2,-47575.184600384,4,Sensory,ZFM-04301,be1223f2-398f-4fab-b128-582491dbbc8f
3,-47282.62007071948,5,Sensory,ZFM-04301,be1223f2-398f-4fab-b128-582491dbbc8f
4,-46895.280324465166,6,Sensory,ZFM-04301,be1223f2-398f-4fab-b128-582491dbbc8f
5,-46908.38822631,7,Sensory,ZFM-04301,be1223f2-398f-4fab-b128-582491dbbc8f
6,-46685.341669130794,8,Sensory,ZFM-04301,be1223f2-398f-4fab-b128-582491dbbc8f
7,-46610.25800189316,9,Sensory,ZFM-04301,be1223f2-398f-4fab-b128-582491dbbc8f
8,-46491.90730500026,10,Sensory,ZFM-04301,be1223f2-398f-4fab-b128-582491dbbc8f
9,-46428.1744723062,11,Sensory,ZFM-04301,be1223f2-398f-4fab-b128-582491dbbc8f
10,-46354.77847641767,12,Sensory,ZFM-04301,be1223f2-398f-4fab-b128-582491dbbc8f
11,-46376.6114770624,13,Sensory,ZFM-04301,be1223f2-398f-4fab-b128-582491dbbc8f
12,-46284.323028375475,14,Sensory,ZFM-04301,be1223f2-398f-4fab-b128-582491dbbc8f
13,-46362.83097060134,15,Sensory,ZFM-04301,be1223f2-398f-4fab-b128-582491dbbc8f
14,-46280.972809959,16,Sensory,ZFM-04301,be1223f2-398f-4fab-b128-582491dbbc8f
15,-46170.08281390838,17,Sensory,ZFM-04301,be1223f2-398f-4fab-b128-582491dbbc8f
16,-46141.97054877624,18,Sensory,ZFM-04301,be1223f2-398f-4fab-b128-582491dbbc8f
17,-46083.166820367645,19,Sensory,ZFM-04301,be1223f2-398f-4fab-b128-582491dbbc8f
18,-45963.33015247607,20,Sensory,ZFM-04301,be1223f2-398f-4fab-b128-582491dbbc8f
0,-29366.329175417268,2,Amygdala,ZFM-04301,a06d8bd4-5caf-4c77-9b21-396649cd8787
1,-29179.392071906357,3,Amygdala,ZFM-04301,a06d8bd4-5caf-4c77-9b21-396649cd8787
2,-29103.22961127439,4,Amygdala,ZFM-04301,a06d8bd4-5caf-4c77-9b21-396649cd8787
3,-28985.94049943483,5,Amygdala,ZFM-04301,a06d8bd4-5caf-4c77-9b21-396649cd8787
4,-28941.362938206363,6,Amygdala,ZFM-04301,a06d8bd4-5caf-4c77-9b21-396649cd8787
5,-28851.250895873458,7,Amygdala,ZFM-04301,a06d8bd4-5caf-4c77-9b21-396649cd8787
6,-28867.59538525971,8,Amygdala,ZFM-04301,a06d8bd4-5caf-4c77-9b21-396649cd8787
7,-28793.40766404053,9,Amygdala,ZFM-04301,a06d8bd4-5caf-4c77-9b21-396649cd8787
8,-28778.485196353115,10,Amygdala,ZFM-04301,a06d8bd4-5caf-4c77-9b21-396649cd8787
9,-28758.925132321914,11,Amygdala,ZFM-04301,a06d8bd4-5caf-4c77-9b21-396649cd8787
10,-28776.582480851856,12,Amygdala,ZFM-04301,a06d8bd4-5caf-4c77-9b21-396649cd8787
11,-28732.198671157894,13,Amygdala,ZFM-04301,a06d8bd4-5caf-4c77-9b21-396649cd8787
12,-28746.954738185406,14,Amygdala,ZFM-04301,a06d8bd4-5caf-4c77-9b21-396649cd8787
13,-28721.666685741406,15,Amygdala,ZFM-04301,a06d8bd4-5caf-4c77-9b21-396649cd8787
14,-28717.71531527348,16,Amygdala,ZFM-04301,a06d8bd4-5caf-4c77-9b21-396649cd8787
15,-28721.16632572031,17,Amygdala,ZFM-04301,a06d8bd4-5caf-4c77-9b21-396649cd8787
16,-28689.044351818735,18,Amygdala,ZFM-04301,a06d8bd4-5caf-4c77-9b21-396649cd8787
17,-28694.17635953627,19,Amygdala,ZFM-04301,a06d8bd4-5caf-4c77-9b21-396649cd8787
18,-28702.132903051162,20,Amygdala,ZFM-04301,a06d8bd4-5caf-4c77-9b21-396649cd8787
0,-20354.03772830138,2,Thalamus,ZFM-04301,a06d8bd4-5caf-4c77-9b21-396649cd8787
1,-20051.625254698483,3,Thalamus,ZFM-04301,a06d8bd4-5caf-4c77-9b21-396649cd8787
2,-19868.822287075734,4,Thalamus,ZFM-04301,a06d8bd4-5caf-4c77-9b21-396649cd8787
3,-19799.67897633276,5,Thalamus,ZFM-04301,a06d8bd4-5caf-4c77-9b21-396649cd8787
4,-19742.74525908542,6,Thalamus,ZFM-04301,a06d8bd4-5caf-4c77-9b21-396649cd8787
5,-19588.47559083153,7,Thalamus,ZFM-04301,a06d8bd4-5caf-4c77-9b21-396649cd8787
6,-19565.581869499394,8,Thalamus,ZFM-04301,a06d8bd4-5caf-4c77-9b21-396649cd8787
7,-19557.369218853964,9,Thalamus,ZFM-04301,a06d8bd4-5caf-4c77-9b21-396649cd8787
8,-19563.71319758716,10,Thalamus,ZFM-04301,a06d8bd4-5caf-4c77-9b21-396649cd8787
9,-19518.677426319464,11,Thalamus,ZFM-04301,a06d8bd4-5caf-4c77-9b21-396649cd8787
10,-19506.464189900595,12,Thalamus,ZFM-04301,a06d8bd4-5caf-4c77-9b21-396649cd8787
11,-19480.81139957936,13,Thalamus,ZFM-04301,a06d8bd4-5caf-4c77-9b21-396649cd8787
12,-19509.943490892827,14,Thalamus,ZFM-04301,a06d8bd4-5caf-4c77-9b21-396649cd8787
13,-19478.68892009387,15,Thalamus,ZFM-04301,a06d8bd4-5caf-4c77-9b21-396649cd8787
14,-19503.61580845895,16,Thalamus,ZFM-04301,a06d8bd4-5caf-4c77-9b21-396649cd8787
15,-19491.771233484615,17,Thalamus,ZFM-04301,a06d8bd4-5caf-4c77-9b21-396649cd8787
16,-19458.292838873716,18,Thalamus,ZFM-04301,a06d8bd4-5caf-4c77-9b21-396649cd8787
17,-19456.76997734643,19,Thalamus,ZFM-04301,a06d8bd4-5caf-4c77-9b21-396649cd8787
18,-19467.85547743847,20,Thalamus,ZFM-04301,a06d8bd4-5caf-4c77-9b21-396649cd8787
0,-180345.47994542413,2,Frontal,ZFM-04301,be033cc4-7153-4dbd-81cb-b68b4d38a237
1,-175333.05097853357,3,Frontal,ZFM-04301,be033cc4-7153-4dbd-81cb-b68b4d38a237
2,-173705.39191987208,4,Frontal,ZFM-04301,be033cc4-7153-4dbd-81cb-b68b4d38a237
3,-172835.38588989846,5,Frontal,ZFM-04301,be033cc4-7153-4dbd-81cb-b68b4d38a237
4,-171338.479628209,6,Frontal,ZFM-04301,be033cc4-7153-4dbd-81cb-b68b4d38a237
5,-170816.77036999844,7,Frontal,ZFM-04301,be033cc4-7153-4dbd-81cb-b68b4d38a237
6,-170458.61322425713,8,Frontal,ZFM-04301,be033cc4-7153-4dbd-81cb-b68b4d38a237
7,-169924.71017375102,9,Frontal,ZFM-04301,be033cc4-7153-4dbd-81cb-b68b4d38a237
8,-169468.10244577305,10,Frontal,ZFM-04301,be033cc4-7153-4dbd-81cb-b68b4d38a237
9,-169282.3114027779,11,Frontal,ZFM-04301,be033cc4-7153-4dbd-81cb-b68b4d38a237
10,-169219.54517122838,12,Frontal,ZFM-04301,be033cc4-7153-4dbd-81cb-b68b4d38a237
11,-168588.83448730034,13,Frontal,ZFM-04301,be033cc4-7153-4dbd-81cb-b68b4d38a237
12,-168248.92646172643,14,Frontal,ZFM-04301,be033cc4-7153-4dbd-81cb-b68b4d38a237
13,-168243.59079216083,15,Frontal,ZFM-04301,be033cc4-7153-4dbd-81cb-b68b4d38a237
14,-167797.24276890233,16,Frontal,ZFM-04301,be033cc4-7153-4dbd-81cb-b68b4d38a237
15,-167730.12359319057,17,Frontal,ZFM-04301,be033cc4-7153-4dbd-81cb-b68b4d38a237
16,-167598.37866327638,18,Frontal,ZFM-04301,be033cc4-7153-4dbd-81cb-b68b4d38a237
17,-167178.4998019417,19,Frontal,ZFM-04301,be033cc4-7153-4dbd-81cb-b68b4d38a237
18,-167089.70710247723,20,Frontal,ZFM-04301,be033cc4-7153-4dbd-81cb-b68b4d38a237
0,-115156.84094838994,2,Frontal,ZFM-04301,ba24fe75-eb12-440f-810c-1a0ae9550da7
1,-112429.4290187807,3,Frontal,ZFM-04301,ba24fe75-eb12-440f-810c-1a0ae9550da7
2,-110683.67840896317,4,Frontal,ZFM-04301,ba24fe75-eb12-440f-810c-1a0ae9550da7
3,-109552.49162992972,5,Frontal,ZFM-04301,ba24fe75-eb12-440f-810c-1a0ae9550da7
4,-109289.5127350239,6,Frontal,ZFM-04301,ba24fe75-eb12-440f-810c-1a0ae9550da7
5,-108173.08262211413,7,Frontal,ZFM-04301,ba24fe75-eb12-440f-810c-1a0ae9550da7
6,-108156.78255226563,8,Frontal,ZFM-04301,ba24fe75-eb12-440f-810c-1a0ae9550da7
7,-107250.45160256494,9,Frontal,ZFM-04301,ba24fe75-eb12-440f-810c-1a0ae9550da7
8,-106817.90771698485,10,Frontal,ZFM-04301,ba24fe75-eb12-440f-810c-1a0ae9550da7
9,-106994.52238628044,11,Frontal,ZFM-04301,ba24fe75-eb12-440f-810c-1a0ae9550da7
10,-106008.68279430631,12,Frontal,ZFM-04301,ba24fe75-eb12-440f-810c-1a0ae9550da7
11,-105873.28229607262,13,Frontal,ZFM-04301,ba24fe75-eb12-440f-810c-1a0ae9550da7
12,-105453.62090434151,14,Frontal,ZFM-04301,ba24fe75-eb12-440f-810c-1a0ae9550da7
13,-105388.4064922689,15,Frontal,ZFM-04301,ba24fe75-eb12-440f-810c-1a0ae9550da7
14,-105113.28005391153,16,Frontal,ZFM-04301,ba24fe75-eb12-440f-810c-1a0ae9550da7
15,-104857.68709221187,17,Frontal,ZFM-04301,ba24fe75-eb12-440f-810c-1a0ae9550da7
16,-104819.82391367927,18,Frontal,ZFM-04301,ba24fe75-eb12-440f-810c-1a0ae9550da7
17,-104513.73968869905,19,Frontal,ZFM-04301,ba24fe75-eb12-440f-810c-1a0ae9550da7
18,-104493.63731916696,20,Frontal,ZFM-04301,ba24fe75-eb12-440f-810c-1a0ae9550da7
0,-35512.541032620014,2,Sensory,ZFM-04301,ba24fe75-eb12-440f-810c-1a0ae9550da7
1,-34782.41284324324,3,Sensory,ZFM-04301,ba24fe75-eb12-440f-810c-1a0ae9550da7
2,-34468.38191211939,4,Sensory,ZFM-04301,ba24fe75-eb12-440f-810c-1a0ae9550da7
3,-34261.64871541552,5,Sensory,ZFM-04301,ba24fe75-eb12-440f-810c-1a0ae9550da7
4,-34127.6122646806,6,Sensory,ZFM-04301,ba24fe75-eb12-440f-810c-1a0ae9550da7
5,-33924.89259038921,7,Sensory,ZFM-04301,ba24fe75-eb12-440f-810c-1a0ae9550da7
6,-33842.10206806465,8,Sensory,ZFM-04301,ba24fe75-eb12-440f-810c-1a0ae9550da7
7,-33637.72967766324,9,Sensory,ZFM-04301,ba24fe75-eb12-440f-810c-1a0ae9550da7
8,-33544.435104312266,10,Sensory,ZFM-04301,ba24fe75-eb12-440f-810c-1a0ae9550da7
9,-33515.68742556775,11,Sensory,ZFM-04301,ba24fe75-eb12-440f-810c-1a0ae9550da7
10,-33453.25609394662,12,Sensory,ZFM-04301,ba24fe75-eb12-440f-810c-1a0ae9550da7
11,-33399.74249947698,13,Sensory,ZFM-04301,ba24fe75-eb12-440f-810c-1a0ae9550da7
12,-33390.98602759122,14,Sensory,ZFM-04301,ba24fe75-eb12-440f-810c-1a0ae9550da7
13,-33327.605406227005,15,Sensory,ZFM-04301,ba24fe75-eb12-440f-810c-1a0ae9550da7
14,-33226.34192714208,16,Sensory,ZFM-04301,ba24fe75-eb12-440f-810c-1a0ae9550da7
15,-33266.116565350465,17,Sensory,ZFM-04301,ba24fe75-eb12-440f-810c-1a0ae9550da7
16,-33187.308500203726,18,Sensory,ZFM-04301,ba24fe75-eb12-440f-810c-1a0ae9550da7
17,-33195.11234539902,19,Sensory,ZFM-04301,ba24fe75-eb12-440f-810c-1a0ae9550da7
18,-33153.8267279899,20,Sensory,ZFM-04301,ba24fe75-eb12-440f-810c-1a0ae9550da7
0,-29986.850651879562,2,Midbrain,ZFM-04301,edd4c8af-110f-4ca7-bb4c-2578d108addb
1,-26646.3802893375,3,Midbrain,ZFM-04301,edd4c8af-110f-4ca7-bb4c-2578d108addb
2,-25544.289584424936,4,Midbrain,ZFM-04301,edd4c8af-110f-4ca7-bb4c-2578d108addb
3,-25069.990197154555,5,Midbrain,ZFM-04301,edd4c8af-110f-4ca7-bb4c-2578d108addb
4,-24905.35702214669,6,Midbrain,ZFM-04301,edd4c8af-110f-4ca7-bb4c-2578d108addb
5,-24754.88871464443,7,Midbrain,ZFM-04301,edd4c8af-110f-4ca7-bb4c-2578d108addb
6,-24642.34630565465,8,Midbrain,ZFM-04301,edd4c8af-110f-4ca7-bb4c-2578d108addb
7,-24521.84363888134,9,Midbrain,ZFM-04301,edd4c8af-110f-4ca7-bb4c-2578d108addb
8,-24404.52141484194,10,Midbrain,ZFM-04301,edd4c8af-110f-4ca7-bb4c-2578d108addb
9,-24308.595803067026,11,Midbrain,ZFM-04301,edd4c8af-110f-4ca7-bb4c-2578d108addb
10,-24150.936319512755,12,Midbrain,ZFM-04301,edd4c8af-110f-4ca7-bb4c-2578d108addb
11,-24245.890564473928,13,Midbrain,ZFM-04301,edd4c8af-110f-4ca7-bb4c-2578d108addb
12,-24041.915144603012,14,Midbrain,ZFM-04301,edd4c8af-110f-4ca7-bb4c-2578d108addb
13,-23997.143049691836,15,Midbrain,ZFM-04301,edd4c8af-110f-4ca7-bb4c-2578d108addb
14,-23916.01643480407,16,Midbrain,ZFM-04301,edd4c8af-110f-4ca7-bb4c-2578d108addb
15,-23980.7557019815,17,Midbrain,ZFM-04301,edd4c8af-110f-4ca7-bb4c-2578d108addb
16,-23905.748145504505,18,Midbrain,ZFM-04301,edd4c8af-110f-4ca7-bb4c-2578d108addb
17,-23902.276736432093,19,Midbrain,ZFM-04301,edd4c8af-110f-4ca7-bb4c-2578d108addb
18,-23925.31993695755,20,Midbrain,ZFM-04301,edd4c8af-110f-4ca7-bb4c-2578d108addb
0,-86536.36730312389,2,Hippocampus,ZFM-04300,3ac05dd2-a294-4939-a837-93fe5ca543b6
1,-83636.15587030015,3,Hippocampus,ZFM-04300,3ac05dd2-a294-4939-a837-93fe5ca543b6
2,-82213.34385424586,4,Hippocampus,ZFM-04300,3ac05dd2-a294-4939-a837-93fe5ca543b6
3,-80870.8590027101,5,Hippocampus,ZFM-04300,3ac05dd2-a294-4939-a837-93fe5ca543b6
4,-80081.25930167917,6,Hippocampus,ZFM-04300,3ac05dd2-a294-4939-a837-93fe5ca543b6
5,-80149.55867585193,7,Hippocampus,ZFM-04300,3ac05dd2-a294-4939-a837-93fe5ca543b6
6,-79390.51502246874,8,Hippocampus,ZFM-04300,3ac05dd2-a294-4939-a837-93fe5ca543b6
7,-78783.59090004672,9,Hippocampus,ZFM-04300,3ac05dd2-a294-4939-a837-93fe5ca543b6
8,-78656.72130352951,10,Hippocampus,ZFM-04300,3ac05dd2-a294-4939-a837-93fe5ca543b6
9,-78295.87273764906,11,Hippocampus,ZFM-04300,3ac05dd2-a294-4939-a837-93fe5ca543b6
10,-78217.2094263171,12,Hippocampus,ZFM-04300,3ac05dd2-a294-4939-a837-93fe5ca543b6
11,-77962.89811889626,13,Hippocampus,ZFM-04300,3ac05dd2-a294-4939-a837-93fe5ca543b6
12,-77831.53440042997,14,Hippocampus,ZFM-04300,3ac05dd2-a294-4939-a837-93fe5ca543b6
13,-77454.16598559376,15,Hippocampus,ZFM-04300,3ac05dd2-a294-4939-a837-93fe5ca543b6
14,-77323.73535294262,16,Hippocampus,ZFM-04300,3ac05dd2-a294-4939-a837-93fe5ca543b6
15,-77209.12262244943,17,Hippocampus,ZFM-04300,3ac05dd2-a294-4939-a837-93fe5ca543b6
16,-77113.13629831956,18,Hippocampus,ZFM-04300,3ac05dd2-a294-4939-a837-93fe5ca543b6
17,-76959.68755157462,19,Hippocampus,ZFM-04300,3ac05dd2-a294-4939-a837-93fe5ca543b6
18,-76824.55865665413,20,Hippocampus,ZFM-04300,3ac05dd2-a294-4939-a837-93fe5ca543b6
0,-108485.41243931555,2,Midbrain,ZFM-04300,d47ad5d8-5c7e-4ec6-9a94-0d2a23033dda
1,-104146.695022851,3,Midbrain,ZFM-04300,d47ad5d8-5c7e-4ec6-9a94-0d2a23033dda
2,-97900.97047114022,4,Midbrain,ZFM-04300,d47ad5d8-5c7e-4ec6-9a94-0d2a23033dda
3,-96617.63206740978,5,Midbrain,ZFM-04300,d47ad5d8-5c7e-4ec6-9a94-0d2a23033dda
4,-93253.120768004,6,Midbrain,ZFM-04300,d47ad5d8-5c7e-4ec6-9a94-0d2a23033dda
5,-93024.16607177122,7,Midbrain,ZFM-04300,d47ad5d8-5c7e-4ec6-9a94-0d2a23033dda
6,-90846.17082368808,8,Midbrain,ZFM-04300,d47ad5d8-5c7e-4ec6-9a94-0d2a23033dda
7,-90529.08484457273,9,Midbrain,ZFM-04300,d47ad5d8-5c7e-4ec6-9a94-0d2a23033dda
8,-90869.77281613194,10,Midbrain,ZFM-04300,d47ad5d8-5c7e-4ec6-9a94-0d2a23033dda
9,-89451.55805249358,11,Midbrain,ZFM-04300,d47ad5d8-5c7e-4ec6-9a94-0d2a23033dda
10,-88608.6042604211,12,Midbrain,ZFM-04300,d47ad5d8-5c7e-4ec6-9a94-0d2a23033dda
11,-88357.96710559868,13,Midbrain,ZFM-04300,d47ad5d8-5c7e-4ec6-9a94-0d2a23033dda
12,-87457.41060423519,14,Midbrain,ZFM-04300,d47ad5d8-5c7e-4ec6-9a94-0d2a23033dda
13,-86621.9842528708,15,Midbrain,ZFM-04300,d47ad5d8-5c7e-4ec6-9a94-0d2a23033dda
14,-86293.39730992293,16,Midbrain,ZFM-04300,d47ad5d8-5c7e-4ec6-9a94-0d2a23033dda
15,-85932.20385704712,17,Midbrain,ZFM-04300,d47ad5d8-5c7e-4ec6-9a94-0d2a23033dda
16,-85737.07402922,18,Midbrain,ZFM-04300,d47ad5d8-5c7e-4ec6-9a94-0d2a23033dda
17,-85564.27812867495,19,Midbrain,ZFM-04300,d47ad5d8-5c7e-4ec6-9a94-0d2a23033dda
18,-85036.77342216551,20,Midbrain,ZFM-04300,d47ad5d8-5c7e-4ec6-9a94-0d2a23033dda
0,-20331.704066143055,2,Amygdala,ZFM-04300,ea75c815-b3d8-4612-89e7-4b25cfec110d
1,-18829.465864873837,3,Amygdala,ZFM-04300,ea75c815-b3d8-4612-89e7-4b25cfec110d
2,-18471.58254452791,4,Amygdala,ZFM-04300,ea75c815-b3d8-4612-89e7-4b25cfec110d
3,-18047.23773955717,5,Amygdala,ZFM-04300,ea75c815-b3d8-4612-89e7-4b25cfec110d
4,-17864.011909966175,6,Amygdala,ZFM-04300,ea75c815-b3d8-4612-89e7-4b25cfec110d
5,-17789.97628851873,7,Amygdala,ZFM-04300,ea75c815-b3d8-4612-89e7-4b25cfec110d
6,-17803.46479522248,8,Amygdala,ZFM-04300,ea75c815-b3d8-4612-89e7-4b25cfec110d
7,-17577.415159577587,9,Amygdala,ZFM-04300,ea75c815-b3d8-4612-89e7-4b25cfec110d
8,-17671.027994808464,10,Amygdala,ZFM-04300,ea75c815-b3d8-4612-89e7-4b25cfec110d
9,-17523.948499770075,11,Amygdala,ZFM-04300,ea75c815-b3d8-4612-89e7-4b25cfec110d
10,-17582.779124737874,12,Amygdala,ZFM-04300,ea75c815-b3d8-4612-89e7-4b25cfec110d
11,-17482.78772705326,13,Amygdala,ZFM-04300,ea75c815-b3d8-4612-89e7-4b25cfec110d
12,-17429.507624657985,14,Amygdala,ZFM-04300,ea75c815-b3d8-4612-89e7-4b25cfec110d
13,-17465.412187677754,15,Amygdala,ZFM-04300,ea75c815-b3d8-4612-89e7-4b25cfec110d
14,-17432.700886769333,16,Amygdala,ZFM-04300,ea75c815-b3d8-4612-89e7-4b25cfec110d
15,-17462.86292184221,17,Amygdala,ZFM-04300,ea75c815-b3d8-4612-89e7-4b25cfec110d
16,-17416.510602559276,18,Amygdala,ZFM-04300,ea75c815-b3d8-4612-89e7-4b25cfec110d
17,-17422.7877103122,19,Amygdala,ZFM-04300,ea75c815-b3d8-4612-89e7-4b25cfec110d
18,-17384.446666907304,20,Amygdala,ZFM-04300,ea75c815-b3d8-4612-89e7-4b25cfec110d
0,-54437.20165456689,2,Hippocampus,ZFM-04300,ea75c815-b3d8-4612-89e7-4b25cfec110d
1,-53392.18188310471,3,Hippocampus,ZFM-04300,ea75c815-b3d8-4612-89e7-4b25cfec110d
2,-52926.99278399635,4,Hippocampus,ZFM-04300,ea75c815-b3d8-4612-89e7-4b25cfec110d
3,-52723.05462199492,5,Hippocampus,ZFM-04300,ea75c815-b3d8-4612-89e7-4b25cfec110d
4,-52185.544364469504,6,Hippocampus,ZFM-04300,ea75c815-b3d8-4612-89e7-4b25cfec110d
5,-52020.28296200285,7,Hippocampus,ZFM-04300,ea75c815-b3d8-4612-89e7-4b25cfec110d
6,-51648.45255618243,8,Hippocampus,ZFM-04300,ea75c815-b3d8-4612-89e7-4b25cfec110d
7,-51498.00478087781,9,Hippocampus,ZFM-04300,ea75c815-b3d8-4612-89e7-4b25cfec110d
8,-51379.935274464355,10,Hippocampus,ZFM-04300,ea75c815-b3d8-4612-89e7-4b25cfec110d
9,-51312.76205720358,11,Hippocampus,ZFM-04300,ea75c815-b3d8-4612-89e7-4b25cfec110d
10,-51292.154277558504,12,Hippocampus,ZFM-04300,ea75c815-b3d8-4612-89e7-4b25cfec110d
11,-51265.20479732538,13,Hippocampus,ZFM-04300,ea75c815-b3d8-4612-89e7-4b25cfec110d
12,-51101.595886541756,14,Hippocampus,ZFM-04300,ea75c815-b3d8-4612-89e7-4b25cfec110d
13,-51121.38778275436,15,Hippocampus,ZFM-04300,ea75c815-b3d8-4612-89e7-4b25cfec110d
14,-51133.92148264135,16,Hippocampus,ZFM-04300,ea75c815-b3d8-4612-89e7-4b25cfec110d
15,-50984.554453530094,17,Hippocampus,ZFM-04300,ea75c815-b3d8-4612-89e7-4b25cfec110d
16,-50879.63015776842,18,Hippocampus,ZFM-04300,ea75c815-b3d8-4612-89e7-4b25cfec110d
17,-50951.09566587672,19,Hippocampus,ZFM-04300,ea75c815-b3d8-4612-89e7-4b25cfec110d
18,-50935.64069134723,20,Hippocampus,ZFM-04300,ea75c815-b3d8-4612-89e7-4b25cfec110d
0,-134371.1496387343,2,Frontal,ZFM-04083,ac9a1b86-f421-4bef-a613-3579684f8720
1,-130121.88489611956,3,Frontal,ZFM-04083,ac9a1b86-f421-4bef-a613-3579684f8720
2,-127291.88917399623,4,Frontal,ZFM-04083,ac9a1b86-f421-4bef-a613-3579684f8720
3,-125575.57894618649,5,Frontal,ZFM-04083,ac9a1b86-f421-4bef-a613-3579684f8720
4,-124598.04384161066,6,Frontal,ZFM-04083,ac9a1b86-f421-4bef-a613-3579684f8720
5,-123434.18215763503,7,Frontal,ZFM-04083,ac9a1b86-f421-4bef-a613-3579684f8720
6,-122667.09264060207,8,Frontal,ZFM-04083,ac9a1b86-f421-4bef-a613-3579684f8720
7,-121848.6649363125,9,Frontal,ZFM-04083,ac9a1b86-f421-4bef-a613-3579684f8720
8,-121409.09562855127,10,Frontal,ZFM-04083,ac9a1b86-f421-4bef-a613-3579684f8720
9,-120918.66582259069,11,Frontal,ZFM-04083,ac9a1b86-f421-4bef-a613-3579684f8720
10,-121187.45063759552,12,Frontal,ZFM-04083,ac9a1b86-f421-4bef-a613-3579684f8720
11,-119995.72780660643,13,Frontal,ZFM-04083,ac9a1b86-f421-4bef-a613-3579684f8720
12,-120312.83299127982,14,Frontal,ZFM-04083,ac9a1b86-f421-4bef-a613-3579684f8720
13,-119416.95732931951,15,Frontal,ZFM-04083,ac9a1b86-f421-4bef-a613-3579684f8720
14,-118796.82217676575,16,Frontal,ZFM-04083,ac9a1b86-f421-4bef-a613-3579684f8720
15,-118816.94255082674,17,Frontal,ZFM-04083,ac9a1b86-f421-4bef-a613-3579684f8720
16,-118461.50682354337,18,Frontal,ZFM-04083,ac9a1b86-f421-4bef-a613-3579684f8720
17,-118217.20012681773,19,Frontal,ZFM-04083,ac9a1b86-f421-4bef-a613-3579684f8720
18,-117874.56684670536,20,Frontal,ZFM-04083,ac9a1b86-f421-4bef-a613-3579684f8720
0,-94246.80541581886,2,Sensory,ZFM-04083,ac9a1b86-f421-4bef-a613-3579684f8720
1,-92530.49486999179,3,Sensory,ZFM-04083,ac9a1b86-f421-4bef-a613-3579684f8720
2,-91362.43711731714,4,Sensory,ZFM-04083,ac9a1b86-f421-4bef-a613-3579684f8720
3,-90952.28330992762,5,Sensory,ZFM-04083,ac9a1b86-f421-4bef-a613-3579684f8720
4,-90264.15311274205,6,Sensory,ZFM-04083,ac9a1b86-f421-4bef-a613-3579684f8720
5,-89887.3117405805,7,Sensory,ZFM-04083,ac9a1b86-f421-4bef-a613-3579684f8720
6,-89772.84443453485,8,Sensory,ZFM-04083,ac9a1b86-f421-4bef-a613-3579684f8720
7,-89217.12102071187,9,Sensory,ZFM-04083,ac9a1b86-f421-4bef-a613-3579684f8720
8,-88935.92737494614,10,Sensory,ZFM-04083,ac9a1b86-f421-4bef-a613-3579684f8720
9,-88763.71672645265,11,Sensory,ZFM-04083,ac9a1b86-f421-4bef-a613-3579684f8720
10,-88687.54217747143,12,Sensory,ZFM-04083,ac9a1b86-f421-4bef-a613-3579684f8720
11,-88456.20007740815,13,Sensory,ZFM-04083,ac9a1b86-f421-4bef-a613-3579684f8720
12,-88278.08506471018,14,Sensory,ZFM-04083,ac9a1b86-f421-4bef-a613-3579684f8720
13,-88080.96602846732,15,Sensory,ZFM-04083,ac9a1b86-f421-4bef-a613-3579684f8720
14,-88090.42339572827,16,Sensory,ZFM-04083,ac9a1b86-f421-4bef-a613-3579684f8720
15,-87934.31014575314,17,Sensory,ZFM-04083,ac9a1b86-f421-4bef-a613-3579684f8720
16,-87835.2550938512,18,Sensory,ZFM-04083,ac9a1b86-f421-4bef-a613-3579684f8720
17,-87671.24160293752,19,Sensory,ZFM-04083,ac9a1b86-f421-4bef-a613-3579684f8720
18,-87606.88349135563,20,Sensory,ZFM-04083,ac9a1b86-f421-4bef-a613-3579684f8720
0,-76694.56806426751,2,Midbrain,ZFM-04083,ad7dbfe0-6a72-49da-a6f6-9a10ab8230cb
1,-73569.03068792453,3,Midbrain,ZFM-04083,ad7dbfe0-6a72-49da-a6f6-9a10ab8230cb
2,-72637.50339494145,4,Midbrain,ZFM-04083,ad7dbfe0-6a72-49da-a6f6-9a10ab8230cb
3,-72054.9553407777,5,Midbrain,ZFM-04083,ad7dbfe0-6a72-49da-a6f6-9a10ab8230cb
4,-71516.14118219735,6,Midbrain,ZFM-04083,ad7dbfe0-6a72-49da-a6f6-9a10ab8230cb
5,-71186.52586864709,7,Midbrain,ZFM-04083,ad7dbfe0-6a72-49da-a6f6-9a10ab8230cb
6,-71405.99976958279,8,Midbrain,ZFM-04083,ad7dbfe0-6a72-49da-a6f6-9a10ab8230cb
7,-71049.34944746458,9,Midbrain,ZFM-04083,ad7dbfe0-6a72-49da-a6f6-9a10ab8230cb
8,-70617.36325958608,10,Midbrain,ZFM-04083,ad7dbfe0-6a72-49da-a6f6-9a10ab8230cb
9,-70807.16739017966,11,Midbrain,ZFM-04083,ad7dbfe0-6a72-49da-a6f6-9a10ab8230cb
10,-70033.89836643155,12,Midbrain,ZFM-04083,ad7dbfe0-6a72-49da-a6f6-9a10ab8230cb
11,-69990.26478369185,13,Midbrain,ZFM-04083,ad7dbfe0-6a72-49da-a6f6-9a10ab8230cb
12,-69781.89960401638,14,Midbrain,ZFM-04083,ad7dbfe0-6a72-49da-a6f6-9a10ab8230cb
13,-70324.25223306764,15,Midbrain,ZFM-04083,ad7dbfe0-6a72-49da-a6f6-9a10ab8230cb
14,-69593.82185359523,16,Midbrain,ZFM-04083,ad7dbfe0-6a72-49da-a6f6-9a10ab8230cb
15,-69748.07063638871,17,Midbrain,ZFM-04083,ad7dbfe0-6a72-49da-a6f6-9a10ab8230cb
16,-69705.47680374421,18,Midbrain,ZFM-04083,ad7dbfe0-6a72-49da-a6f6-9a10ab8230cb
17,-69594.4920370953,19,Midbrain,ZFM-04083,ad7dbfe0-6a72-49da-a6f6-9a10ab8230cb
18,-69605.15049938015,20,Midbrain,ZFM-04083,ad7dbfe0-6a72-49da-a6f6-9a10ab8230cb
0,-20770.611916278613,2,Frontal,ZFM-04083,307f9e04-5beb-4a91-a3be-fe3b5c37ed7c
1,-18523.08578406775,3,Frontal,ZFM-04083,307f9e04-5beb-4a91-a3be-fe3b5c37ed7c
2,-17958.290749346077,4,Frontal,ZFM-04083,307f9e04-5beb-4a91-a3be-fe3b5c37ed7c
3,-17648.307730452194,5,Frontal,ZFM-04083,307f9e04-5beb-4a91-a3be-fe3b5c37ed7c
4,-17226.034264459337,6,Frontal,ZFM-04083,307f9e04-5beb-4a91-a3be-fe3b5c37ed7c
5,-17015.519454767636,7,Frontal,ZFM-04083,307f9e04-5beb-4a91-a3be-fe3b5c37ed7c
6,-16875.10739090965,8,Frontal,ZFM-04083,307f9e04-5beb-4a91-a3be-fe3b5c37ed7c
7,-16736.193190828162,9,Frontal,ZFM-04083,307f9e04-5beb-4a91-a3be-fe3b5c37ed7c
8,-16721.409213658026,10,Frontal,ZFM-04083,307f9e04-5beb-4a91-a3be-fe3b5c37ed7c
9,-16604.310966187342,11,Frontal,ZFM-04083,307f9e04-5beb-4a91-a3be-fe3b5c37ed7c
10,-16589.232436241447,12,Frontal,ZFM-04083,307f9e04-5beb-4a91-a3be-fe3b5c37ed7c
11,-16472.659313237466,13,Frontal,ZFM-04083,307f9e04-5beb-4a91-a3be-fe3b5c37ed7c
12,-16388.357015096764,14,Frontal,ZFM-04083,307f9e04-5beb-4a91-a3be-fe3b5c37ed7c
13,-16360.117568795074,15,Frontal,ZFM-04083,307f9e04-5beb-4a91-a3be-fe3b5c37ed7c
14,-16299.902076562976,16,Frontal,ZFM-04083,307f9e04-5beb-4a91-a3be-fe3b5c37ed7c
15,-16331.36480404861,17,Frontal,ZFM-04083,307f9e04-5beb-4a91-a3be-fe3b5c37ed7c
16,-16164.28674543403,18,Frontal,ZFM-04083,307f9e04-5beb-4a91-a3be-fe3b5c37ed7c
17,-16180.524028796732,19,Frontal,ZFM-04083,307f9e04-5beb-4a91-a3be-fe3b5c37ed7c
18,-16140.806669797748,20,Frontal,ZFM-04083,307f9e04-5beb-4a91-a3be-fe3b5c37ed7c
0,-5134.299883555401,2,Striatum,ZFM-04083,307f9e04-5beb-4a91-a3be-fe3b5c37ed7c
1,-4877.331047612417,3,Striatum,ZFM-04083,307f9e04-5beb-4a91-a3be-fe3b5c37ed7c
2,-4800.180813542017,4,Striatum,ZFM-04083,307f9e04-5beb-4a91-a3be-fe3b5c37ed7c
3,-4756.381856232121,5,Striatum,ZFM-04083,307f9e04-5beb-4a91-a3be-fe3b5c37ed7c
4,-4673.511914661109,6,Striatum,ZFM-04083,307f9e04-5beb-4a91-a3be-fe3b5c37ed7c
5,-4648.741098662432,7,Striatum,ZFM-04083,307f9e04-5beb-4a91-a3be-fe3b5c37ed7c
6,-4631.35438357239,8,Striatum,ZFM-04083,307f9e04-5beb-4a91-a3be-fe3b5c37ed7c
7,-4619.920434108014,9,Striatum,ZFM-04083,307f9e04-5beb-4a91-a3be-fe3b5c37ed7c
8,-4660.808649516739,10,Striatum,ZFM-04083,307f9e04-5beb-4a91-a3be-fe3b5c37ed7c
9,-4601.5721852384295,11,Striatum,ZFM-04083,307f9e04-5beb-4a91-a3be-fe3b5c37ed7c
10,-4602.6302972926815,12,Striatum,ZFM-04083,307f9e04-5beb-4a91-a3be-fe3b5c37ed7c
11,-4624.613523187877,13,Striatum,ZFM-04083,307f9e04-5beb-4a91-a3be-fe3b5c37ed7c
12,-4601.432290953507,14,Striatum,ZFM-04083,307f9e04-5beb-4a91-a3be-fe3b5c37ed7c
13,-4582.801464616002,15,Striatum,ZFM-04083,307f9e04-5beb-4a91-a3be-fe3b5c37ed7c
14,-4596.170752076835,16,Striatum,ZFM-04083,307f9e04-5beb-4a91-a3be-fe3b5c37ed7c
15,-4595.50938696572,17,Striatum,ZFM-04083,307f9e04-5beb-4a91-a3be-fe3b5c37ed7c
16,-4592.936020220334,18,Striatum,ZFM-04083,307f9e04-5beb-4a91-a3be-fe3b5c37ed7c
17,-4593.967696514204,19,Striatum,ZFM-04083,307f9e04-5beb-4a91-a3be-fe3b5c37ed7c
18,-4579.9273910364645,20,Striatum,ZFM-04083,307f9e04-5beb-4a91-a3be-fe3b5c37ed7c
0,-10863.133076829325,2,Hippocampus,ZFM-04083,5d2acdf4-b7f6-4545-b72c-ee88a64b81c5
1,-10458.698733303514,3,Hippocampus,ZFM-04083,5d2acdf4-b7f6-4545-b72c-ee88a64b81c5
2,-10380.229927727027,4,Hippocampus,ZFM-04083,5d2acdf4-b7f6-4545-b72c-ee88a64b81c5
3,-10262.464755460436,5,Hippocampus,ZFM-04083,5d2acdf4-b7f6-4545-b72c-ee88a64b81c5
4,-10197.44344472108,6,Hippocampus,ZFM-04083,5d2acdf4-b7f6-4545-b72c-ee88a64b81c5
5,-10196.243360660474,7,Hippocampus,ZFM-04083,5d2acdf4-b7f6-4545-b72c-ee88a64b81c5
6,-10177.838658333449,8,Hippocampus,ZFM-04083,5d2acdf4-b7f6-4545-b72c-ee88a64b81c5
7,-10077.188929953805,9,Hippocampus,ZFM-04083,5d2acdf4-b7f6-4545-b72c-ee88a64b81c5
8,-10052.352887296289,10,Hippocampus,ZFM-04083,5d2acdf4-b7f6-4545-b72c-ee88a64b81c5
9,-10028.578885351577,11,Hippocampus,ZFM-04083,5d2acdf4-b7f6-4545-b72c-ee88a64b81c5
10,-9981.697137447854,12,Hippocampus,ZFM-04083,5d2acdf4-b7f6-4545-b72c-ee88a64b81c5
11,-9973.292412393792,13,Hippocampus,ZFM-04083,5d2acdf4-b7f6-4545-b72c-ee88a64b81c5
12,-10014.937698266427,14,Hippocampus,ZFM-04083,5d2acdf4-b7f6-4545-b72c-ee88a64b81c5
13,-9971.992748186332,15,Hippocampus,ZFM-04083,5d2acdf4-b7f6-4545-b72c-ee88a64b81c5
14,-9955.206816203265,16,Hippocampus,ZFM-04083,5d2acdf4-b7f6-4545-b72c-ee88a64b81c5
15,-9995.4613600495,17,Hippocampus,ZFM-04083,5d2acdf4-b7f6-4545-b72c-ee88a64b81c5
16,-9971.30442239331,18,Hippocampus,ZFM-04083,5d2acdf4-b7f6-4545-b72c-ee88a64b81c5
17,-9967.579571898852,19,Hippocampus,ZFM-04083,5d2acdf4-b7f6-4545-b72c-ee88a64b81c5
18,-9964.801180950832,20,Hippocampus,ZFM-04083,5d2acdf4-b7f6-4545-b72c-ee88a64b81c5
0,-63140.885171058355,2,Thalamus,ZFM-04083,5d2acdf4-b7f6-4545-b72c-ee88a64b81c5
1,-60720.469552800365,3,Thalamus,ZFM-04083,5d2acdf4-b7f6-4545-b72c-ee88a64b81c5
2,-59818.156641694586,4,Thalamus,ZFM-04083,5d2acdf4-b7f6-4545-b72c-ee88a64b81c5
3,-59055.619264926194,5,Thalamus,ZFM-04083,5d2acdf4-b7f6-4545-b72c-ee88a64b81c5
4,-58568.952222912325,6,Thalamus,ZFM-04083,5d2acdf4-b7f6-4545-b72c-ee88a64b81c5
5,-58199.538694705894,7,Thalamus,ZFM-04083,5d2acdf4-b7f6-4545-b72c-ee88a64b81c5
6,-58043.14111971022,8,Thalamus,ZFM-04083,5d2acdf4-b7f6-4545-b72c-ee88a64b81c5
7,-57831.09378060554,9,Thalamus,ZFM-04083,5d2acdf4-b7f6-4545-b72c-ee88a64b81c5
8,-57617.497393887184,10,Thalamus,ZFM-04083,5d2acdf4-b7f6-4545-b72c-ee88a64b81c5
9,-57397.43162112992,11,Thalamus,ZFM-04083,5d2acdf4-b7f6-4545-b72c-ee88a64b81c5
10,-57428.456498262305,12,Thalamus,ZFM-04083,5d2acdf4-b7f6-4545-b72c-ee88a64b81c5
11,-57137.514481950646,13,Thalamus,ZFM-04083,5d2acdf4-b7f6-4545-b72c-ee88a64b81c5
12,-57037.43739249363,14,Thalamus,ZFM-04083,5d2acdf4-b7f6-4545-b72c-ee88a64b81c5
13,-56915.28942973096,15,Thalamus,ZFM-04083,5d2acdf4-b7f6-4545-b72c-ee88a64b81c5
14,-56767.00338413082,16,Thalamus,ZFM-04083,5d2acdf4-b7f6-4545-b72c-ee88a64b81c5
15,-56829.762220309305,17,Thalamus,ZFM-04083,5d2acdf4-b7f6-4545-b72c-ee88a64b81c5
16,-56622.76662966871,18,Thalamus,ZFM-04083,5d2acdf4-b7f6-4545-b72c-ee88a64b81c5
17,-56516.64617163904,19,Thalamus,ZFM-04083,5d2acdf4-b7f6-4545-b72c-ee88a64b81c5
18,-56542.62236677977,20,Thalamus,ZFM-04083,5d2acdf4-b7f6-4545-b72c-ee88a64b81c5
0,-22403.68533899444,2,Hippocampus,ZFM-04083,87ddbc18-7a81-49f7-a9fb-d0add506ee27
1,-21994.66819107272,3,Hippocampus,ZFM-04083,87ddbc18-7a81-49f7-a9fb-d0add506ee27
2,-21723.60887826014,4,Hippocampus,ZFM-04083,87ddbc18-7a81-49f7-a9fb-d0add506ee27
3,-21496.95203292818,5,Hippocampus,ZFM-04083,87ddbc18-7a81-49f7-a9fb-d0add506ee27
4,-21292.124840442997,6,Hippocampus,ZFM-04083,87ddbc18-7a81-49f7-a9fb-d0add506ee27
5,-21081.461121449873,7,Hippocampus,ZFM-04083,87ddbc18-7a81-49f7-a9fb-d0add506ee27
6,-20976.123072392136,8,Hippocampus,ZFM-04083,87ddbc18-7a81-49f7-a9fb-d0add506ee27
7,-20921.40541430688,9,Hippocampus,ZFM-04083,87ddbc18-7a81-49f7-a9fb-d0add506ee27
8,-20905.310727639262,10,Hippocampus,ZFM-04083,87ddbc18-7a81-49f7-a9fb-d0add506ee27
9,-20861.520882254783,11,Hippocampus,ZFM-04083,87ddbc18-7a81-49f7-a9fb-d0add506ee27
10,-20709.493869286547,12,Hippocampus,ZFM-04083,87ddbc18-7a81-49f7-a9fb-d0add506ee27
11,-20763.112742869496,13,Hippocampus,ZFM-04083,87ddbc18-7a81-49f7-a9fb-d0add506ee27
12,-20756.55525097385,14,Hippocampus,ZFM-04083,87ddbc18-7a81-49f7-a9fb-d0add506ee27
13,-20685.783508255354,15,Hippocampus,ZFM-04083,87ddbc18-7a81-49f7-a9fb-d0add506ee27
14,-20573.375022856595,16,Hippocampus,ZFM-04083,87ddbc18-7a81-49f7-a9fb-d0add506ee27
15,-20561.72336591154,17,Hippocampus,ZFM-04083,87ddbc18-7a81-49f7-a9fb-d0add506ee27
16,-20635.634970169376,18,Hippocampus,ZFM-04083,87ddbc18-7a81-49f7-a9fb-d0add506ee27
17,-20586.06319577291,19,Hippocampus,ZFM-04083,87ddbc18-7a81-49f7-a9fb-d0add506ee27
18,-20523.387964726204,20,Hippocampus,ZFM-04083,87ddbc18-7a81-49f7-a9fb-d0add506ee27
0,-72990.40478269386,2,Thalamus,ZFM-04083,87ddbc18-7a81-49f7-a9fb-d0add506ee27
1,-71846.04455303575,3,Thalamus,ZFM-04083,87ddbc18-7a81-49f7-a9fb-d0add506ee27
2,-70570.63871476802,4,Thalamus,ZFM-04083,87ddbc18-7a81-49f7-a9fb-d0add506ee27
3,-69684.7184137674,5,Thalamus,ZFM-04083,87ddbc18-7a81-49f7-a9fb-d0add506ee27
4,-69463.29679626021,6,Thalamus,ZFM-04083,87ddbc18-7a81-49f7-a9fb-d0add506ee27
5,-68739.85338190335,7,Thalamus,ZFM-04083,87ddbc18-7a81-49f7-a9fb-d0add506ee27
6,-68414.53442126748,8,Thalamus,ZFM-04083,87ddbc18-7a81-49f7-a9fb-d0add506ee27
7,-67803.45122467083,9,Thalamus,ZFM-04083,87ddbc18-7a81-49f7-a9fb-d0add506ee27
8,-67519.94306404357,10,Thalamus,ZFM-04083,87ddbc18-7a81-49f7-a9fb-d0add506ee27
9,-67637.34923706946,11,Thalamus,ZFM-04083,87ddbc18-7a81-49f7-a9fb-d0add506ee27
10,-67173.1192690536,12,Thalamus,ZFM-04083,87ddbc18-7a81-49f7-a9fb-d0add506ee27
11,-67099.79619447186,13,Thalamus,ZFM-04083,87ddbc18-7a81-49f7-a9fb-d0add506ee27
12,-66769.7406599863,14,Thalamus,ZFM-04083,87ddbc18-7a81-49f7-a9fb-d0add506ee27
13,-66712.20351165334,15,Thalamus,ZFM-04083,87ddbc18-7a81-49f7-a9fb-d0add506ee27
14,-66647.7392270392,16,Thalamus,ZFM-04083,87ddbc18-7a81-49f7-a9fb-d0add506ee27
15,-66412.79816708146,17,Thalamus,ZFM-04083,87ddbc18-7a81-49f7-a9fb-d0add506ee27
16,-66265.1535203746,18,Thalamus,ZFM-04083,87ddbc18-7a81-49f7-a9fb-d0add506ee27
17,-66136.02871976282,19,Thalamus,ZFM-04083,87ddbc18-7a81-49f7-a9fb-d0add506ee27
18,-66006.86371731307,20,Thalamus,ZFM-04083,87ddbc18-7a81-49f7-a9fb-d0add506ee27
0,-95991.01091624964,2,Hippocampus,ZFM-04080,8f914cf1-3466-4fa4-a49d-a8c9182da684
1,-91389.27160977149,3,Hippocampus,ZFM-04080,8f914cf1-3466-4fa4-a49d-a8c9182da684
2,-88810.67634277101,4,Hippocampus,ZFM-04080,8f914cf1-3466-4fa4-a49d-a8c9182da684
3,-86347.71837267591,5,Hippocampus,ZFM-04080,8f914cf1-3466-4fa4-a49d-a8c9182da684
4,-85481.56671926756,6,Hippocampus,ZFM-04080,8f914cf1-3466-4fa4-a49d-a8c9182da684
5,-84282.07449336769,7,Hippocampus,ZFM-04080,8f914cf1-3466-4fa4-a49d-a8c9182da684
6,-83524.65823495941,8,Hippocampus,ZFM-04080,8f914cf1-3466-4fa4-a49d-a8c9182da684
7,-83141.34725571,9,Hippocampus,ZFM-04080,8f914cf1-3466-4fa4-a49d-a8c9182da684
8,-82162.9956341501,10,Hippocampus,ZFM-04080,8f914cf1-3466-4fa4-a49d-a8c9182da684
9,-81792.4987269752,11,Hippocampus,ZFM-04080,8f914cf1-3466-4fa4-a49d-a8c9182da684
10,-81889.6959157089,12,Hippocampus,ZFM-04080,8f914cf1-3466-4fa4-a49d-a8c9182da684
11,-81258.10019116574,13,Hippocampus,ZFM-04080,8f914cf1-3466-4fa4-a49d-a8c9182da684
12,-81047.55491413866,14,Hippocampus,ZFM-04080,8f914cf1-3466-4fa4-a49d-a8c9182da684
13,-81121.44823445767,15,Hippocampus,ZFM-04080,8f914cf1-3466-4fa4-a49d-a8c9182da684
14,-80755.32987701237,16,Hippocampus,ZFM-04080,8f914cf1-3466-4fa4-a49d-a8c9182da684
15,-80908.69773100807,17,Hippocampus,ZFM-04080,8f914cf1-3466-4fa4-a49d-a8c9182da684
16,-80457.54163425608,18,Hippocampus,ZFM-04080,8f914cf1-3466-4fa4-a49d-a8c9182da684
17,-80297.1239177821,19,Hippocampus,ZFM-04080,8f914cf1-3466-4fa4-a49d-a8c9182da684
18,-80204.15075655506,20,Hippocampus,ZFM-04080,8f914cf1-3466-4fa4-a49d-a8c9182da684
0,-28639.033767884277,2,Sensory,ZFM-04080,8f914cf1-3466-4fa4-a49d-a8c9182da684
1,-28119.444926085638,3,Sensory,ZFM-04080,8f914cf1-3466-4fa4-a49d-a8c9182da684
2,-27891.033393866812,4,Sensory,ZFM-04080,8f914cf1-3466-4fa4-a49d-a8c9182da684
3,-27532.663554497132,5,Sensory,ZFM-04080,8f914cf1-3466-4fa4-a49d-a8c9182da684
4,-27287.67539957492,6,Sensory,ZFM-04080,8f914cf1-3466-4fa4-a49d-a8c9182da684
5,-27129.8812275196,7,Sensory,ZFM-04080,8f914cf1-3466-4fa4-a49d-a8c9182da684
6,-26926.802635831573,8,Sensory,ZFM-04080,8f914cf1-3466-4fa4-a49d-a8c9182da684
7,-26766.11804885907,9,Sensory,ZFM-04080,8f914cf1-3466-4fa4-a49d-a8c9182da684
8,-26687.55812976944,10,Sensory,ZFM-04080,8f914cf1-3466-4fa4-a49d-a8c9182da684
9,-26574.980618952566,11,Sensory,ZFM-04080,8f914cf1-3466-4fa4-a49d-a8c9182da684
10,-26490.628076053225,12,Sensory,ZFM-04080,8f914cf1-3466-4fa4-a49d-a8c9182da684
11,-26554.342674860847,13,Sensory,ZFM-04080,8f914cf1-3466-4fa4-a49d-a8c9182da684
12,-26483.53473454832,14,Sensory,ZFM-04080,8f914cf1-3466-4fa4-a49d-a8c9182da684
13,-26319.379908347768,15,Sensory,ZFM-04080,8f914cf1-3466-4fa4-a49d-a8c9182da684
14,-26270.867990151146,16,Sensory,ZFM-04080,8f914cf1-3466-4fa4-a49d-a8c9182da684
15,-26247.956046695464,17,Sensory,ZFM-04080,8f914cf1-3466-4fa4-a49d-a8c9182da684
16,-26237.055197801357,18,Sensory,ZFM-04080,8f914cf1-3466-4fa4-a49d-a8c9182da684
17,-26175.324174901732,19,Sensory,ZFM-04080,8f914cf1-3466-4fa4-a49d-a8c9182da684
18,-26144.649128124795,20,Sensory,ZFM-04080,8f914cf1-3466-4fa4-a49d-a8c9182da684
0,-15219.274600411409,2,Amygdala,ZFM-04080,a0651da1-582c-4df1-ae78-4eafef6b17dc
1,-15128.477776562395,3,Amygdala,ZFM-04080,a0651da1-582c-4df1-ae78-4eafef6b17dc
2,-15090.179662768716,4,Amygdala,ZFM-04080,a0651da1-582c-4df1-ae78-4eafef6b17dc
3,-15019.399366623584,5,Amygdala,ZFM-04080,a0651da1-582c-4df1-ae78-4eafef6b17dc
4,-15009.10871853967,6,Amygdala,ZFM-04080,a0651da1-582c-4df1-ae78-4eafef6b17dc
5,-14996.824199537923,7,Amygdala,ZFM-04080,a0651da1-582c-4df1-ae78-4eafef6b17dc
6,-14953.939037764787,8,Amygdala,ZFM-04080,a0651da1-582c-4df1-ae78-4eafef6b17dc
7,-14958.85566112574,9,Amygdala,ZFM-04080,a0651da1-582c-4df1-ae78-4eafef6b17dc
8,-14931.450865973558,10,Amygdala,ZFM-04080,a0651da1-582c-4df1-ae78-4eafef6b17dc
9,-14914.374278481293,11,Amygdala,ZFM-04080,a0651da1-582c-4df1-ae78-4eafef6b17dc
10,-14900.663904980976,12,Amygdala,ZFM-04080,a0651da1-582c-4df1-ae78-4eafef6b17dc
11,-14913.560235862518,13,Amygdala,ZFM-04080,a0651da1-582c-4df1-ae78-4eafef6b17dc
12,-14917.354397630139,14,Amygdala,ZFM-04080,a0651da1-582c-4df1-ae78-4eafef6b17dc
13,-14906.50563596616,15,Amygdala,ZFM-04080,a0651da1-582c-4df1-ae78-4eafef6b17dc
14,-14885.935789143392,16,Amygdala,ZFM-04080,a0651da1-582c-4df1-ae78-4eafef6b17dc
15,-14902.878617172419,17,Amygdala,ZFM-04080,a0651da1-582c-4df1-ae78-4eafef6b17dc
16,-14885.377303148958,18,Amygdala,ZFM-04080,a0651da1-582c-4df1-ae78-4eafef6b17dc
17,-14882.357054739068,19,Amygdala,ZFM-04080,a0651da1-582c-4df1-ae78-4eafef6b17dc
18,-14885.785862108803,20,Amygdala,ZFM-04080,a0651da1-582c-4df1-ae78-4eafef6b17dc
0,-21068.16242371973,2,Hippocampus,ZFM-04080,a0651da1-582c-4df1-ae78-4eafef6b17dc
1,-20611.46139032474,3,Hippocampus,ZFM-04080,a0651da1-582c-4df1-ae78-4eafef6b17dc
2,-20505.654631218742,4,Hippocampus,ZFM-04080,a0651da1-582c-4df1-ae78-4eafef6b17dc
3,-20367.854402206736,5,Hippocampus,ZFM-04080,a0651da1-582c-4df1-ae78-4eafef6b17dc
4,-20265.13579029327,6,Hippocampus,ZFM-04080,a0651da1-582c-4df1-ae78-4eafef6b17dc
5,-20176.23672169018,7,Hippocampus,ZFM-04080,a0651da1-582c-4df1-ae78-4eafef6b17dc
6,-20163.19406954166,8,Hippocampus,ZFM-04080,a0651da1-582c-4df1-ae78-4eafef6b17dc
7,-20147.32519268512,9,Hippocampus,ZFM-04080,a0651da1-582c-4df1-ae78-4eafef6b17dc
8,-20087.90708879937,10,Hippocampus,ZFM-04080,a0651da1-582c-4df1-ae78-4eafef6b17dc
9,-20078.437092412263,11,Hippocampus,ZFM-04080,a0651da1-582c-4df1-ae78-4eafef6b17dc
10,-20048.79877804106,12,Hippocampus,ZFM-04080,a0651da1-582c-4df1-ae78-4eafef6b17dc
11,-20079.976127481536,13,Hippocampus,ZFM-04080,a0651da1-582c-4df1-ae78-4eafef6b17dc
12,-20054.831902301183,14,Hippocampus,ZFM-04080,a0651da1-582c-4df1-ae78-4eafef6b17dc
13,-20036.237331064996,15,Hippocampus,ZFM-04080,a0651da1-582c-4df1-ae78-4eafef6b17dc
14,-20038.780600345723,16,Hippocampus,ZFM-04080,a0651da1-582c-4df1-ae78-4eafef6b17dc
15,-19993.8748204153,17,Hippocampus,ZFM-04080,a0651da1-582c-4df1-ae78-4eafef6b17dc
16,-20019.707441398135,18,Hippocampus,ZFM-04080,a0651da1-582c-4df1-ae78-4eafef6b17dc
17,-19983.39788561975,19,Hippocampus,ZFM-04080,a0651da1-582c-4df1-ae78-4eafef6b17dc
18,-19997.482059507605,20,Hippocampus,ZFM-04080,a0651da1-582c-4df1-ae78-4eafef6b17dc
0,-40103.672437892674,2,Hippocampus,ZFM-04080,c941ee0a-5552-4a96-9464-f57c95c7837c
1,-39497.87568803123,3,Hippocampus,ZFM-04080,c941ee0a-5552-4a96-9464-f57c95c7837c
2,-38807.90505687219,4,Hippocampus,ZFM-04080,c941ee0a-5552-4a96-9464-f57c95c7837c
3,-38317.37656638931,5,Hippocampus,ZFM-04080,c941ee0a-5552-4a96-9464-f57c95c7837c
4,-38056.61818332104,6,Hippocampus,ZFM-04080,c941ee0a-5552-4a96-9464-f57c95c7837c
5,-37845.79795679578,7,Hippocampus,ZFM-04080,c941ee0a-5552-4a96-9464-f57c95c7837c
6,-37582.375716752824,8,Hippocampus,ZFM-04080,c941ee0a-5552-4a96-9464-f57c95c7837c
7,-37430.3135390838,9,Hippocampus,ZFM-04080,c941ee0a-5552-4a96-9464-f57c95c7837c
8,-37107.71340734837,10,Hippocampus,ZFM-04080,c941ee0a-5552-4a96-9464-f57c95c7837c
9,-36992.02605418757,11,Hippocampus,ZFM-04080,c941ee0a-5552-4a96-9464-f57c95c7837c
10,-36826.962301681204,12,Hippocampus,ZFM-04080,c941ee0a-5552-4a96-9464-f57c95c7837c
11,-36688.93319313426,13,Hippocampus,ZFM-04080,c941ee0a-5552-4a96-9464-f57c95c7837c
12,-36580.19589126097,14,Hippocampus,ZFM-04080,c941ee0a-5552-4a96-9464-f57c95c7837c
13,-36683.276537070284,15,Hippocampus,ZFM-04080,c941ee0a-5552-4a96-9464-f57c95c7837c
14,-36480.06982018119,16,Hippocampus,ZFM-04080,c941ee0a-5552-4a96-9464-f57c95c7837c
15,-36345.32382315235,17,Hippocampus,ZFM-04080,c941ee0a-5552-4a96-9464-f57c95c7837c
16,-36324.46779511123,18,Hippocampus,ZFM-04080,c941ee0a-5552-4a96-9464-f57c95c7837c
17,-36315.30207522539,19,Hippocampus,ZFM-04080,c941ee0a-5552-4a96-9464-f57c95c7837c
18,-36202.58600210016,20,Hippocampus,ZFM-04080,c941ee0a-5552-4a96-9464-f57c95c7837c
0,-52539.774117477464,2,Midbrain,ZFM-04080,c941ee0a-5552-4a96-9464-f57c95c7837c
1,-51172.57851838135,3,Midbrain,ZFM-04080,c941ee0a-5552-4a96-9464-f57c95c7837c
2,-50536.22149248237,4,Midbrain,ZFM-04080,c941ee0a-5552-4a96-9464-f57c95c7837c
3,-50196.79387900946,5,Midbrain,ZFM-04080,c941ee0a-5552-4a96-9464-f57c95c7837c
4,-49831.11858538833,6,Midbrain,ZFM-04080,c941ee0a-5552-4a96-9464-f57c95c7837c
5,-49403.71837130644,7,Midbrain,ZFM-04080,c941ee0a-5552-4a96-9464-f57c95c7837c
6,-49208.893507118686,8,Midbrain,ZFM-04080,c941ee0a-5552-4a96-9464-f57c95c7837c
7,-49052.734716286126,9,Midbrain,ZFM-04080,c941ee0a-5552-4a96-9464-f57c95c7837c
8,-48711.389810019224,10,Midbrain,ZFM-04080,c941ee0a-5552-4a96-9464-f57c95c7837c
9,-48628.191442951524,11,Midbrain,ZFM-04080,c941ee0a-5552-4a96-9464-f57c95c7837c
10,-48758.76475179499,12,Midbrain,ZFM-04080,c941ee0a-5552-4a96-9464-f57c95c7837c
11,-48207.491529294944,13,Midbrain,ZFM-04080,c941ee0a-5552-4a96-9464-f57c95c7837c
12,-48143.46858571171,14,Midbrain,ZFM-04080,c941ee0a-5552-4a96-9464-f57c95c7837c
13,-48135.108925097666,15,Midbrain,ZFM-04080,c941ee0a-5552-4a96-9464-f57c95c7837c
14,-47851.719199140854,16,Midbrain,ZFM-04080,c941ee0a-5552-4a96-9464-f57c95c7837c
15,-48249.27862213769,17,Midbrain,ZFM-04080,c941ee0a-5552-4a96-9464-f57c95c7837c
16,-47857.01139661113,18,Midbrain,ZFM-04080,c941ee0a-5552-4a96-9464-f57c95c7837c
17,-47797.599910983634,19,Midbrain,ZFM-04080,c941ee0a-5552-4a96-9464-f57c95c7837c
18,-47749.46404274857,20,Midbrain,ZFM-04080,c941ee0a-5552-4a96-9464-f57c95c7837c
0,-25081.36860771291,2,Thalamus,ZFM-04080,c941ee0a-5552-4a96-9464-f57c95c7837c
1,-23934.007848607867,3,Thalamus,ZFM-04080,c941ee0a-5552-4a96-9464-f57c95c7837c
2,-23392.087991926623,4,Thalamus,ZFM-04080,c941ee0a-5552-4a96-9464-f57c95c7837c
3,-23000.687850718896,5,Thalamus,ZFM-04080,c941ee0a-5552-4a96-9464-f57c95c7837c
4,-22564.648420653335,6,Thalamus,ZFM-04080,c941ee0a-5552-4a96-9464-f57c95c7837c
5,-22451.72724897119,7,Thalamus,ZFM-04080,c941ee0a-5552-4a96-9464-f57c95c7837c
6,-22355.99016845636,8,Thalamus,ZFM-04080,c941ee0a-5552-4a96-9464-f57c95c7837c
7,-22246.032778743334,9,Thalamus,ZFM-04080,c941ee0a-5552-4a96-9464-f57c95c7837c
8,-22197.435752738696,10,Thalamus,ZFM-04080,c941ee0a-5552-4a96-9464-f57c95c7837c
9,-22047.959389816253,11,Thalamus,ZFM-04080,c941ee0a-5552-4a96-9464-f57c95c7837c
10,-22015.636220631088,12,Thalamus,ZFM-04080,c941ee0a-5552-4a96-9464-f57c95c7837c
11,-21902.533139184463,13,Thalamus,ZFM-04080,c941ee0a-5552-4a96-9464-f57c95c7837c
12,-21859.51826948842,14,Thalamus,ZFM-04080,c941ee0a-5552-4a96-9464-f57c95c7837c
13,-21820.786451664357,15,Thalamus,ZFM-04080,c941ee0a-5552-4a96-9464-f57c95c7837c
14,-21821.802053406736,16,Thalamus,ZFM-04080,c941ee0a-5552-4a96-9464-f57c95c7837c
15,-21744.521056527472,17,Thalamus,ZFM-04080,c941ee0a-5552-4a96-9464-f57c95c7837c
16,-21797.897090001068,18,Thalamus,ZFM-04080,c941ee0a-5552-4a96-9464-f57c95c7837c
17,-21741.57590404384,19,Thalamus,ZFM-04080,c941ee0a-5552-4a96-9464-f57c95c7837c
18,-21714.8481842175,20,Thalamus,ZFM-04080,c941ee0a-5552-4a96-9464-f57c95c7837c
0,-81904.49259676196,2,Sensory,ZFM-04122,fd4d4d6b-f2e3-464d-8604-084265d32b76
1,-80421.28720741863,3,Sensory,ZFM-04122,fd4d4d6b-f2e3-464d-8604-084265d32b76
2,-79980.83095043697,4,Sensory,ZFM-04122,fd4d4d6b-f2e3-464d-8604-084265d32b76
3,-79515.21840356922,5,Sensory,ZFM-04122,fd4d4d6b-f2e3-464d-8604-084265d32b76
4,-79321.36129052777,6,Sensory,ZFM-04122,fd4d4d6b-f2e3-464d-8604-084265d32b76
5,-79038.15744683438,7,Sensory,ZFM-04122,fd4d4d6b-f2e3-464d-8604-084265d32b76
6,-78702.4351108413,8,Sensory,ZFM-04122,fd4d4d6b-f2e3-464d-8604-084265d32b76
7,-78624.39102763435,9,Sensory,ZFM-04122,fd4d4d6b-f2e3-464d-8604-084265d32b76
8,-78319.69669849392,10,Sensory,ZFM-04122,fd4d4d6b-f2e3-464d-8604-084265d32b76
9,-78228.11673218934,11,Sensory,ZFM-04122,fd4d4d6b-f2e3-464d-8604-084265d32b76
10,-77873.02502125733,12,Sensory,ZFM-04122,fd4d4d6b-f2e3-464d-8604-084265d32b76
11,-77901.68582713713,13,Sensory,ZFM-04122,fd4d4d6b-f2e3-464d-8604-084265d32b76
12,-77748.25892320598,14,Sensory,ZFM-04122,fd4d4d6b-f2e3-464d-8604-084265d32b76
13,-77617.00380851518,15,Sensory,ZFM-04122,fd4d4d6b-f2e3-464d-8604-084265d32b76
14,-77433.08797317283,16,Sensory,ZFM-04122,fd4d4d6b-f2e3-464d-8604-084265d32b76
15,-77347.48247688127,17,Sensory,ZFM-04122,fd4d4d6b-f2e3-464d-8604-084265d32b76
16,-77279.9166547013,18,Sensory,ZFM-04122,fd4d4d6b-f2e3-464d-8604-084265d32b76
17,-77247.2647394358,19,Sensory,ZFM-04122,fd4d4d6b-f2e3-464d-8604-084265d32b76
18,-77098.40857852754,20,Sensory,ZFM-04122,fd4d4d6b-f2e3-464d-8604-084265d32b76
0,-54591.60869437946,2,Striatum,ZFM-04122,fd4d4d6b-f2e3-464d-8604-084265d32b76
1,-53143.543727954544,3,Striatum,ZFM-04122,fd4d4d6b-f2e3-464d-8604-084265d32b76
2,-51493.13312089944,4,Striatum,ZFM-04122,fd4d4d6b-f2e3-464d-8604-084265d32b76
3,-50643.897858310025,5,Striatum,ZFM-04122,fd4d4d6b-f2e3-464d-8604-084265d32b76
4,-49143.15917758195,6,Striatum,ZFM-04122,fd4d4d6b-f2e3-464d-8604-084265d32b76
5,-48635.759872159935,7,Striatum,ZFM-04122,fd4d4d6b-f2e3-464d-8604-084265d32b76
6,-48169.27996283663,8,Striatum,ZFM-04122,fd4d4d6b-f2e3-464d-8604-084265d32b76
7,-47928.1574790699,9,Striatum,ZFM-04122,fd4d4d6b-f2e3-464d-8604-084265d32b76
8,-47495.185060284784,10,Striatum,ZFM-04122,fd4d4d6b-f2e3-464d-8604-084265d32b76
9,-47219.56816374446,11,Striatum,ZFM-04122,fd4d4d6b-f2e3-464d-8604-084265d32b76
10,-47098.576966640736,12,Striatum,ZFM-04122,fd4d4d6b-f2e3-464d-8604-084265d32b76
11,-47163.60978615099,13,Striatum,ZFM-04122,fd4d4d6b-f2e3-464d-8604-084265d32b76
12,-46964.1653724655,14,Striatum,ZFM-04122,fd4d4d6b-f2e3-464d-8604-084265d32b76
13,-46748.17201961752,15,Striatum,ZFM-04122,fd4d4d6b-f2e3-464d-8604-084265d32b76
14,-46992.58321705329,16,Striatum,ZFM-04122,fd4d4d6b-f2e3-464d-8604-084265d32b76
15,-46441.89851620523,17,Striatum,ZFM-04122,fd4d4d6b-f2e3-464d-8604-084265d32b76
16,-46114.11194241888,18,Striatum,ZFM-04122,fd4d4d6b-f2e3-464d-8604-084265d32b76
17,-46173.865228837705,19,Striatum,ZFM-04122,fd4d4d6b-f2e3-464d-8604-084265d32b76
18,-46002.106818067055,20,Striatum,ZFM-04122,fd4d4d6b-f2e3-464d-8604-084265d32b76
0,-171462.2533880941,2,Midbrain,ZFM-04122,09249aa4-006c-4aa9-b86a-215da86e1778
1,-157239.0140264537,3,Midbrain,ZFM-04122,09249aa4-006c-4aa9-b86a-215da86e1778
2,-152670.44261455917,4,Midbrain,ZFM-04122,09249aa4-006c-4aa9-b86a-215da86e1778
3,-149318.12984192246,5,Midbrain,ZFM-04122,09249aa4-006c-4aa9-b86a-215da86e1778
4,-148131.71494291758,6,Midbrain,ZFM-04122,09249aa4-006c-4aa9-b86a-215da86e1778
5,-146941.2562406951,7,Midbrain,ZFM-04122,09249aa4-006c-4aa9-b86a-215da86e1778
6,-145757.48585801641,8,Midbrain,ZFM-04122,09249aa4-006c-4aa9-b86a-215da86e1778
7,-144317.91447701966,9,Midbrain,ZFM-04122,09249aa4-006c-4aa9-b86a-215da86e1778
8,-143481.84910793873,10,Midbrain,ZFM-04122,09249aa4-006c-4aa9-b86a-215da86e1778
9,-141995.85235727904,11,Midbrain,ZFM-04122,09249aa4-006c-4aa9-b86a-215da86e1778
10,-142610.5205118752,12,Midbrain,ZFM-04122,09249aa4-006c-4aa9-b86a-215da86e1778
11,-141489.62664168762,13,Midbrain,ZFM-04122,09249aa4-006c-4aa9-b86a-215da86e1778
12,-139831.06953787862,14,Midbrain,ZFM-04122,09249aa4-006c-4aa9-b86a-215da86e1778
13,-141125.04642424698,15,Midbrain,ZFM-04122,09249aa4-006c-4aa9-b86a-215da86e1778
14,-140082.87944697376,16,Midbrain,ZFM-04122,09249aa4-006c-4aa9-b86a-215da86e1778
15,-139886.78933943587,17,Midbrain,ZFM-04122,09249aa4-006c-4aa9-b86a-215da86e1778
16,-139115.03446221145,18,Midbrain,ZFM-04122,09249aa4-006c-4aa9-b86a-215da86e1778
17,-138694.63426957285,19,Midbrain,ZFM-04122,09249aa4-006c-4aa9-b86a-215da86e1778
18,-139553.68672197385,20,Midbrain,ZFM-04122,09249aa4-006c-4aa9-b86a-215da86e1778
0,-151209.79958356454,2,Sensory,ZFM-02600,4850f644-8665-4e24-8c3c-bfa86de2c0f5
1,-145322.5480325435,3,Sensory,ZFM-02600,4850f644-8665-4e24-8c3c-bfa86de2c0f5
2,-142039.24566844536,4,Sensory,ZFM-02600,4850f644-8665-4e24-8c3c-bfa86de2c0f5
3,-140963.61582434314,5,Sensory,ZFM-02600,4850f644-8665-4e24-8c3c-bfa86de2c0f5
4,-140355.4471015542,6,Sensory,ZFM-02600,4850f644-8665-4e24-8c3c-bfa86de2c0f5
5,-139375.4451024539,7,Sensory,ZFM-02600,4850f644-8665-4e24-8c3c-bfa86de2c0f5
6,-138832.9840291925,8,Sensory,ZFM-02600,4850f644-8665-4e24-8c3c-bfa86de2c0f5
7,-138365.50102441147,9,Sensory,ZFM-02600,4850f644-8665-4e24-8c3c-bfa86de2c0f5
8,-137818.66910363294,10,Sensory,ZFM-02600,4850f644-8665-4e24-8c3c-bfa86de2c0f5
9,-137640.0856432899,11,Sensory,ZFM-02600,4850f644-8665-4e24-8c3c-bfa86de2c0f5
10,-137372.2968278999,12,Sensory,ZFM-02600,4850f644-8665-4e24-8c3c-bfa86de2c0f5
11,-136956.61943498888,13,Sensory,ZFM-02600,4850f644-8665-4e24-8c3c-bfa86de2c0f5
12,-136887.51194351853,14,Sensory,ZFM-02600,4850f644-8665-4e24-8c3c-bfa86de2c0f5
13,-136641.9852028795,15,Sensory,ZFM-02600,4850f644-8665-4e24-8c3c-bfa86de2c0f5
14,-136520.05313848134,16,Sensory,ZFM-02600,4850f644-8665-4e24-8c3c-bfa86de2c0f5
15,-136197.14077628512,17,Sensory,ZFM-02600,4850f644-8665-4e24-8c3c-bfa86de2c0f5
16,-136108.8636342302,18,Sensory,ZFM-02600,4850f644-8665-4e24-8c3c-bfa86de2c0f5
17,-135834.89654987262,19,Sensory,ZFM-02600,4850f644-8665-4e24-8c3c-bfa86de2c0f5
18,-135617.45898195312,20,Sensory,ZFM-02600,4850f644-8665-4e24-8c3c-bfa86de2c0f5
0,-45647.03585940159,2,Striatum,ZFM-02600,4850f644-8665-4e24-8c3c-bfa86de2c0f5
1,-43500.09944335669,3,Striatum,ZFM-02600,4850f644-8665-4e24-8c3c-bfa86de2c0f5
2,-42218.12854905643,4,Striatum,ZFM-02600,4850f644-8665-4e24-8c3c-bfa86de2c0f5
3,-41359.08911450719,5,Striatum,ZFM-02600,4850f644-8665-4e24-8c3c-bfa86de2c0f5
4,-40847.23960610392,6,Striatum,ZFM-02600,4850f644-8665-4e24-8c3c-bfa86de2c0f5
5,-40488.603071408994,7,Striatum,ZFM-02600,4850f644-8665-4e24-8c3c-bfa86de2c0f5
6,-40057.721850060654,8,Striatum,ZFM-02600,4850f644-8665-4e24-8c3c-bfa86de2c0f5
7,-39686.89525456201,9,Striatum,ZFM-02600,4850f644-8665-4e24-8c3c-bfa86de2c0f5
8,-39457.67214802199,10,Striatum,ZFM-02600,4850f644-8665-4e24-8c3c-bfa86de2c0f5
9,-39204.54056385802,11,Striatum,ZFM-02600,4850f644-8665-4e24-8c3c-bfa86de2c0f5
10,-38999.52256949196,12,Striatum,ZFM-02600,4850f644-8665-4e24-8c3c-bfa86de2c0f5
11,-38740.675757806086,13,Striatum,ZFM-02600,4850f644-8665-4e24-8c3c-bfa86de2c0f5
12,-38688.61640011939,14,Striatum,ZFM-02600,4850f644-8665-4e24-8c3c-bfa86de2c0f5
13,-38350.3060446147,15,Striatum,ZFM-02600,4850f644-8665-4e24-8c3c-bfa86de2c0f5
14,-38371.65795339006,16,Striatum,ZFM-02600,4850f644-8665-4e24-8c3c-bfa86de2c0f5
15,-38301.35319425287,17,Striatum,ZFM-02600,4850f644-8665-4e24-8c3c-bfa86de2c0f5
16,-38187.98827379959,18,Striatum,ZFM-02600,4850f644-8665-4e24-8c3c-bfa86de2c0f5
17,-38001.57328653085,19,Striatum,ZFM-02600,4850f644-8665-4e24-8c3c-bfa86de2c0f5
18,-37852.156128966824,20,Striatum,ZFM-02600,4850f644-8665-4e24-8c3c-bfa86de2c0f5
