,log_likelihood,n_states,subject,pid,region
0,-1999.275079621707,2,ZFM-05181,82e65b04-7839-4722-918c-9b8ecad2ff46,Frontal cortex
1,-1857.0113245906023,3,ZFM-05181,82e65b04-7839-4722-918c-9b8ecad2ff46,Frontal cortex
2,-1833.0223358311584,4,ZFM-05181,82e65b04-7839-4722-918c-9b8ecad2ff46,Frontal cortex
3,-1825.868831665198,5,ZFM-05181,82e65b04-7839-4722-918c-9b8ecad2ff46,Frontal cortex
4,-1814.0810975887084,6,ZFM-05181,82e65b04-7839-4722-918c-9b8ecad2ff46,Frontal cortex
5,-1817.6076731606552,7,ZFM-05181,82e65b04-7839-4722-918c-9b8ecad2ff46,Frontal cortex
6,-1820.5826696412278,8,ZFM-05181,82e65b04-7839-4722-918c-9b8ecad2ff46,Frontal cortex
7,-1810.387912037435,9,ZFM-05181,82e65b04-7839-4722-918c-9b8ecad2ff46,Frontal cortex
8,-1798.2410173290061,10,ZFM-05181,82e65b04-7839-4722-918c-9b8ecad2ff46,Frontal cortex
9,-1811.157545562345,11,ZFM-05181,82e65b04-7839-4722-918c-9b8ecad2ff46,Frontal cortex
10,-1807.7920731242607,12,ZFM-05181,82e65b04-7839-4722-918c-9b8ecad2ff46,Frontal cortex
11,-1793.7853130527665,13,ZFM-05181,82e65b04-7839-4722-918c-9b8ecad2ff46,Frontal cortex
12,-1801.7835657092012,14,ZFM-05181,82e65b04-7839-4722-918c-9b8ecad2ff46,Frontal cortex
13,-1791.2897925987559,15,ZFM-05181,82e65b04-7839-4722-918c-9b8ecad2ff46,Frontal cortex
14,-1786.5737034835347,16,ZFM-05181,82e65b04-7839-4722-918c-9b8ecad2ff46,Frontal cortex
15,-1798.9548869317919,17,ZFM-05181,82e65b04-7839-4722-918c-9b8ecad2ff46,Frontal cortex
16,-1824.083488143156,18,ZFM-05181,82e65b04-7839-4722-918c-9b8ecad2ff46,Frontal cortex
17,-1789.7608018180308,19,ZFM-05181,82e65b04-7839-4722-918c-9b8ecad2ff46,Frontal cortex
18,-1826.4047367174014,20,ZFM-05181,82e65b04-7839-4722-918c-9b8ecad2ff46,Frontal cortex
0,-4589.230342091746,2,ZFM-05181,82e65b04-7839-4722-918c-9b8ecad2ff46,Striatum
1,-4087.103231788274,3,ZFM-05181,82e65b04-7839-4722-918c-9b8ecad2ff46,Striatum
2,-3956.7929423823916,4,ZFM-05181,82e65b04-7839-4722-918c-9b8ecad2ff46,Striatum
3,-3808.1348258978264,5,ZFM-05181,82e65b04-7839-4722-918c-9b8ecad2ff46,Striatum
4,-3828.0463825320858,6,ZFM-05181,82e65b04-7839-4722-918c-9b8ecad2ff46,Striatum
5,-3786.59153927149,7,ZFM-05181,82e65b04-7839-4722-918c-9b8ecad2ff46,Striatum
6,-3806.54606302473,8,ZFM-05181,82e65b04-7839-4722-918c-9b8ecad2ff46,Striatum
7,-3745.080895515148,9,ZFM-05181,82e65b04-7839-4722-918c-9b8ecad2ff46,Striatum
8,-3825.606518005933,10,ZFM-05181,82e65b04-7839-4722-918c-9b8ecad2ff46,Striatum
9,-3799.3514257700317,11,ZFM-05181,82e65b04-7839-4722-918c-9b8ecad2ff46,Striatum
10,-3784.5615551915644,12,ZFM-05181,82e65b04-7839-4722-918c-9b8ecad2ff46,Striatum
11,-3782.2610319940404,13,ZFM-05181,82e65b04-7839-4722-918c-9b8ecad2ff46,Striatum
12,-3811.2369035947067,14,ZFM-05181,82e65b04-7839-4722-918c-9b8ecad2ff46,Striatum
13,-3798.576308565109,15,ZFM-05181,82e65b04-7839-4722-918c-9b8ecad2ff46,Striatum
14,-3903.010413889238,16,ZFM-05181,82e65b04-7839-4722-918c-9b8ecad2ff46,Striatum
15,-3903.5455228550136,17,ZFM-05181,82e65b04-7839-4722-918c-9b8ecad2ff46,Striatum
16,-3842.0355493747843,18,ZFM-05181,82e65b04-7839-4722-918c-9b8ecad2ff46,Striatum
17,-3882.2357794430022,19,ZFM-05181,82e65b04-7839-4722-918c-9b8ecad2ff46,Striatum
18,-3859.6036595945293,20,ZFM-05181,82e65b04-7839-4722-918c-9b8ecad2ff46,Striatum
0,-3594.9827865114275,2,ZFM-05181,0db7604c-22d6-467d-9364-b89afdd836cc,Midbrain
1,-3526.376151645695,3,ZFM-05181,0db7604c-22d6-467d-9364-b89afdd836cc,Midbrain
2,-3539.1363984096934,4,ZFM-05181,0db7604c-22d6-467d-9364-b89afdd836cc,Midbrain
3,-3541.9681846268013,5,ZFM-05181,0db7604c-22d6-467d-9364-b89afdd836cc,Midbrain
4,-3518.764566257143,6,ZFM-05181,0db7604c-22d6-467d-9364-b89afdd836cc,Midbrain
5,-3447.9631528088285,7,ZFM-05181,0db7604c-22d6-467d-9364-b89afdd836cc,Midbrain
6,-3428.1244188385585,8,ZFM-05181,0db7604c-22d6-467d-9364-b89afdd836cc,Midbrain
7,-3426.9634650011385,9,ZFM-05181,0db7604c-22d6-467d-9364-b89afdd836cc,Midbrain
8,-3396.871205152865,10,ZFM-05181,0db7604c-22d6-467d-9364-b89afdd836cc,Midbrain
9,-3491.616873040748,11,ZFM-05181,0db7604c-22d6-467d-9364-b89afdd836cc,Midbrain
10,-3383.317147606379,12,ZFM-05181,0db7604c-22d6-467d-9364-b89afdd836cc,Midbrain
11,-3412.491867458942,13,ZFM-05181,0db7604c-22d6-467d-9364-b89afdd836cc,Midbrain
12,-3375.8971656055187,14,ZFM-05181,0db7604c-22d6-467d-9364-b89afdd836cc,Midbrain
13,-3395.5221325797934,15,ZFM-05181,0db7604c-22d6-467d-9364-b89afdd836cc,Midbrain
14,-3394.043440848696,16,ZFM-05181,0db7604c-22d6-467d-9364-b89afdd836cc,Midbrain
15,-3381.5839003202937,17,ZFM-05181,0db7604c-22d6-467d-9364-b89afdd836cc,Midbrain
16,-3376.073493272246,18,ZFM-05181,0db7604c-22d6-467d-9364-b89afdd836cc,Midbrain
17,-3411.116884960128,19,ZFM-05181,0db7604c-22d6-467d-9364-b89afdd836cc,Midbrain
18,-3383.1828371026377,20,ZFM-05181,0db7604c-22d6-467d-9364-b89afdd836cc,Midbrain
0,-3471.286708787847,2,ZFM-05169,9c5e319e-09e8-4770-a806-46958bb464f1,Midbrain
1,-3464.8376578919797,3,ZFM-05169,9c5e319e-09e8-4770-a806-46958bb464f1,Midbrain
2,-3486.757168318619,4,ZFM-05169,9c5e319e-09e8-4770-a806-46958bb464f1,Midbrain
3,-3299.3300856715646,5,ZFM-05169,9c5e319e-09e8-4770-a806-46958bb464f1,Midbrain
4,-3193.1189067129853,6,ZFM-05169,9c5e319e-09e8-4770-a806-46958bb464f1,Midbrain
5,-3190.4769400281994,7,ZFM-05169,9c5e319e-09e8-4770-a806-46958bb464f1,Midbrain
6,-3149.952664833213,8,ZFM-05169,9c5e319e-09e8-4770-a806-46958bb464f1,Midbrain
7,-3024.1496103829636,9,ZFM-05169,9c5e319e-09e8-4770-a806-46958bb464f1,Midbrain
8,-3084.224845011204,10,ZFM-05169,9c5e319e-09e8-4770-a806-46958bb464f1,Midbrain
9,-3072.647639822224,11,ZFM-05169,9c5e319e-09e8-4770-a806-46958bb464f1,Midbrain
10,-3083.903486166031,12,ZFM-05169,9c5e319e-09e8-4770-a806-46958bb464f1,Midbrain
11,-3021.763298446383,13,ZFM-05169,9c5e319e-09e8-4770-a806-46958bb464f1,Midbrain
12,-3020.5111078494006,14,ZFM-05169,9c5e319e-09e8-4770-a806-46958bb464f1,Midbrain
13,-3081.7826530902644,15,ZFM-05169,9c5e319e-09e8-4770-a806-46958bb464f1,Midbrain
14,-3025.3834103703607,16,ZFM-05169,9c5e319e-09e8-4770-a806-46958bb464f1,Midbrain
15,-3103.6857101639857,17,ZFM-05169,9c5e319e-09e8-4770-a806-46958bb464f1,Midbrain
16,-3099.515754858351,18,ZFM-05169,9c5e319e-09e8-4770-a806-46958bb464f1,Midbrain
17,-2995.4007251682797,19,ZFM-05169,9c5e319e-09e8-4770-a806-46958bb464f1,Midbrain
18,-2989.269233699402,20,ZFM-05169,9c5e319e-09e8-4770-a806-46958bb464f1,Midbrain
0,-1709.1425102041521,2,ZFM-05169,9c5e319e-09e8-4770-a806-46958bb464f1,Sensory cortex
1,-1555.946636622495,3,ZFM-05169,9c5e319e-09e8-4770-a806-46958bb464f1,Sensory cortex
2,-1478.8656298377737,4,ZFM-05169,9c5e319e-09e8-4770-a806-46958bb464f1,Sensory cortex
3,-1490.0230425899458,5,ZFM-05169,9c5e319e-09e8-4770-a806-46958bb464f1,Sensory cortex
4,-1427.5058408000027,6,ZFM-05169,9c5e319e-09e8-4770-a806-46958bb464f1,Sensory cortex
5,-1423.3712447880514,7,ZFM-05169,9c5e319e-09e8-4770-a806-46958bb464f1,Sensory cortex
6,-1426.811853065967,8,ZFM-05169,9c5e319e-09e8-4770-a806-46958bb464f1,Sensory cortex
7,-1434.7631551146244,9,ZFM-05169,9c5e319e-09e8-4770-a806-46958bb464f1,Sensory cortex
8,-1400.6386735657788,10,ZFM-05169,9c5e319e-09e8-4770-a806-46958bb464f1,Sensory cortex
9,-1389.8856927579297,11,ZFM-05169,9c5e319e-09e8-4770-a806-46958bb464f1,Sensory cortex
10,-1390.3376970611987,12,ZFM-05169,9c5e319e-09e8-4770-a806-46958bb464f1,Sensory cortex
11,-1386.5442138604164,13,ZFM-05169,9c5e319e-09e8-4770-a806-46958bb464f1,Sensory cortex
12,-1390.1650384383609,14,ZFM-05169,9c5e319e-09e8-4770-a806-46958bb464f1,Sensory cortex
13,-1361.0275355309464,15,ZFM-05169,9c5e319e-09e8-4770-a806-46958bb464f1,Sensory cortex
14,-1369.6847236363822,16,ZFM-05169,9c5e319e-09e8-4770-a806-46958bb464f1,Sensory cortex
15,-1371.2714098341364,17,ZFM-05169,9c5e319e-09e8-4770-a806-46958bb464f1,Sensory cortex
16,-1356.857210159334,18,ZFM-05169,9c5e319e-09e8-4770-a806-46958bb464f1,Sensory cortex
17,-1354.1827880173046,19,ZFM-05169,9c5e319e-09e8-4770-a806-46958bb464f1,Sensory cortex
18,-1359.4205971793808,20,ZFM-05169,9c5e319e-09e8-4770-a806-46958bb464f1,Sensory cortex
0,-12209.092583246238,2,ZFM-05169,ab6a0fbd-0c8b-42d5-9e15-8b872c8dd3b5,Midbrain
1,-12250.936343060237,3,ZFM-05169,ab6a0fbd-0c8b-42d5-9e15-8b872c8dd3b5,Midbrain
2,-11982.259051267181,4,ZFM-05169,ab6a0fbd-0c8b-42d5-9e15-8b872c8dd3b5,Midbrain
3,-11783.844731858077,5,ZFM-05169,ab6a0fbd-0c8b-42d5-9e15-8b872c8dd3b5,Midbrain
4,-11583.180948341505,6,ZFM-05169,ab6a0fbd-0c8b-42d5-9e15-8b872c8dd3b5,Midbrain
5,-11726.363861223732,7,ZFM-05169,ab6a0fbd-0c8b-42d5-9e15-8b872c8dd3b5,Midbrain
6,-11280.167249402553,8,ZFM-05169,ab6a0fbd-0c8b-42d5-9e15-8b872c8dd3b5,Midbrain
7,-11800.328434369465,9,ZFM-05169,ab6a0fbd-0c8b-42d5-9e15-8b872c8dd3b5,Midbrain
8,-11644.64078581662,10,ZFM-05169,ab6a0fbd-0c8b-42d5-9e15-8b872c8dd3b5,Midbrain
9,-11584.649220314139,11,ZFM-05169,ab6a0fbd-0c8b-42d5-9e15-8b872c8dd3b5,Midbrain
10,-11826.407964261281,12,ZFM-05169,ab6a0fbd-0c8b-42d5-9e15-8b872c8dd3b5,Midbrain
11,-11470.00200915588,13,ZFM-05169,ab6a0fbd-0c8b-42d5-9e15-8b872c8dd3b5,Midbrain
12,-11431.08496106753,14,ZFM-05169,ab6a0fbd-0c8b-42d5-9e15-8b872c8dd3b5,Midbrain
13,-11593.737700708289,15,ZFM-05169,ab6a0fbd-0c8b-42d5-9e15-8b872c8dd3b5,Midbrain
14,-11568.444310848889,16,ZFM-05169,ab6a0fbd-0c8b-42d5-9e15-8b872c8dd3b5,Midbrain
15,-11322.57041861237,17,ZFM-05169,ab6a0fbd-0c8b-42d5-9e15-8b872c8dd3b5,Midbrain
16,-11616.572051645215,18,ZFM-05169,ab6a0fbd-0c8b-42d5-9e15-8b872c8dd3b5,Midbrain
17,-11261.955105626781,19,ZFM-05169,ab6a0fbd-0c8b-42d5-9e15-8b872c8dd3b5,Midbrain
18,-11351.69658151858,20,ZFM-05169,ab6a0fbd-0c8b-42d5-9e15-8b872c8dd3b5,Midbrain
0,-3275.8177998928277,2,ZFM-04820,9a9ee022-80b3-4a88-903f-12f838111818,Amygdala
1,-3251.191699679691,3,ZFM-04820,9a9ee022-80b3-4a88-903f-12f838111818,Amygdala
2,-3237.9981834886685,4,ZFM-04820,9a9ee022-80b3-4a88-903f-12f838111818,Amygdala
3,-3223.224567352862,5,ZFM-04820,9a9ee022-80b3-4a88-903f-12f838111818,Amygdala
4,-3235.557278204107,6,ZFM-04820,9a9ee022-80b3-4a88-903f-12f838111818,Amygdala
5,-3218.8122218975245,7,ZFM-04820,9a9ee022-80b3-4a88-903f-12f838111818,Amygdala
6,-3210.35120500849,8,ZFM-04820,9a9ee022-80b3-4a88-903f-12f838111818,Amygdala
7,-3232.1340125424645,9,ZFM-04820,9a9ee022-80b3-4a88-903f-12f838111818,Amygdala
8,-3221.8027234390293,10,ZFM-04820,9a9ee022-80b3-4a88-903f-12f838111818,Amygdala
9,-3244.5154378920683,11,ZFM-04820,9a9ee022-80b3-4a88-903f-12f838111818,Amygdala
10,-3210.372568614173,12,ZFM-04820,9a9ee022-80b3-4a88-903f-12f838111818,Amygdala
11,-3227.057646185247,13,ZFM-04820,9a9ee022-80b3-4a88-903f-12f838111818,Amygdala
12,-3280.427921049053,14,ZFM-04820,9a9ee022-80b3-4a88-903f-12f838111818,Amygdala
13,-3236.0987439430714,15,ZFM-04820,9a9ee022-80b3-4a88-903f-12f838111818,Amygdala
14,-3253.5113101409115,16,ZFM-04820,9a9ee022-80b3-4a88-903f-12f838111818,Amygdala
15,-3247.939505323195,17,ZFM-04820,9a9ee022-80b3-4a88-903f-12f838111818,Amygdala
16,-3252.538382327866,18,ZFM-04820,9a9ee022-80b3-4a88-903f-12f838111818,Amygdala
17,-3274.8920876976854,19,ZFM-04820,9a9ee022-80b3-4a88-903f-12f838111818,Amygdala
18,-3259.5809824480825,20,ZFM-04820,9a9ee022-80b3-4a88-903f-12f838111818,Amygdala
0,-1076.5590510671043,2,ZFM-04820,9a9ee022-80b3-4a88-903f-12f838111818,Hippocampus
1,-1056.2484658567614,3,ZFM-04820,9a9ee022-80b3-4a88-903f-12f838111818,Hippocampus
2,-1055.6523819711326,4,ZFM-04820,9a9ee022-80b3-4a88-903f-12f838111818,Hippocampus
3,-1057.5714024456506,5,ZFM-04820,9a9ee022-80b3-4a88-903f-12f838111818,Hippocampus
4,-1055.7895428290944,6,ZFM-04820,9a9ee022-80b3-4a88-903f-12f838111818,Hippocampus
5,-1034.7606300390687,7,ZFM-04820,9a9ee022-80b3-4a88-903f-12f838111818,Hippocampus
6,-1030.614641911518,8,ZFM-04820,9a9ee022-80b3-4a88-903f-12f838111818,Hippocampus
7,-1026.4368580539433,9,ZFM-04820,9a9ee022-80b3-4a88-903f-12f838111818,Hippocampus
8,-1039.592107445583,10,ZFM-04820,9a9ee022-80b3-4a88-903f-12f838111818,Hippocampus
9,-1036.0688867571828,11,ZFM-04820,9a9ee022-80b3-4a88-903f-12f838111818,Hippocampus
10,-1021.2849894080409,12,ZFM-04820,9a9ee022-80b3-4a88-903f-12f838111818,Hippocampus
11,-1016.8012697403835,13,ZFM-04820,9a9ee022-80b3-4a88-903f-12f838111818,Hippocampus
12,-1016.7420200997321,14,ZFM-04820,9a9ee022-80b3-4a88-903f-12f838111818,Hippocampus
13,-1013.6120506712132,15,ZFM-04820,9a9ee022-80b3-4a88-903f-12f838111818,Hippocampus
14,-1010.5805213108833,16,ZFM-04820,9a9ee022-80b3-4a88-903f-12f838111818,Hippocampus
15,-1018.327984659134,17,ZFM-04820,9a9ee022-80b3-4a88-903f-12f838111818,Hippocampus
16,-1011.5120617844411,18,ZFM-04820,9a9ee022-80b3-4a88-903f-12f838111818,Hippocampus
17,-1010.4397566613236,19,ZFM-04820,9a9ee022-80b3-4a88-903f-12f838111818,Hippocampus
18,-1016.6119278800036,20,ZFM-04820,9a9ee022-80b3-4a88-903f-12f838111818,Hippocampus
0,-20037.134188763914,2,ZFM-04820,cf08dda8-478f-4292-a06f-4c4dae9f8755,Frontal cortex
1,-19453.824173403536,3,ZFM-04820,cf08dda8-478f-4292-a06f-4c4dae9f8755,Frontal cortex
2,-19375.577921993718,4,ZFM-04820,cf08dda8-478f-4292-a06f-4c4dae9f8755,Frontal cortex
3,-19223.253993398946,5,ZFM-04820,cf08dda8-478f-4292-a06f-4c4dae9f8755,Frontal cortex
4,-19102.32601143867,6,ZFM-04820,cf08dda8-478f-4292-a06f-4c4dae9f8755,Frontal cortex
5,-19026.350642402365,7,ZFM-04820,cf08dda8-478f-4292-a06f-4c4dae9f8755,Frontal cortex
6,-19016.57299798885,8,ZFM-04820,cf08dda8-478f-4292-a06f-4c4dae9f8755,Frontal cortex
7,-18942.023900165306,9,ZFM-04820,cf08dda8-478f-4292-a06f-4c4dae9f8755,Frontal cortex
8,-18994.812420844864,10,ZFM-04820,cf08dda8-478f-4292-a06f-4c4dae9f8755,Frontal cortex
9,-18937.167276612854,11,ZFM-04820,cf08dda8-478f-4292-a06f-4c4dae9f8755,Frontal cortex
10,-18810.350467737768,12,ZFM-04820,cf08dda8-478f-4292-a06f-4c4dae9f8755,Frontal cortex
11,-18999.613427287186,13,ZFM-04820,cf08dda8-478f-4292-a06f-4c4dae9f8755,Frontal cortex
12,-18940.136715431603,14,ZFM-04820,cf08dda8-478f-4292-a06f-4c4dae9f8755,Frontal cortex
13,-18891.278466478678,15,ZFM-04820,cf08dda8-478f-4292-a06f-4c4dae9f8755,Frontal cortex
14,-18948.004763067518,16,ZFM-04820,cf08dda8-478f-4292-a06f-4c4dae9f8755,Frontal cortex
15,-18960.81167349822,17,ZFM-04820,cf08dda8-478f-4292-a06f-4c4dae9f8755,Frontal cortex
16,-19044.157856318336,18,ZFM-04820,cf08dda8-478f-4292-a06f-4c4dae9f8755,Frontal cortex
17,-19046.34304259898,19,ZFM-04820,cf08dda8-478f-4292-a06f-4c4dae9f8755,Frontal cortex
18,-18928.206069631782,20,ZFM-04820,cf08dda8-478f-4292-a06f-4c4dae9f8755,Frontal cortex
0,-33573.35752197932,2,ZFM-04820,e4a0e958-0774-444b-ad65-f6ff7bc22902,Midbrain
1,-33168.986288530694,3,ZFM-04820,e4a0e958-0774-444b-ad65-f6ff7bc22902,Midbrain
2,-32983.46408272537,4,ZFM-04820,e4a0e958-0774-444b-ad65-f6ff7bc22902,Midbrain
3,-32729.928874941055,5,ZFM-04820,e4a0e958-0774-444b-ad65-f6ff7bc22902,Midbrain
4,-32705.136472064634,6,ZFM-04820,e4a0e958-0774-444b-ad65-f6ff7bc22902,Midbrain
5,-32728.71019145104,7,ZFM-04820,e4a0e958-0774-444b-ad65-f6ff7bc22902,Midbrain
6,-32326.467177666633,8,ZFM-04820,e4a0e958-0774-444b-ad65-f6ff7bc22902,Midbrain
7,-32458.045957015365,9,ZFM-04820,e4a0e958-0774-444b-ad65-f6ff7bc22902,Midbrain
8,-32374.671469804056,10,ZFM-04820,e4a0e958-0774-444b-ad65-f6ff7bc22902,Midbrain
9,-32399.267063462412,11,ZFM-04820,e4a0e958-0774-444b-ad65-f6ff7bc22902,Midbrain
10,-32182.088448386552,12,ZFM-04820,e4a0e958-0774-444b-ad65-f6ff7bc22902,Midbrain
11,-32209.55013318765,13,ZFM-04820,e4a0e958-0774-444b-ad65-f6ff7bc22902,Midbrain
12,-32362.668681774398,14,ZFM-04820,e4a0e958-0774-444b-ad65-f6ff7bc22902,Midbrain
13,-32099.962768204136,15,ZFM-04820,e4a0e958-0774-444b-ad65-f6ff7bc22902,Midbrain
14,-32106.61130463825,16,ZFM-04820,e4a0e958-0774-444b-ad65-f6ff7bc22902,Midbrain
15,-32090.129230384315,17,ZFM-04820,e4a0e958-0774-444b-ad65-f6ff7bc22902,Midbrain
16,-32146.24038336319,18,ZFM-04820,e4a0e958-0774-444b-ad65-f6ff7bc22902,Midbrain
17,-31950.5832701957,19,ZFM-04820,e4a0e958-0774-444b-ad65-f6ff7bc22902,Midbrain
18,-31994.799439095583,20,ZFM-04820,e4a0e958-0774-444b-ad65-f6ff7bc22902,Midbrain
0,-4272.601020869302,2,ZFM-04820,366c7c11-5509-443f-b07b-dabc9dcfd53e,Hippocampus
1,-4161.997741617253,3,ZFM-04820,366c7c11-5509-443f-b07b-dabc9dcfd53e,Hippocampus
2,-4128.81513803843,4,ZFM-04820,366c7c11-5509-443f-b07b-dabc9dcfd53e,Hippocampus
3,-4097.982435485832,5,ZFM-04820,366c7c11-5509-443f-b07b-dabc9dcfd53e,Hippocampus
4,-4095.946632614,6,ZFM-04820,366c7c11-5509-443f-b07b-dabc9dcfd53e,Hippocampus
5,-4073.067392269049,7,ZFM-04820,366c7c11-5509-443f-b07b-dabc9dcfd53e,Hippocampus
6,-4066.7823058464182,8,ZFM-04820,366c7c11-5509-443f-b07b-dabc9dcfd53e,Hippocampus
7,-4058.2449903129163,9,ZFM-04820,366c7c11-5509-443f-b07b-dabc9dcfd53e,Hippocampus
8,-4063.458510468716,10,ZFM-04820,366c7c11-5509-443f-b07b-dabc9dcfd53e,Hippocampus
9,-4060.420538487384,11,ZFM-04820,366c7c11-5509-443f-b07b-dabc9dcfd53e,Hippocampus
10,-4038.1234585152715,12,ZFM-04820,366c7c11-5509-443f-b07b-dabc9dcfd53e,Hippocampus
11,-4043.2763600964076,13,ZFM-04820,366c7c11-5509-443f-b07b-dabc9dcfd53e,Hippocampus
12,-4053.028971660875,14,ZFM-04820,366c7c11-5509-443f-b07b-dabc9dcfd53e,Hippocampus
13,-4052.801211119972,15,ZFM-04820,366c7c11-5509-443f-b07b-dabc9dcfd53e,Hippocampus
14,-4058.902826058345,16,ZFM-04820,366c7c11-5509-443f-b07b-dabc9dcfd53e,Hippocampus
15,-4055.7002416096684,17,ZFM-04820,366c7c11-5509-443f-b07b-dabc9dcfd53e,Hippocampus
16,-4033.8069334909565,18,ZFM-04820,366c7c11-5509-443f-b07b-dabc9dcfd53e,Hippocampus
17,-4056.423922932951,19,ZFM-04820,366c7c11-5509-443f-b07b-dabc9dcfd53e,Hippocampus
18,-4052.088834794032,20,ZFM-04820,366c7c11-5509-443f-b07b-dabc9dcfd53e,Hippocampus
0,-5824.189544613764,2,ZFM-04820,366c7c11-5509-443f-b07b-dabc9dcfd53e,Sensory cortex
1,-5767.598542725724,3,ZFM-04820,366c7c11-5509-443f-b07b-dabc9dcfd53e,Sensory cortex
2,-5673.052966277628,4,ZFM-04820,366c7c11-5509-443f-b07b-dabc9dcfd53e,Sensory cortex
3,-5631.136044393241,5,ZFM-04820,366c7c11-5509-443f-b07b-dabc9dcfd53e,Sensory cortex
4,-5625.717936896782,6,ZFM-04820,366c7c11-5509-443f-b07b-dabc9dcfd53e,Sensory cortex
5,-5592.425316834879,7,ZFM-04820,366c7c11-5509-443f-b07b-dabc9dcfd53e,Sensory cortex
6,-5574.2722356846625,8,ZFM-04820,366c7c11-5509-443f-b07b-dabc9dcfd53e,Sensory cortex
7,-5585.320173498312,9,ZFM-04820,366c7c11-5509-443f-b07b-dabc9dcfd53e,Sensory cortex
8,-5567.2343010792665,10,ZFM-04820,366c7c11-5509-443f-b07b-dabc9dcfd53e,Sensory cortex
9,-5574.526743014112,11,ZFM-04820,366c7c11-5509-443f-b07b-dabc9dcfd53e,Sensory cortex
10,-5596.307472145777,12,ZFM-04820,366c7c11-5509-443f-b07b-dabc9dcfd53e,Sensory cortex
11,-5580.304495673695,13,ZFM-04820,366c7c11-5509-443f-b07b-dabc9dcfd53e,Sensory cortex
12,-5582.772312796638,14,ZFM-04820,366c7c11-5509-443f-b07b-dabc9dcfd53e,Sensory cortex
13,-5585.194419506377,15,ZFM-04820,366c7c11-5509-443f-b07b-dabc9dcfd53e,Sensory cortex
14,-5585.713402223498,16,ZFM-04820,366c7c11-5509-443f-b07b-dabc9dcfd53e,Sensory cortex
15,-5564.704421746021,17,ZFM-04820,366c7c11-5509-443f-b07b-dabc9dcfd53e,Sensory cortex
16,-5571.197193180413,18,ZFM-04820,366c7c11-5509-443f-b07b-dabc9dcfd53e,Sensory cortex
17,-5572.459463104634,19,ZFM-04820,366c7c11-5509-443f-b07b-dabc9dcfd53e,Sensory cortex
18,-5573.866581810241,20,ZFM-04820,366c7c11-5509-443f-b07b-dabc9dcfd53e,Sensory cortex
0,-19549.640737339152,2,ZFM-04820,366c7c11-5509-443f-b07b-dabc9dcfd53e,Thalamus
1,-19463.02988966511,3,ZFM-04820,366c7c11-5509-443f-b07b-dabc9dcfd53e,Thalamus
2,-19330.866161203245,4,ZFM-04820,366c7c11-5509-443f-b07b-dabc9dcfd53e,Thalamus
3,-19252.763170197606,5,ZFM-04820,366c7c11-5509-443f-b07b-dabc9dcfd53e,Thalamus
4,-19217.393410916346,6,ZFM-04820,366c7c11-5509-443f-b07b-dabc9dcfd53e,Thalamus
5,-19162.947730530897,7,ZFM-04820,366c7c11-5509-443f-b07b-dabc9dcfd53e,Thalamus
6,-19156.056924271074,8,ZFM-04820,366c7c11-5509-443f-b07b-dabc9dcfd53e,Thalamus
7,-19179.748877279217,9,ZFM-04820,366c7c11-5509-443f-b07b-dabc9dcfd53e,Thalamus
8,-19119.359431597757,10,ZFM-04820,366c7c11-5509-443f-b07b-dabc9dcfd53e,Thalamus
9,-19072.970400441634,11,ZFM-04820,366c7c11-5509-443f-b07b-dabc9dcfd53e,Thalamus
10,-19134.306403016984,12,ZFM-04820,366c7c11-5509-443f-b07b-dabc9dcfd53e,Thalamus
11,-19100.993673504534,13,ZFM-04820,366c7c11-5509-443f-b07b-dabc9dcfd53e,Thalamus
12,-19079.312835182547,14,ZFM-04820,366c7c11-5509-443f-b07b-dabc9dcfd53e,Thalamus
13,-19067.880909379834,15,ZFM-04820,366c7c11-5509-443f-b07b-dabc9dcfd53e,Thalamus
14,-19041.72169210133,16,ZFM-04820,366c7c11-5509-443f-b07b-dabc9dcfd53e,Thalamus
15,-19115.33760689767,17,ZFM-04820,366c7c11-5509-443f-b07b-dabc9dcfd53e,Thalamus
16,-19072.843759261337,18,ZFM-04820,366c7c11-5509-443f-b07b-dabc9dcfd53e,Thalamus
17,-19095.14817660278,19,ZFM-04820,366c7c11-5509-443f-b07b-dabc9dcfd53e,Thalamus
18,-19082.61913721775,20,ZFM-04820,366c7c11-5509-443f-b07b-dabc9dcfd53e,Thalamus
0,-2535.693750505698,2,ZFM-05492,45715ef6-aec0-439f-b89e-55aa20edbdcf,Midbrain
1,-2294.9820234255176,3,ZFM-05492,45715ef6-aec0-439f-b89e-55aa20edbdcf,Midbrain
2,-2101.9689393789554,4,ZFM-05492,45715ef6-aec0-439f-b89e-55aa20edbdcf,Midbrain
3,-2052.3067492022933,5,ZFM-05492,45715ef6-aec0-439f-b89e-55aa20edbdcf,Midbrain
4,-2035.2628120366148,6,ZFM-05492,45715ef6-aec0-439f-b89e-55aa20edbdcf,Midbrain
5,-2057.032877848099,7,ZFM-05492,45715ef6-aec0-439f-b89e-55aa20edbdcf,Midbrain
6,-1885.8039875170707,8,ZFM-05492,45715ef6-aec0-439f-b89e-55aa20edbdcf,Midbrain
7,-1970.9682490222053,9,ZFM-05492,45715ef6-aec0-439f-b89e-55aa20edbdcf,Midbrain
8,-1831.02356974138,10,ZFM-05492,45715ef6-aec0-439f-b89e-55aa20edbdcf,Midbrain
9,-1847.0519350559887,11,ZFM-05492,45715ef6-aec0-439f-b89e-55aa20edbdcf,Midbrain
10,-1827.4736777117114,12,ZFM-05492,45715ef6-aec0-439f-b89e-55aa20edbdcf,Midbrain
11,-1875.349514597723,13,ZFM-05492,45715ef6-aec0-439f-b89e-55aa20edbdcf,Midbrain
12,-1813.6013132236822,14,ZFM-05492,45715ef6-aec0-439f-b89e-55aa20edbdcf,Midbrain
13,-1993.151592973648,15,ZFM-05492,45715ef6-aec0-439f-b89e-55aa20edbdcf,Midbrain
14,-1830.3078180519342,16,ZFM-05492,45715ef6-aec0-439f-b89e-55aa20edbdcf,Midbrain
15,-1830.6404863297053,17,ZFM-05492,45715ef6-aec0-439f-b89e-55aa20edbdcf,Midbrain
16,-1816.6639152035273,18,ZFM-05492,45715ef6-aec0-439f-b89e-55aa20edbdcf,Midbrain
17,-1834.4094662978196,19,ZFM-05492,45715ef6-aec0-439f-b89e-55aa20edbdcf,Midbrain
18,-1812.5754342528116,20,ZFM-05492,45715ef6-aec0-439f-b89e-55aa20edbdcf,Midbrain
0,-1779.5092144451746,2,ZFM-05492,9d6a2d8d-c06c-4f04-b208-a8346fedb471,Frontal cortex
1,-1611.5462359929152,3,ZFM-05492,9d6a2d8d-c06c-4f04-b208-a8346fedb471,Frontal cortex
2,-1538.066393565416,4,ZFM-05492,9d6a2d8d-c06c-4f04-b208-a8346fedb471,Frontal cortex
3,-1523.3540914820912,5,ZFM-05492,9d6a2d8d-c06c-4f04-b208-a8346fedb471,Frontal cortex
4,-1474.9239564590368,6,ZFM-05492,9d6a2d8d-c06c-4f04-b208-a8346fedb471,Frontal cortex
5,-1495.7668782741907,7,ZFM-05492,9d6a2d8d-c06c-4f04-b208-a8346fedb471,Frontal cortex
6,-1447.2988100300324,8,ZFM-05492,9d6a2d8d-c06c-4f04-b208-a8346fedb471,Frontal cortex
7,-1450.3999687102505,9,ZFM-05492,9d6a2d8d-c06c-4f04-b208-a8346fedb471,Frontal cortex
8,-1440.6728699428522,10,ZFM-05492,9d6a2d8d-c06c-4f04-b208-a8346fedb471,Frontal cortex
9,-1456.2751222982647,11,ZFM-05492,9d6a2d8d-c06c-4f04-b208-a8346fedb471,Frontal cortex
10,-1424.4185284567054,12,ZFM-05492,9d6a2d8d-c06c-4f04-b208-a8346fedb471,Frontal cortex
11,-1431.7979326617635,13,ZFM-05492,9d6a2d8d-c06c-4f04-b208-a8346fedb471,Frontal cortex
12,-1429.627397364709,14,ZFM-05492,9d6a2d8d-c06c-4f04-b208-a8346fedb471,Frontal cortex
13,-1424.391711730255,15,ZFM-05492,9d6a2d8d-c06c-4f04-b208-a8346fedb471,Frontal cortex
14,-1443.8858776408574,16,ZFM-05492,9d6a2d8d-c06c-4f04-b208-a8346fedb471,Frontal cortex
15,-1423.4218051240568,17,ZFM-05492,9d6a2d8d-c06c-4f04-b208-a8346fedb471,Frontal cortex
16,-1434.859934911936,18,ZFM-05492,9d6a2d8d-c06c-4f04-b208-a8346fedb471,Frontal cortex
17,-1410.2669902538873,19,ZFM-05492,9d6a2d8d-c06c-4f04-b208-a8346fedb471,Frontal cortex
18,-1414.0266010026044,20,ZFM-05492,9d6a2d8d-c06c-4f04-b208-a8346fedb471,Frontal cortex
0,-4547.857174660173,2,ZFM-05492,9d6a2d8d-c06c-4f04-b208-a8346fedb471,Striatum
1,-4393.907997004152,3,ZFM-05492,9d6a2d8d-c06c-4f04-b208-a8346fedb471,Striatum
2,-4373.607827013113,4,ZFM-05492,9d6a2d8d-c06c-4f04-b208-a8346fedb471,Striatum
3,-4334.195414858514,5,ZFM-05492,9d6a2d8d-c06c-4f04-b208-a8346fedb471,Striatum
4,-4338.850860188462,6,ZFM-05492,9d6a2d8d-c06c-4f04-b208-a8346fedb471,Striatum
5,-4350.969313677879,7,ZFM-05492,9d6a2d8d-c06c-4f04-b208-a8346fedb471,Striatum
6,-4307.002574697493,8,ZFM-05492,9d6a2d8d-c06c-4f04-b208-a8346fedb471,Striatum
7,-4299.528740883251,9,ZFM-05492,9d6a2d8d-c06c-4f04-b208-a8346fedb471,Striatum
8,-4215.186723608231,10,ZFM-05492,9d6a2d8d-c06c-4f04-b208-a8346fedb471,Striatum
9,-4320.735023384356,11,ZFM-05492,9d6a2d8d-c06c-4f04-b208-a8346fedb471,Striatum
10,-4244.343119934571,12,ZFM-05492,9d6a2d8d-c06c-4f04-b208-a8346fedb471,Striatum
11,-4321.721453328267,13,ZFM-05492,9d6a2d8d-c06c-4f04-b208-a8346fedb471,Striatum
12,-4271.217582356718,14,ZFM-05492,9d6a2d8d-c06c-4f04-b208-a8346fedb471,Striatum
13,-4240.513561145556,15,ZFM-05492,9d6a2d8d-c06c-4f04-b208-a8346fedb471,Striatum
14,-4320.274302281489,16,ZFM-05492,9d6a2d8d-c06c-4f04-b208-a8346fedb471,Striatum
15,-4337.149396667832,17,ZFM-05492,9d6a2d8d-c06c-4f04-b208-a8346fedb471,Striatum
16,-4337.70402176049,18,ZFM-05492,9d6a2d8d-c06c-4f04-b208-a8346fedb471,Striatum
17,-4521.274590455774,19,ZFM-05492,9d6a2d8d-c06c-4f04-b208-a8346fedb471,Striatum
18,-4442.7134300272155,20,ZFM-05492,9d6a2d8d-c06c-4f04-b208-a8346fedb471,Striatum
0,-14001.5408830312,2,ZFM-05181,542aa93b-4876-439c-93f7-dd77263e55e8,Frontal cortex
1,-13086.116264515676,3,ZFM-05181,542aa93b-4876-439c-93f7-dd77263e55e8,Frontal cortex
2,-12938.810309520912,4,ZFM-05181,542aa93b-4876-439c-93f7-dd77263e55e8,Frontal cortex
3,-12760.429433128418,5,ZFM-05181,542aa93b-4876-439c-93f7-dd77263e55e8,Frontal cortex
4,-12657.22986897664,6,ZFM-05181,542aa93b-4876-439c-93f7-dd77263e55e8,Frontal cortex
5,-12683.308643653882,7,ZFM-05181,542aa93b-4876-439c-93f7-dd77263e55e8,Frontal cortex
6,-12609.963789689218,8,ZFM-05181,542aa93b-4876-439c-93f7-dd77263e55e8,Frontal cortex
7,-12575.143765365292,9,ZFM-05181,542aa93b-4876-439c-93f7-dd77263e55e8,Frontal cortex
8,-12519.196802420052,10,ZFM-05181,542aa93b-4876-439c-93f7-dd77263e55e8,Frontal cortex
9,-12561.03380744654,11,ZFM-05181,542aa93b-4876-439c-93f7-dd77263e55e8,Frontal cortex
10,-12479.63103841563,12,ZFM-05181,542aa93b-4876-439c-93f7-dd77263e55e8,Frontal cortex
11,-12499.761136543275,13,ZFM-05181,542aa93b-4876-439c-93f7-dd77263e55e8,Frontal cortex
12,-12456.351580009728,14,ZFM-05181,542aa93b-4876-439c-93f7-dd77263e55e8,Frontal cortex
13,-12475.03716205871,15,ZFM-05181,542aa93b-4876-439c-93f7-dd77263e55e8,Frontal cortex
14,-12368.798924153323,16,ZFM-05181,542aa93b-4876-439c-93f7-dd77263e55e8,Frontal cortex
15,-12455.628627481534,17,ZFM-05181,542aa93b-4876-439c-93f7-dd77263e55e8,Frontal cortex
16,-12500.033095870787,18,ZFM-05181,542aa93b-4876-439c-93f7-dd77263e55e8,Frontal cortex
17,-12534.895952329858,19,ZFM-05181,542aa93b-4876-439c-93f7-dd77263e55e8,Frontal cortex
18,-12563.426046029592,20,ZFM-05181,542aa93b-4876-439c-93f7-dd77263e55e8,Frontal cortex
0,-4809.978032581613,2,ZFM-05181,79f881cb-8140-47ed-8d1a-7cca7e66fb12,Amygdala
1,-4682.507375345511,3,ZFM-05181,79f881cb-8140-47ed-8d1a-7cca7e66fb12,Amygdala
2,-4634.8148894958895,4,ZFM-05181,79f881cb-8140-47ed-8d1a-7cca7e66fb12,Amygdala
3,-4619.5490451571295,5,ZFM-05181,79f881cb-8140-47ed-8d1a-7cca7e66fb12,Amygdala
4,-4603.460051712394,6,ZFM-05181,79f881cb-8140-47ed-8d1a-7cca7e66fb12,Amygdala
5,-4566.338861642658,7,ZFM-05181,79f881cb-8140-47ed-8d1a-7cca7e66fb12,Amygdala
6,-4546.306283864983,8,ZFM-05181,79f881cb-8140-47ed-8d1a-7cca7e66fb12,Amygdala
7,-4544.893922715198,9,ZFM-05181,79f881cb-8140-47ed-8d1a-7cca7e66fb12,Amygdala
8,-4541.2191564452505,10,ZFM-05181,79f881cb-8140-47ed-8d1a-7cca7e66fb12,Amygdala
9,-4503.1184907082625,11,ZFM-05181,79f881cb-8140-47ed-8d1a-7cca7e66fb12,Amygdala
10,-4547.909826847916,12,ZFM-05181,79f881cb-8140-47ed-8d1a-7cca7e66fb12,Amygdala
11,-4547.919470197072,13,ZFM-05181,79f881cb-8140-47ed-8d1a-7cca7e66fb12,Amygdala
12,-4517.984227361901,14,ZFM-05181,79f881cb-8140-47ed-8d1a-7cca7e66fb12,Amygdala
13,-4570.547889676829,15,ZFM-05181,79f881cb-8140-47ed-8d1a-7cca7e66fb12,Amygdala
14,-4538.122185349028,16,ZFM-05181,79f881cb-8140-47ed-8d1a-7cca7e66fb12,Amygdala
15,-4498.44498343835,17,ZFM-05181,79f881cb-8140-47ed-8d1a-7cca7e66fb12,Amygdala
16,-4522.672109506044,18,ZFM-05181,79f881cb-8140-47ed-8d1a-7cca7e66fb12,Amygdala
17,-4533.023936792552,19,ZFM-05181,79f881cb-8140-47ed-8d1a-7cca7e66fb12,Amygdala
18,-4551.711696832771,20,ZFM-05181,79f881cb-8140-47ed-8d1a-7cca7e66fb12,Amygdala
0,-2209.4786528790396,2,ZFM-05492,17f6f32a-67c5-4e28-9b12-42887c4f3b57,Thalamus
1,-1512.5412884701932,3,ZFM-05492,17f6f32a-67c5-4e28-9b12-42887c4f3b57,Thalamus
2,-996.590903647283,4,ZFM-05492,17f6f32a-67c5-4e28-9b12-42887c4f3b57,Thalamus
3,-1038.981709983393,5,ZFM-05492,17f6f32a-67c5-4e28-9b12-42887c4f3b57,Thalamus
4,-1090.13425776875,6,ZFM-05492,17f6f32a-67c5-4e28-9b12-42887c4f3b57,Thalamus
5,-991.2742701233329,7,ZFM-05492,17f6f32a-67c5-4e28-9b12-42887c4f3b57,Thalamus
6,-970.0097436273337,8,ZFM-05492,17f6f32a-67c5-4e28-9b12-42887c4f3b57,Thalamus
7,-945.4840716627646,9,ZFM-05492,17f6f32a-67c5-4e28-9b12-42887c4f3b57,Thalamus
8,-1003.3514459590406,10,ZFM-05492,17f6f32a-67c5-4e28-9b12-42887c4f3b57,Thalamus
9,-948.1501625393998,11,ZFM-05492,17f6f32a-67c5-4e28-9b12-42887c4f3b57,Thalamus
10,-962.6609808106012,12,ZFM-05492,17f6f32a-67c5-4e28-9b12-42887c4f3b57,Thalamus
11,-961.8702182270606,13,ZFM-05492,17f6f32a-67c5-4e28-9b12-42887c4f3b57,Thalamus
12,-966.6022284722495,14,ZFM-05492,17f6f32a-67c5-4e28-9b12-42887c4f3b57,Thalamus
13,-939.5882185010357,15,ZFM-05492,17f6f32a-67c5-4e28-9b12-42887c4f3b57,Thalamus
14,-1029.9163884122665,16,ZFM-05492,17f6f32a-67c5-4e28-9b12-42887c4f3b57,Thalamus
15,-943.0411502491532,17,ZFM-05492,17f6f32a-67c5-4e28-9b12-42887c4f3b57,Thalamus
16,-929.3972182511268,18,ZFM-05492,17f6f32a-67c5-4e28-9b12-42887c4f3b57,Thalamus
17,-915.7477022968969,19,ZFM-05492,17f6f32a-67c5-4e28-9b12-42887c4f3b57,Thalamus
18,-934.2046221475955,20,ZFM-05492,17f6f32a-67c5-4e28-9b12-42887c4f3b57,Thalamus
0,-1098.544185569858,2,ZFM-05492,5e5d8b5c-0df0-446e-956f-c834769b2ab4,Frontal cortex
1,-1031.3777978786973,3,ZFM-05492,5e5d8b5c-0df0-446e-956f-c834769b2ab4,Frontal cortex
2,-1019.782759003606,4,ZFM-05492,5e5d8b5c-0df0-446e-956f-c834769b2ab4,Frontal cortex
3,-1007.0989086069812,5,ZFM-05492,5e5d8b5c-0df0-446e-956f-c834769b2ab4,Frontal cortex
4,-1001.8933105875442,6,ZFM-05492,5e5d8b5c-0df0-446e-956f-c834769b2ab4,Frontal cortex
5,-999.102023439237,7,ZFM-05492,5e5d8b5c-0df0-446e-956f-c834769b2ab4,Frontal cortex
6,-982.170044775521,8,ZFM-05492,5e5d8b5c-0df0-446e-956f-c834769b2ab4,Frontal cortex
7,-974.2050471874372,9,ZFM-05492,5e5d8b5c-0df0-446e-956f-c834769b2ab4,Frontal cortex
8,-975.9244659042502,10,ZFM-05492,5e5d8b5c-0df0-446e-956f-c834769b2ab4,Frontal cortex
9,-955.7611415082198,11,ZFM-05492,5e5d8b5c-0df0-446e-956f-c834769b2ab4,Frontal cortex
10,-970.2195370265295,12,ZFM-05492,5e5d8b5c-0df0-446e-956f-c834769b2ab4,Frontal cortex
11,-964.4112652763383,13,ZFM-05492,5e5d8b5c-0df0-446e-956f-c834769b2ab4,Frontal cortex
12,-962.5956868583892,14,ZFM-05492,5e5d8b5c-0df0-446e-956f-c834769b2ab4,Frontal cortex
13,-970.0066542761097,15,ZFM-05492,5e5d8b5c-0df0-446e-956f-c834769b2ab4,Frontal cortex
14,-964.0542920965995,16,ZFM-05492,5e5d8b5c-0df0-446e-956f-c834769b2ab4,Frontal cortex
15,-967.5179509757339,17,ZFM-05492,5e5d8b5c-0df0-446e-956f-c834769b2ab4,Frontal cortex
16,-958.7135679646832,18,ZFM-05492,5e5d8b5c-0df0-446e-956f-c834769b2ab4,Frontal cortex
17,-972.3192093075735,19,ZFM-05492,5e5d8b5c-0df0-446e-956f-c834769b2ab4,Frontal cortex
18,-964.4274005220701,20,ZFM-05492,5e5d8b5c-0df0-446e-956f-c834769b2ab4,Frontal cortex
0,-1825.9610739664513,2,ZFM-04820,181aeeb1-9858-4562-9d7c-1ce21959cd80,Sensory cortex
1,-1810.232582646831,3,ZFM-04820,181aeeb1-9858-4562-9d7c-1ce21959cd80,Sensory cortex
2,-1787.6091687235628,4,ZFM-04820,181aeeb1-9858-4562-9d7c-1ce21959cd80,Sensory cortex
3,-1775.0391260065076,5,ZFM-04820,181aeeb1-9858-4562-9d7c-1ce21959cd80,Sensory cortex
4,-1772.0108601753245,6,ZFM-04820,181aeeb1-9858-4562-9d7c-1ce21959cd80,Sensory cortex
5,-1775.6990184691354,7,ZFM-04820,181aeeb1-9858-4562-9d7c-1ce21959cd80,Sensory cortex
6,-1745.5549617642328,8,ZFM-04820,181aeeb1-9858-4562-9d7c-1ce21959cd80,Sensory cortex
7,-1760.9421883886148,9,ZFM-04820,181aeeb1-9858-4562-9d7c-1ce21959cd80,Sensory cortex
8,-1763.7421821352953,10,ZFM-04820,181aeeb1-9858-4562-9d7c-1ce21959cd80,Sensory cortex
9,-1756.9040576142754,11,ZFM-04820,181aeeb1-9858-4562-9d7c-1ce21959cd80,Sensory cortex
10,-1751.7643382966194,12,ZFM-04820,181aeeb1-9858-4562-9d7c-1ce21959cd80,Sensory cortex
11,-1752.8230155823096,13,ZFM-04820,181aeeb1-9858-4562-9d7c-1ce21959cd80,Sensory cortex
12,-1745.6281018653526,14,ZFM-04820,181aeeb1-9858-4562-9d7c-1ce21959cd80,Sensory cortex
13,-1760.028080579801,15,ZFM-04820,181aeeb1-9858-4562-9d7c-1ce21959cd80,Sensory cortex
14,-1761.896017314437,16,ZFM-04820,181aeeb1-9858-4562-9d7c-1ce21959cd80,Sensory cortex
15,-1757.70650635394,17,ZFM-04820,181aeeb1-9858-4562-9d7c-1ce21959cd80,Sensory cortex
16,-1761.850890732674,18,ZFM-04820,181aeeb1-9858-4562-9d7c-1ce21959cd80,Sensory cortex
17,-1749.0846460257953,19,ZFM-04820,181aeeb1-9858-4562-9d7c-1ce21959cd80,Sensory cortex
18,-1751.975326984879,20,ZFM-04820,181aeeb1-9858-4562-9d7c-1ce21959cd80,Sensory cortex
0,-6348.141475464201,2,ZFM-04820,181aeeb1-9858-4562-9d7c-1ce21959cd80,Striatum
1,-6313.4511459927235,3,ZFM-04820,181aeeb1-9858-4562-9d7c-1ce21959cd80,Striatum
2,-6279.648584470704,4,ZFM-04820,181aeeb1-9858-4562-9d7c-1ce21959cd80,Striatum
3,-6251.492436048793,5,ZFM-04820,181aeeb1-9858-4562-9d7c-1ce21959cd80,Striatum
4,-6246.29949243679,6,ZFM-04820,181aeeb1-9858-4562-9d7c-1ce21959cd80,Striatum
5,-6214.041339060537,7,ZFM-04820,181aeeb1-9858-4562-9d7c-1ce21959cd80,Striatum
6,-6196.62154878872,8,ZFM-04820,181aeeb1-9858-4562-9d7c-1ce21959cd80,Striatum
7,-6199.25845391129,9,ZFM-04820,181aeeb1-9858-4562-9d7c-1ce21959cd80,Striatum
8,-6179.69965990656,10,ZFM-04820,181aeeb1-9858-4562-9d7c-1ce21959cd80,Striatum
9,-6205.491873137769,11,ZFM-04820,181aeeb1-9858-4562-9d7c-1ce21959cd80,Striatum
10,-6150.478252446822,12,ZFM-04820,181aeeb1-9858-4562-9d7c-1ce21959cd80,Striatum
11,-6171.267825839933,13,ZFM-04820,181aeeb1-9858-4562-9d7c-1ce21959cd80,Striatum
12,-6224.141599658362,14,ZFM-04820,181aeeb1-9858-4562-9d7c-1ce21959cd80,Striatum
13,-6203.943178525569,15,ZFM-04820,181aeeb1-9858-4562-9d7c-1ce21959cd80,Striatum
14,-6182.203482017486,16,ZFM-04820,181aeeb1-9858-4562-9d7c-1ce21959cd80,Striatum
15,-6180.157076871568,17,ZFM-04820,181aeeb1-9858-4562-9d7c-1ce21959cd80,Striatum
16,-6194.610374417991,18,ZFM-04820,181aeeb1-9858-4562-9d7c-1ce21959cd80,Striatum
17,-6228.496073026042,19,ZFM-04820,181aeeb1-9858-4562-9d7c-1ce21959cd80,Striatum
18,-6164.359167294064,20,ZFM-04820,181aeeb1-9858-4562-9d7c-1ce21959cd80,Striatum
0,-4901.073977969879,2,ZFM-04820,04954136-75a8-4a20-9054-37b0bffd3b8b,Frontal cortex
1,-4826.713466928381,3,ZFM-04820,04954136-75a8-4a20-9054-37b0bffd3b8b,Frontal cortex
2,-4795.775904235753,4,ZFM-04820,04954136-75a8-4a20-9054-37b0bffd3b8b,Frontal cortex
3,-4814.446649889351,5,ZFM-04820,04954136-75a8-4a20-9054-37b0bffd3b8b,Frontal cortex
4,-4782.72396883179,6,ZFM-04820,04954136-75a8-4a20-9054-37b0bffd3b8b,Frontal cortex
5,-4756.771791209844,7,ZFM-04820,04954136-75a8-4a20-9054-37b0bffd3b8b,Frontal cortex
6,-4762.003641511531,8,ZFM-04820,04954136-75a8-4a20-9054-37b0bffd3b8b,Frontal cortex
7,-4754.3078296853955,9,ZFM-04820,04954136-75a8-4a20-9054-37b0bffd3b8b,Frontal cortex
8,-4749.201253789837,10,ZFM-04820,04954136-75a8-4a20-9054-37b0bffd3b8b,Frontal cortex
9,-4731.669389755961,11,ZFM-04820,04954136-75a8-4a20-9054-37b0bffd3b8b,Frontal cortex
10,-4742.890347997652,12,ZFM-04820,04954136-75a8-4a20-9054-37b0bffd3b8b,Frontal cortex
11,-4726.700643439278,13,ZFM-04820,04954136-75a8-4a20-9054-37b0bffd3b8b,Frontal cortex
12,-4742.862977437631,14,ZFM-04820,04954136-75a8-4a20-9054-37b0bffd3b8b,Frontal cortex
13,-4721.457971877979,15,ZFM-04820,04954136-75a8-4a20-9054-37b0bffd3b8b,Frontal cortex
14,-4742.412298751961,16,ZFM-04820,04954136-75a8-4a20-9054-37b0bffd3b8b,Frontal cortex
15,-4735.465295236418,17,ZFM-04820,04954136-75a8-4a20-9054-37b0bffd3b8b,Frontal cortex
16,-4733.80181095683,18,ZFM-04820,04954136-75a8-4a20-9054-37b0bffd3b8b,Frontal cortex
17,-4737.52561436058,19,ZFM-04820,04954136-75a8-4a20-9054-37b0bffd3b8b,Frontal cortex
18,-4749.587376162117,20,ZFM-04820,04954136-75a8-4a20-9054-37b0bffd3b8b,Frontal cortex
0,-4142.42143785902,2,ZFM-04820,04954136-75a8-4a20-9054-37b0bffd3b8b,Striatum
1,-4093.2831589067605,3,ZFM-04820,04954136-75a8-4a20-9054-37b0bffd3b8b,Striatum
2,-4031.8116074526615,4,ZFM-04820,04954136-75a8-4a20-9054-37b0bffd3b8b,Striatum
3,-4000.442739181135,5,ZFM-04820,04954136-75a8-4a20-9054-37b0bffd3b8b,Striatum
4,-4031.9062288365258,6,ZFM-04820,04954136-75a8-4a20-9054-37b0bffd3b8b,Striatum
5,-3987.3575609762215,7,ZFM-04820,04954136-75a8-4a20-9054-37b0bffd3b8b,Striatum
6,-3984.079115488494,8,ZFM-04820,04954136-75a8-4a20-9054-37b0bffd3b8b,Striatum
7,-4021.97608656139,9,ZFM-04820,04954136-75a8-4a20-9054-37b0bffd3b8b,Striatum
8,-3993.5594684904927,10,ZFM-04820,04954136-75a8-4a20-9054-37b0bffd3b8b,Striatum
9,-3998.3434787427595,11,ZFM-04820,04954136-75a8-4a20-9054-37b0bffd3b8b,Striatum
10,-4009.352673510948,12,ZFM-04820,04954136-75a8-4a20-9054-37b0bffd3b8b,Striatum
11,-3990.6428518216844,13,ZFM-04820,04954136-75a8-4a20-9054-37b0bffd3b8b,Striatum
12,-3959.522868547665,14,ZFM-04820,04954136-75a8-4a20-9054-37b0bffd3b8b,Striatum
13,-3986.2073196031497,15,ZFM-04820,04954136-75a8-4a20-9054-37b0bffd3b8b,Striatum
14,-4036.737373359565,16,ZFM-04820,04954136-75a8-4a20-9054-37b0bffd3b8b,Striatum
15,-4054.5007737479664,17,ZFM-04820,04954136-75a8-4a20-9054-37b0bffd3b8b,Striatum
16,-4022.09432860777,18,ZFM-04820,04954136-75a8-4a20-9054-37b0bffd3b8b,Striatum
17,-4032.746027370831,19,ZFM-04820,04954136-75a8-4a20-9054-37b0bffd3b8b,Striatum
18,-3948.0114878301633,20,ZFM-04820,04954136-75a8-4a20-9054-37b0bffd3b8b,Striatum
0,-1436.7816720749136,2,ZFM-05492,e19c5b97-62cb-409d-8d6e-ac399755e4b5,Sensory cortex
1,-1376.65060040962,3,ZFM-05492,e19c5b97-62cb-409d-8d6e-ac399755e4b5,Sensory cortex
2,-1376.2932752208187,4,ZFM-05492,e19c5b97-62cb-409d-8d6e-ac399755e4b5,Sensory cortex
3,-1369.7710857898323,5,ZFM-05492,e19c5b97-62cb-409d-8d6e-ac399755e4b5,Sensory cortex
4,-1369.8019130401499,6,ZFM-05492,e19c5b97-62cb-409d-8d6e-ac399755e4b5,Sensory cortex
5,-1369.0488600332653,7,ZFM-05492,e19c5b97-62cb-409d-8d6e-ac399755e4b5,Sensory cortex
6,-1369.7209988399004,8,ZFM-05492,e19c5b97-62cb-409d-8d6e-ac399755e4b5,Sensory cortex
7,-1355.8453838545388,9,ZFM-05492,e19c5b97-62cb-409d-8d6e-ac399755e4b5,Sensory cortex
8,-1357.2991022726553,10,ZFM-05492,e19c5b97-62cb-409d-8d6e-ac399755e4b5,Sensory cortex
9,-1356.753443664677,11,ZFM-05492,e19c5b97-62cb-409d-8d6e-ac399755e4b5,Sensory cortex
10,-1368.6635068559397,12,ZFM-05492,e19c5b97-62cb-409d-8d6e-ac399755e4b5,Sensory cortex
11,-1357.8086131363423,13,ZFM-05492,e19c5b97-62cb-409d-8d6e-ac399755e4b5,Sensory cortex
12,-1361.2804965904943,14,ZFM-05492,e19c5b97-62cb-409d-8d6e-ac399755e4b5,Sensory cortex
13,-1360.2605802923872,15,ZFM-05492,e19c5b97-62cb-409d-8d6e-ac399755e4b5,Sensory cortex
14,-1347.6511289923833,16,ZFM-05492,e19c5b97-62cb-409d-8d6e-ac399755e4b5,Sensory cortex
15,-1353.8050335219093,17,ZFM-05492,e19c5b97-62cb-409d-8d6e-ac399755e4b5,Sensory cortex
16,-1371.7238235226278,18,ZFM-05492,e19c5b97-62cb-409d-8d6e-ac399755e4b5,Sensory cortex
17,-1358.8219509585879,19,ZFM-05492,e19c5b97-62cb-409d-8d6e-ac399755e4b5,Sensory cortex
18,-1358.595902243861,20,ZFM-05492,e19c5b97-62cb-409d-8d6e-ac399755e4b5,Sensory cortex
0,-10015.670816779675,2,ZFM-04820,36f8f321-c21b-4f2d-876b-c289ce3f8bed,Frontal cortex
1,-9914.099700342407,3,ZFM-04820,36f8f321-c21b-4f2d-876b-c289ce3f8bed,Frontal cortex
2,-9846.422105745185,4,ZFM-04820,36f8f321-c21b-4f2d-876b-c289ce3f8bed,Frontal cortex
3,-9838.533733895214,5,ZFM-04820,36f8f321-c21b-4f2d-876b-c289ce3f8bed,Frontal cortex
4,-9802.218270476746,6,ZFM-04820,36f8f321-c21b-4f2d-876b-c289ce3f8bed,Frontal cortex
5,-9735.832530250756,7,ZFM-04820,36f8f321-c21b-4f2d-876b-c289ce3f8bed,Frontal cortex
6,-9672.397723200273,8,ZFM-04820,36f8f321-c21b-4f2d-876b-c289ce3f8bed,Frontal cortex
7,-9673.799645542842,9,ZFM-04820,36f8f321-c21b-4f2d-876b-c289ce3f8bed,Frontal cortex
8,-9677.176123740921,10,ZFM-04820,36f8f321-c21b-4f2d-876b-c289ce3f8bed,Frontal cortex
9,-9640.734165029122,11,ZFM-04820,36f8f321-c21b-4f2d-876b-c289ce3f8bed,Frontal cortex
10,-9654.415421770449,12,ZFM-04820,36f8f321-c21b-4f2d-876b-c289ce3f8bed,Frontal cortex
11,-9618.983048392538,13,ZFM-04820,36f8f321-c21b-4f2d-876b-c289ce3f8bed,Frontal cortex
12,-9617.925290989646,14,ZFM-04820,36f8f321-c21b-4f2d-876b-c289ce3f8bed,Frontal cortex
13,-9616.543473263184,15,ZFM-04820,36f8f321-c21b-4f2d-876b-c289ce3f8bed,Frontal cortex
14,-9658.950424102084,16,ZFM-04820,36f8f321-c21b-4f2d-876b-c289ce3f8bed,Frontal cortex
15,-9567.131437304393,17,ZFM-04820,36f8f321-c21b-4f2d-876b-c289ce3f8bed,Frontal cortex
16,-9589.961319956914,18,ZFM-04820,36f8f321-c21b-4f2d-876b-c289ce3f8bed,Frontal cortex
17,-9601.010426467086,19,ZFM-04820,36f8f321-c21b-4f2d-876b-c289ce3f8bed,Frontal cortex
18,-9621.99124265864,20,ZFM-04820,36f8f321-c21b-4f2d-876b-c289ce3f8bed,Frontal cortex
0,-3902.741678647668,2,ZFM-04820,36f8f321-c21b-4f2d-876b-c289ce3f8bed,Sensory cortex
1,-3851.930013930781,3,ZFM-04820,36f8f321-c21b-4f2d-876b-c289ce3f8bed,Sensory cortex
2,-3805.6432882009954,4,ZFM-04820,36f8f321-c21b-4f2d-876b-c289ce3f8bed,Sensory cortex
3,-3768.9778787555,5,ZFM-04820,36f8f321-c21b-4f2d-876b-c289ce3f8bed,Sensory cortex
4,-3764.6191960766023,6,ZFM-04820,36f8f321-c21b-4f2d-876b-c289ce3f8bed,Sensory cortex
5,-3756.0198890531365,7,ZFM-04820,36f8f321-c21b-4f2d-876b-c289ce3f8bed,Sensory cortex
6,-3715.472335591732,8,ZFM-04820,36f8f321-c21b-4f2d-876b-c289ce3f8bed,Sensory cortex
7,-3707.562077217892,9,ZFM-04820,36f8f321-c21b-4f2d-876b-c289ce3f8bed,Sensory cortex
8,-3700.396283214899,10,ZFM-04820,36f8f321-c21b-4f2d-876b-c289ce3f8bed,Sensory cortex
9,-3704.5145688550097,11,ZFM-04820,36f8f321-c21b-4f2d-876b-c289ce3f8bed,Sensory cortex
10,-3706.3637389634905,12,ZFM-04820,36f8f321-c21b-4f2d-876b-c289ce3f8bed,Sensory cortex
11,-3702.71635017801,13,ZFM-04820,36f8f321-c21b-4f2d-876b-c289ce3f8bed,Sensory cortex
12,-3714.097695198863,14,ZFM-04820,36f8f321-c21b-4f2d-876b-c289ce3f8bed,Sensory cortex
13,-3705.590899437881,15,ZFM-04820,36f8f321-c21b-4f2d-876b-c289ce3f8bed,Sensory cortex
14,-3696.3407245529297,16,ZFM-04820,36f8f321-c21b-4f2d-876b-c289ce3f8bed,Sensory cortex
15,-3709.8040544859787,17,ZFM-04820,36f8f321-c21b-4f2d-876b-c289ce3f8bed,Sensory cortex
16,-3696.7249560546893,18,ZFM-04820,36f8f321-c21b-4f2d-876b-c289ce3f8bed,Sensory cortex
17,-3715.6714508957084,19,ZFM-04820,36f8f321-c21b-4f2d-876b-c289ce3f8bed,Sensory cortex
18,-3703.738612538767,20,ZFM-04820,36f8f321-c21b-4f2d-876b-c289ce3f8bed,Sensory cortex
0,-8698.632131812812,2,ZFM-04820,36f8f321-c21b-4f2d-876b-c289ce3f8bed,Striatum
1,-8502.877012912159,3,ZFM-04820,36f8f321-c21b-4f2d-876b-c289ce3f8bed,Striatum
2,-8422.040390734965,4,ZFM-04820,36f8f321-c21b-4f2d-876b-c289ce3f8bed,Striatum
3,-8391.627468491764,5,ZFM-04820,36f8f321-c21b-4f2d-876b-c289ce3f8bed,Striatum
4,-8302.531233593536,6,ZFM-04820,36f8f321-c21b-4f2d-876b-c289ce3f8bed,Striatum
5,-8269.842136168141,7,ZFM-04820,36f8f321-c21b-4f2d-876b-c289ce3f8bed,Striatum
6,-8254.574420474408,8,ZFM-04820,36f8f321-c21b-4f2d-876b-c289ce3f8bed,Striatum
7,-8207.134145214633,9,ZFM-04820,36f8f321-c21b-4f2d-876b-c289ce3f8bed,Striatum
8,-8219.407731938092,10,ZFM-04820,36f8f321-c21b-4f2d-876b-c289ce3f8bed,Striatum
9,-8153.117044647564,11,ZFM-04820,36f8f321-c21b-4f2d-876b-c289ce3f8bed,Striatum
10,-8200.346977638921,12,ZFM-04820,36f8f321-c21b-4f2d-876b-c289ce3f8bed,Striatum
11,-8218.485830565583,13,ZFM-04820,36f8f321-c21b-4f2d-876b-c289ce3f8bed,Striatum
12,-8184.185232190046,14,ZFM-04820,36f8f321-c21b-4f2d-876b-c289ce3f8bed,Striatum
13,-8213.36469748861,15,ZFM-04820,36f8f321-c21b-4f2d-876b-c289ce3f8bed,Striatum
14,-8209.137000530352,16,ZFM-04820,36f8f321-c21b-4f2d-876b-c289ce3f8bed,Striatum
15,-8180.9127192293845,17,ZFM-04820,36f8f321-c21b-4f2d-876b-c289ce3f8bed,Striatum
16,-8249.870434381208,18,ZFM-04820,36f8f321-c21b-4f2d-876b-c289ce3f8bed,Striatum
17,-8172.797810375619,19,ZFM-04820,36f8f321-c21b-4f2d-876b-c289ce3f8bed,Striatum
18,-8152.953860255522,20,ZFM-04820,36f8f321-c21b-4f2d-876b-c289ce3f8bed,Striatum
0,-14930.511799447684,2,ZFM-04820,aa89d1e8-51da-40f6-a215-c9703a6ceb30,Midbrain
1,-14577.027567756688,3,ZFM-04820,aa89d1e8-51da-40f6-a215-c9703a6ceb30,Midbrain
2,-14518.00090816318,4,ZFM-04820,aa89d1e8-51da-40f6-a215-c9703a6ceb30,Midbrain
3,-14529.390801906831,5,ZFM-04820,aa89d1e8-51da-40f6-a215-c9703a6ceb30,Midbrain
4,-14466.69106365203,6,ZFM-04820,aa89d1e8-51da-40f6-a215-c9703a6ceb30,Midbrain
5,-14379.487095393888,7,ZFM-04820,aa89d1e8-51da-40f6-a215-c9703a6ceb30,Midbrain
6,-14350.295345561002,8,ZFM-04820,aa89d1e8-51da-40f6-a215-c9703a6ceb30,Midbrain
7,-14346.120893765492,9,ZFM-04820,aa89d1e8-51da-40f6-a215-c9703a6ceb30,Midbrain
8,-14304.46973171538,10,ZFM-04820,aa89d1e8-51da-40f6-a215-c9703a6ceb30,Midbrain
9,-14359.142228300621,11,ZFM-04820,aa89d1e8-51da-40f6-a215-c9703a6ceb30,Midbrain
10,-14279.23951835265,12,ZFM-04820,aa89d1e8-51da-40f6-a215-c9703a6ceb30,Midbrain
11,-14321.754642139595,13,ZFM-04820,aa89d1e8-51da-40f6-a215-c9703a6ceb30,Midbrain
12,-14255.749722884513,14,ZFM-04820,aa89d1e8-51da-40f6-a215-c9703a6ceb30,Midbrain
13,-14253.916791713053,15,ZFM-04820,aa89d1e8-51da-40f6-a215-c9703a6ceb30,Midbrain
14,-14289.826111670609,16,ZFM-04820,aa89d1e8-51da-40f6-a215-c9703a6ceb30,Midbrain
15,-14220.480595057283,17,ZFM-04820,aa89d1e8-51da-40f6-a215-c9703a6ceb30,Midbrain
16,-14273.040177185829,18,ZFM-04820,aa89d1e8-51da-40f6-a215-c9703a6ceb30,Midbrain
17,-14289.710763692849,19,ZFM-04820,aa89d1e8-51da-40f6-a215-c9703a6ceb30,Midbrain
18,-14283.412710181345,20,ZFM-04820,aa89d1e8-51da-40f6-a215-c9703a6ceb30,Midbrain
0,-5284.819970870437,2,ZFM-05492,734bfce6-1705-44c3-8cd2-72327955dbf7,Midbrain
1,-5309.668972106848,3,ZFM-05492,734bfce6-1705-44c3-8cd2-72327955dbf7,Midbrain
2,-5291.112767176079,4,ZFM-05492,734bfce6-1705-44c3-8cd2-72327955dbf7,Midbrain
3,-5340.569408617861,5,ZFM-05492,734bfce6-1705-44c3-8cd2-72327955dbf7,Midbrain
4,-5311.377621962157,6,ZFM-05492,734bfce6-1705-44c3-8cd2-72327955dbf7,Midbrain
5,-5272.068508082398,7,ZFM-05492,734bfce6-1705-44c3-8cd2-72327955dbf7,Midbrain
6,-5333.452670366705,8,ZFM-05492,734bfce6-1705-44c3-8cd2-72327955dbf7,Midbrain
7,-5290.198027571638,9,ZFM-05492,734bfce6-1705-44c3-8cd2-72327955dbf7,Midbrain
8,-5322.176273197256,10,ZFM-05492,734bfce6-1705-44c3-8cd2-72327955dbf7,Midbrain
9,-5356.01970362909,11,ZFM-05492,734bfce6-1705-44c3-8cd2-72327955dbf7,Midbrain
10,-5269.664098004027,12,ZFM-05492,734bfce6-1705-44c3-8cd2-72327955dbf7,Midbrain
11,-5292.90326364153,13,ZFM-05492,734bfce6-1705-44c3-8cd2-72327955dbf7,Midbrain
12,-5228.753716339405,14,ZFM-05492,734bfce6-1705-44c3-8cd2-72327955dbf7,Midbrain
13,-5330.676074943624,15,ZFM-05492,734bfce6-1705-44c3-8cd2-72327955dbf7,Midbrain
14,-5284.802332793138,16,ZFM-05492,734bfce6-1705-44c3-8cd2-72327955dbf7,Midbrain
15,-5252.580924406784,17,ZFM-05492,734bfce6-1705-44c3-8cd2-72327955dbf7,Midbrain
16,-5374.736115462827,18,ZFM-05492,734bfce6-1705-44c3-8cd2-72327955dbf7,Midbrain
17,-5255.80646564158,19,ZFM-05492,734bfce6-1705-44c3-8cd2-72327955dbf7,Midbrain
18,-5392.72026856995,20,ZFM-05492,734bfce6-1705-44c3-8cd2-72327955dbf7,Midbrain
0,-2564.466153245928,2,ZFM-05492,945c6309-78ed-403d-a05d-c3d18ccd2234,Hippocampus
1,-2368.9729024770645,3,ZFM-05492,945c6309-78ed-403d-a05d-c3d18ccd2234,Hippocampus
2,-2340.897149386507,4,ZFM-05492,945c6309-78ed-403d-a05d-c3d18ccd2234,Hippocampus
3,-2322.0842061194744,5,ZFM-05492,945c6309-78ed-403d-a05d-c3d18ccd2234,Hippocampus
4,-2299.175251644316,6,ZFM-05492,945c6309-78ed-403d-a05d-c3d18ccd2234,Hippocampus
5,-2285.610452545206,7,ZFM-05492,945c6309-78ed-403d-a05d-c3d18ccd2234,Hippocampus
6,-2284.7024128431826,8,ZFM-05492,945c6309-78ed-403d-a05d-c3d18ccd2234,Hippocampus
7,-2248.647341746577,9,ZFM-05492,945c6309-78ed-403d-a05d-c3d18ccd2234,Hippocampus
8,-2266.1136985111884,10,ZFM-05492,945c6309-78ed-403d-a05d-c3d18ccd2234,Hippocampus
9,-2304.4791914077623,11,ZFM-05492,945c6309-78ed-403d-a05d-c3d18ccd2234,Hippocampus
10,-2230.543136947549,12,ZFM-05492,945c6309-78ed-403d-a05d-c3d18ccd2234,Hippocampus
11,-2294.963245805075,13,ZFM-05492,945c6309-78ed-403d-a05d-c3d18ccd2234,Hippocampus
12,-2267.36482301437,14,ZFM-05492,945c6309-78ed-403d-a05d-c3d18ccd2234,Hippocampus
13,-2303.4938805405045,15,ZFM-05492,945c6309-78ed-403d-a05d-c3d18ccd2234,Hippocampus
14,-2268.4032566885758,16,ZFM-05492,945c6309-78ed-403d-a05d-c3d18ccd2234,Hippocampus
15,-2294.013221829944,17,ZFM-05492,945c6309-78ed-403d-a05d-c3d18ccd2234,Hippocampus
16,-2278.3563872925833,18,ZFM-05492,945c6309-78ed-403d-a05d-c3d18ccd2234,Hippocampus
17,-2296.9107141098953,19,ZFM-05492,945c6309-78ed-403d-a05d-c3d18ccd2234,Hippocampus
18,-2287.5940596040805,20,ZFM-05492,945c6309-78ed-403d-a05d-c3d18ccd2234,Hippocampus
0,-1350.6887334797927,2,ZFM-05492,945c6309-78ed-403d-a05d-c3d18ccd2234,Sensory cortex
1,-1197.1152082489723,3,ZFM-05492,945c6309-78ed-403d-a05d-c3d18ccd2234,Sensory cortex
2,-1169.7404349503454,4,ZFM-05492,945c6309-78ed-403d-a05d-c3d18ccd2234,Sensory cortex
3,-1145.6731714717384,5,ZFM-05492,945c6309-78ed-403d-a05d-c3d18ccd2234,Sensory cortex
4,-1127.808710761498,6,ZFM-05492,945c6309-78ed-403d-a05d-c3d18ccd2234,Sensory cortex
5,-1161.211987678228,7,ZFM-05492,945c6309-78ed-403d-a05d-c3d18ccd2234,Sensory cortex
6,-1135.8283732571579,8,ZFM-05492,945c6309-78ed-403d-a05d-c3d18ccd2234,Sensory cortex
7,-1125.40239111727,9,ZFM-05492,945c6309-78ed-403d-a05d-c3d18ccd2234,Sensory cortex
8,-1129.2443633894898,10,ZFM-05492,945c6309-78ed-403d-a05d-c3d18ccd2234,Sensory cortex
9,-1105.6119756124535,11,ZFM-05492,945c6309-78ed-403d-a05d-c3d18ccd2234,Sensory cortex
10,-1127.487314003908,12,ZFM-05492,945c6309-78ed-403d-a05d-c3d18ccd2234,Sensory cortex
11,-1129.3182241016186,13,ZFM-05492,945c6309-78ed-403d-a05d-c3d18ccd2234,Sensory cortex
12,-1132.0052234693828,14,ZFM-05492,945c6309-78ed-403d-a05d-c3d18ccd2234,Sensory cortex
13,-1107.3940230790454,15,ZFM-05492,945c6309-78ed-403d-a05d-c3d18ccd2234,Sensory cortex
14,-1126.4189344955284,16,ZFM-05492,945c6309-78ed-403d-a05d-c3d18ccd2234,Sensory cortex
15,-1107.0307981977803,17,ZFM-05492,945c6309-78ed-403d-a05d-c3d18ccd2234,Sensory cortex
16,-1126.8507039554938,18,ZFM-05492,945c6309-78ed-403d-a05d-c3d18ccd2234,Sensory cortex
17,-1090.939008774213,19,ZFM-05492,945c6309-78ed-403d-a05d-c3d18ccd2234,Sensory cortex
18,-1115.588731198857,20,ZFM-05492,945c6309-78ed-403d-a05d-c3d18ccd2234,Sensory cortex
0,-2755.8715927032863,2,ZFM-05492,945c6309-78ed-403d-a05d-c3d18ccd2234,Thalamus
1,-2668.87637756394,3,ZFM-05492,945c6309-78ed-403d-a05d-c3d18ccd2234,Thalamus
2,-2660.483594702079,4,ZFM-05492,945c6309-78ed-403d-a05d-c3d18ccd2234,Thalamus
3,-2656.060396669249,5,ZFM-05492,945c6309-78ed-403d-a05d-c3d18ccd2234,Thalamus
4,-2620.312481051831,6,ZFM-05492,945c6309-78ed-403d-a05d-c3d18ccd2234,Thalamus
5,-2599.3365202106033,7,ZFM-05492,945c6309-78ed-403d-a05d-c3d18ccd2234,Thalamus
6,-2616.61230764013,8,ZFM-05492,945c6309-78ed-403d-a05d-c3d18ccd2234,Thalamus
7,-2578.5159579090855,9,ZFM-05492,945c6309-78ed-403d-a05d-c3d18ccd2234,Thalamus
8,-2641.3397433773143,10,ZFM-05492,945c6309-78ed-403d-a05d-c3d18ccd2234,Thalamus
9,-2630.0959298854486,11,ZFM-05492,945c6309-78ed-403d-a05d-c3d18ccd2234,Thalamus
10,-2653.886985451785,12,ZFM-05492,945c6309-78ed-403d-a05d-c3d18ccd2234,Thalamus
11,-2594.5261082412353,13,ZFM-05492,945c6309-78ed-403d-a05d-c3d18ccd2234,Thalamus
12,-2565.1565041277026,14,ZFM-05492,945c6309-78ed-403d-a05d-c3d18ccd2234,Thalamus
13,-2594.0734227295993,15,ZFM-05492,945c6309-78ed-403d-a05d-c3d18ccd2234,Thalamus
14,-2656.600976031513,16,ZFM-05492,945c6309-78ed-403d-a05d-c3d18ccd2234,Thalamus
15,-2598.494855178238,17,ZFM-05492,945c6309-78ed-403d-a05d-c3d18ccd2234,Thalamus
16,-2602.698627909525,18,ZFM-05492,945c6309-78ed-403d-a05d-c3d18ccd2234,Thalamus
17,-2644.3834779767094,19,ZFM-05492,945c6309-78ed-403d-a05d-c3d18ccd2234,Thalamus
18,-2596.105747790848,20,ZFM-05492,945c6309-78ed-403d-a05d-c3d18ccd2234,Thalamus
0,-8199.761537000622,2,ZFM-05182,92dfc699-55c5-4dae-81f9-9b5dbdbd5ed1,Hippocampus
1,-7788.57259841497,3,ZFM-05182,92dfc699-55c5-4dae-81f9-9b5dbdbd5ed1,Hippocampus
2,-7784.239443209132,4,ZFM-05182,92dfc699-55c5-4dae-81f9-9b5dbdbd5ed1,Hippocampus
3,-7673.711565133508,5,ZFM-05182,92dfc699-55c5-4dae-81f9-9b5dbdbd5ed1,Hippocampus
4,-7667.87989569975,6,ZFM-05182,92dfc699-55c5-4dae-81f9-9b5dbdbd5ed1,Hippocampus
5,-7583.719516539588,7,ZFM-05182,92dfc699-55c5-4dae-81f9-9b5dbdbd5ed1,Hippocampus
6,-7614.524861582289,8,ZFM-05182,92dfc699-55c5-4dae-81f9-9b5dbdbd5ed1,Hippocampus
7,-7534.4381537667505,9,ZFM-05182,92dfc699-55c5-4dae-81f9-9b5dbdbd5ed1,Hippocampus
8,-7560.249510486058,10,ZFM-05182,92dfc699-55c5-4dae-81f9-9b5dbdbd5ed1,Hippocampus
9,-7588.18935447053,11,ZFM-05182,92dfc699-55c5-4dae-81f9-9b5dbdbd5ed1,Hippocampus
10,-7517.754550403566,12,ZFM-05182,92dfc699-55c5-4dae-81f9-9b5dbdbd5ed1,Hippocampus
11,-7534.312187465475,13,ZFM-05182,92dfc699-55c5-4dae-81f9-9b5dbdbd5ed1,Hippocampus
12,-7469.837598343589,14,ZFM-05182,92dfc699-55c5-4dae-81f9-9b5dbdbd5ed1,Hippocampus
13,-7501.240059319305,15,ZFM-05182,92dfc699-55c5-4dae-81f9-9b5dbdbd5ed1,Hippocampus
14,-7438.022381703016,16,ZFM-05182,92dfc699-55c5-4dae-81f9-9b5dbdbd5ed1,Hippocampus
15,-7548.313475039336,17,ZFM-05182,92dfc699-55c5-4dae-81f9-9b5dbdbd5ed1,Hippocampus
16,-7480.123117887323,18,ZFM-05182,92dfc699-55c5-4dae-81f9-9b5dbdbd5ed1,Hippocampus
17,-7508.880140767884,19,ZFM-05182,92dfc699-55c5-4dae-81f9-9b5dbdbd5ed1,Hippocampus
18,-7553.958457772546,20,ZFM-05182,92dfc699-55c5-4dae-81f9-9b5dbdbd5ed1,Hippocampus
0,-357.1465496637952,2,ZFM-05182,92dfc699-55c5-4dae-81f9-9b5dbdbd5ed1,Sensory cortex
1,-300.3842994068118,3,ZFM-05182,92dfc699-55c5-4dae-81f9-9b5dbdbd5ed1,Sensory cortex
2,-280.01423159753193,4,ZFM-05182,92dfc699-55c5-4dae-81f9-9b5dbdbd5ed1,Sensory cortex
3,-279.4708775409023,5,ZFM-05182,92dfc699-55c5-4dae-81f9-9b5dbdbd5ed1,Sensory cortex
4,-275.3240053051613,6,ZFM-05182,92dfc699-55c5-4dae-81f9-9b5dbdbd5ed1,Sensory cortex
5,-275.4797422636059,7,ZFM-05182,92dfc699-55c5-4dae-81f9-9b5dbdbd5ed1,Sensory cortex
6,-275.04739858767465,8,ZFM-05182,92dfc699-55c5-4dae-81f9-9b5dbdbd5ed1,Sensory cortex
7,-273.93355663489376,9,ZFM-05182,92dfc699-55c5-4dae-81f9-9b5dbdbd5ed1,Sensory cortex
8,-273.6939783617955,10,ZFM-05182,92dfc699-55c5-4dae-81f9-9b5dbdbd5ed1,Sensory cortex
9,-267.00041189463855,11,ZFM-05182,92dfc699-55c5-4dae-81f9-9b5dbdbd5ed1,Sensory cortex
10,-268.7561266271404,12,ZFM-05182,92dfc699-55c5-4dae-81f9-9b5dbdbd5ed1,Sensory cortex
11,-267.3877372863484,13,ZFM-05182,92dfc699-55c5-4dae-81f9-9b5dbdbd5ed1,Sensory cortex
12,-267.2217192859798,14,ZFM-05182,92dfc699-55c5-4dae-81f9-9b5dbdbd5ed1,Sensory cortex
13,-270.0447375917333,15,ZFM-05182,92dfc699-55c5-4dae-81f9-9b5dbdbd5ed1,Sensory cortex
14,-261.8819290297404,16,ZFM-05182,92dfc699-55c5-4dae-81f9-9b5dbdbd5ed1,Sensory cortex
15,-269.02925643722233,17,ZFM-05182,92dfc699-55c5-4dae-81f9-9b5dbdbd5ed1,Sensory cortex
16,-264.5294700585087,18,ZFM-05182,92dfc699-55c5-4dae-81f9-9b5dbdbd5ed1,Sensory cortex
17,-263.18418503060076,19,ZFM-05182,92dfc699-55c5-4dae-81f9-9b5dbdbd5ed1,Sensory cortex
18,-266.0546706725646,20,ZFM-05182,92dfc699-55c5-4dae-81f9-9b5dbdbd5ed1,Sensory cortex
0,-5374.740394790999,2,ZFM-05182,92dfc699-55c5-4dae-81f9-9b5dbdbd5ed1,Thalamus
1,-4086.584948712782,3,ZFM-05182,92dfc699-55c5-4dae-81f9-9b5dbdbd5ed1,Thalamus
2,-4084.166026047939,4,ZFM-05182,92dfc699-55c5-4dae-81f9-9b5dbdbd5ed1,Thalamus
3,-4169.529809506098,5,ZFM-05182,92dfc699-55c5-4dae-81f9-9b5dbdbd5ed1,Thalamus
4,-3798.827084741638,6,ZFM-05182,92dfc699-55c5-4dae-81f9-9b5dbdbd5ed1,Thalamus
5,-4085.959560058223,7,ZFM-05182,92dfc699-55c5-4dae-81f9-9b5dbdbd5ed1,Thalamus
6,-3688.9827074315976,8,ZFM-05182,92dfc699-55c5-4dae-81f9-9b5dbdbd5ed1,Thalamus
7,-3690.5332589773966,9,ZFM-05182,92dfc699-55c5-4dae-81f9-9b5dbdbd5ed1,Thalamus
8,-4099.34755814714,10,ZFM-05182,92dfc699-55c5-4dae-81f9-9b5dbdbd5ed1,Thalamus
9,-3785.090808002823,11,ZFM-05182,92dfc699-55c5-4dae-81f9-9b5dbdbd5ed1,Thalamus
10,-3857.7602925074016,12,ZFM-05182,92dfc699-55c5-4dae-81f9-9b5dbdbd5ed1,Thalamus
11,-4109.556184065576,13,ZFM-05182,92dfc699-55c5-4dae-81f9-9b5dbdbd5ed1,Thalamus
12,-3770.5671936659796,14,ZFM-05182,92dfc699-55c5-4dae-81f9-9b5dbdbd5ed1,Thalamus
13,-3814.9471528246995,15,ZFM-05182,92dfc699-55c5-4dae-81f9-9b5dbdbd5ed1,Thalamus
14,-3909.6472144209583,16,ZFM-05182,92dfc699-55c5-4dae-81f9-9b5dbdbd5ed1,Thalamus
15,-3692.091176538664,17,ZFM-05182,92dfc699-55c5-4dae-81f9-9b5dbdbd5ed1,Thalamus
16,-3703.038226359938,18,ZFM-05182,92dfc699-55c5-4dae-81f9-9b5dbdbd5ed1,Thalamus
17,-3704.4124522930506,19,ZFM-05182,92dfc699-55c5-4dae-81f9-9b5dbdbd5ed1,Thalamus
18,-3882.892952726413,20,ZFM-05182,92dfc699-55c5-4dae-81f9-9b5dbdbd5ed1,Thalamus
0,-789.626670391466,2,ZFM-05182,a33c4785-c1e3-4ac1-bb4b-3a34d8c98b15,Hippocampus
1,-791.5952917052052,3,ZFM-05182,a33c4785-c1e3-4ac1-bb4b-3a34d8c98b15,Hippocampus
2,-773.0617443314218,4,ZFM-05182,a33c4785-c1e3-4ac1-bb4b-3a34d8c98b15,Hippocampus
3,-758.9740726682373,5,ZFM-05182,a33c4785-c1e3-4ac1-bb4b-3a34d8c98b15,Hippocampus
4,-756.3893603307363,6,ZFM-05182,a33c4785-c1e3-4ac1-bb4b-3a34d8c98b15,Hippocampus
5,-753.300187214378,7,ZFM-05182,a33c4785-c1e3-4ac1-bb4b-3a34d8c98b15,Hippocampus
6,-753.2970956049171,8,ZFM-05182,a33c4785-c1e3-4ac1-bb4b-3a34d8c98b15,Hippocampus
7,-751.8371068460153,9,ZFM-05182,a33c4785-c1e3-4ac1-bb4b-3a34d8c98b15,Hippocampus
8,-756.4681275485216,10,ZFM-05182,a33c4785-c1e3-4ac1-bb4b-3a34d8c98b15,Hippocampus
9,-750.7679373745259,11,ZFM-05182,a33c4785-c1e3-4ac1-bb4b-3a34d8c98b15,Hippocampus
10,-751.1677813837363,12,ZFM-05182,a33c4785-c1e3-4ac1-bb4b-3a34d8c98b15,Hippocampus
11,-758.5915678368381,13,ZFM-05182,a33c4785-c1e3-4ac1-bb4b-3a34d8c98b15,Hippocampus
12,-763.5008697946175,14,ZFM-05182,a33c4785-c1e3-4ac1-bb4b-3a34d8c98b15,Hippocampus
13,-755.447133422157,15,ZFM-05182,a33c4785-c1e3-4ac1-bb4b-3a34d8c98b15,Hippocampus
14,-754.1727675415001,16,ZFM-05182,a33c4785-c1e3-4ac1-bb4b-3a34d8c98b15,Hippocampus
15,-758.4141249084254,17,ZFM-05182,a33c4785-c1e3-4ac1-bb4b-3a34d8c98b15,Hippocampus
16,-753.7674860963107,18,ZFM-05182,a33c4785-c1e3-4ac1-bb4b-3a34d8c98b15,Hippocampus
17,-758.1968585932264,19,ZFM-05182,a33c4785-c1e3-4ac1-bb4b-3a34d8c98b15,Hippocampus
18,-760.4357550242803,20,ZFM-05182,a33c4785-c1e3-4ac1-bb4b-3a34d8c98b15,Hippocampus
0,-957.9253578984858,2,ZFM-05182,a33c4785-c1e3-4ac1-bb4b-3a34d8c98b15,Thalamus
1,-957.7475152226583,3,ZFM-05182,a33c4785-c1e3-4ac1-bb4b-3a34d8c98b15,Thalamus
2,-944.434877065175,4,ZFM-05182,a33c4785-c1e3-4ac1-bb4b-3a34d8c98b15,Thalamus
3,-944.28201061536,5,ZFM-05182,a33c4785-c1e3-4ac1-bb4b-3a34d8c98b15,Thalamus
4,-935.5760625001675,6,ZFM-05182,a33c4785-c1e3-4ac1-bb4b-3a34d8c98b15,Thalamus
5,-943.4277879860945,7,ZFM-05182,a33c4785-c1e3-4ac1-bb4b-3a34d8c98b15,Thalamus
6,-928.1708956840752,8,ZFM-05182,a33c4785-c1e3-4ac1-bb4b-3a34d8c98b15,Thalamus
7,-936.7884092256301,9,ZFM-05182,a33c4785-c1e3-4ac1-bb4b-3a34d8c98b15,Thalamus
8,-941.7829972374125,10,ZFM-05182,a33c4785-c1e3-4ac1-bb4b-3a34d8c98b15,Thalamus
9,-940.7678939641556,11,ZFM-05182,a33c4785-c1e3-4ac1-bb4b-3a34d8c98b15,Thalamus
10,-931.2995772835144,12,ZFM-05182,a33c4785-c1e3-4ac1-bb4b-3a34d8c98b15,Thalamus
11,-944.7916817588759,13,ZFM-05182,a33c4785-c1e3-4ac1-bb4b-3a34d8c98b15,Thalamus
12,-934.19286153366,14,ZFM-05182,a33c4785-c1e3-4ac1-bb4b-3a34d8c98b15,Thalamus
13,-948.5435337939052,15,ZFM-05182,a33c4785-c1e3-4ac1-bb4b-3a34d8c98b15,Thalamus
14,-932.2954578350797,16,ZFM-05182,a33c4785-c1e3-4ac1-bb4b-3a34d8c98b15,Thalamus
15,-922.0165387798622,17,ZFM-05182,a33c4785-c1e3-4ac1-bb4b-3a34d8c98b15,Thalamus
16,-939.3616634780378,18,ZFM-05182,a33c4785-c1e3-4ac1-bb4b-3a34d8c98b15,Thalamus
17,-929.6886773584779,19,ZFM-05182,a33c4785-c1e3-4ac1-bb4b-3a34d8c98b15,Thalamus
18,-926.6627848719016,20,ZFM-05182,a33c4785-c1e3-4ac1-bb4b-3a34d8c98b15,Thalamus
0,-4203.003023358969,2,ZFM-05181,11bbec39-dd80-4e7c-b6de-8940183f3d86,Hippocampus
1,-4037.007678512231,3,ZFM-05181,11bbec39-dd80-4e7c-b6de-8940183f3d86,Hippocampus
2,-3965.768324118771,4,ZFM-05181,11bbec39-dd80-4e7c-b6de-8940183f3d86,Hippocampus
3,-3904.4375949871956,5,ZFM-05181,11bbec39-dd80-4e7c-b6de-8940183f3d86,Hippocampus
4,-3837.463920833626,6,ZFM-05181,11bbec39-dd80-4e7c-b6de-8940183f3d86,Hippocampus
5,-3847.750781348792,7,ZFM-05181,11bbec39-dd80-4e7c-b6de-8940183f3d86,Hippocampus
6,-3823.803697707498,8,ZFM-05181,11bbec39-dd80-4e7c-b6de-8940183f3d86,Hippocampus
7,-3743.768099224238,9,ZFM-05181,11bbec39-dd80-4e7c-b6de-8940183f3d86,Hippocampus
8,-3812.676578398566,10,ZFM-05181,11bbec39-dd80-4e7c-b6de-8940183f3d86,Hippocampus
9,-3644.8415157300874,11,ZFM-05181,11bbec39-dd80-4e7c-b6de-8940183f3d86,Hippocampus
10,-3741.3900423498876,12,ZFM-05181,11bbec39-dd80-4e7c-b6de-8940183f3d86,Hippocampus
11,-3757.3501889567005,13,ZFM-05181,11bbec39-dd80-4e7c-b6de-8940183f3d86,Hippocampus
12,-3742.0760335911227,14,ZFM-05181,11bbec39-dd80-4e7c-b6de-8940183f3d86,Hippocampus
13,-3609.8674746181796,15,ZFM-05181,11bbec39-dd80-4e7c-b6de-8940183f3d86,Hippocampus
14,-3702.7551269980254,16,ZFM-05181,11bbec39-dd80-4e7c-b6de-8940183f3d86,Hippocampus
15,-3733.400730465505,17,ZFM-05181,11bbec39-dd80-4e7c-b6de-8940183f3d86,Hippocampus
16,-3731.5097544676487,18,ZFM-05181,11bbec39-dd80-4e7c-b6de-8940183f3d86,Hippocampus
17,-3715.2387995659883,19,ZFM-05181,11bbec39-dd80-4e7c-b6de-8940183f3d86,Hippocampus
18,-3698.0291263884783,20,ZFM-05181,11bbec39-dd80-4e7c-b6de-8940183f3d86,Hippocampus
0,-5236.612493734524,2,ZFM-05169,b7cb9b06-9172-4970-94d5-6705335c1830,Amygdala
1,-5240.106155347787,3,ZFM-05169,b7cb9b06-9172-4970-94d5-6705335c1830,Amygdala
2,-5104.207632712032,4,ZFM-05169,b7cb9b06-9172-4970-94d5-6705335c1830,Amygdala
3,-5101.288526036117,5,ZFM-05169,b7cb9b06-9172-4970-94d5-6705335c1830,Amygdala
4,-5259.862956427987,6,ZFM-05169,b7cb9b06-9172-4970-94d5-6705335c1830,Amygdala
5,-5107.274930497576,7,ZFM-05169,b7cb9b06-9172-4970-94d5-6705335c1830,Amygdala
6,-5114.583631586571,8,ZFM-05169,b7cb9b06-9172-4970-94d5-6705335c1830,Amygdala
7,-5103.584159519822,9,ZFM-05169,b7cb9b06-9172-4970-94d5-6705335c1830,Amygdala
8,-5104.427581404092,10,ZFM-05169,b7cb9b06-9172-4970-94d5-6705335c1830,Amygdala
9,-5084.589633959053,11,ZFM-05169,b7cb9b06-9172-4970-94d5-6705335c1830,Amygdala
10,-5100.5711137088265,12,ZFM-05169,b7cb9b06-9172-4970-94d5-6705335c1830,Amygdala
11,-5073.932989865157,13,ZFM-05169,b7cb9b06-9172-4970-94d5-6705335c1830,Amygdala
12,-5075.446248455986,14,ZFM-05169,b7cb9b06-9172-4970-94d5-6705335c1830,Amygdala
13,-5085.581927610558,15,ZFM-05169,b7cb9b06-9172-4970-94d5-6705335c1830,Amygdala
14,-5083.787026918133,16,ZFM-05169,b7cb9b06-9172-4970-94d5-6705335c1830,Amygdala
15,-5092.292232163118,17,ZFM-05169,b7cb9b06-9172-4970-94d5-6705335c1830,Amygdala
16,-5081.76211399493,18,ZFM-05169,b7cb9b06-9172-4970-94d5-6705335c1830,Amygdala
17,-5090.794935598663,19,ZFM-05169,b7cb9b06-9172-4970-94d5-6705335c1830,Amygdala
18,-5083.222932920578,20,ZFM-05169,b7cb9b06-9172-4970-94d5-6705335c1830,Amygdala
0,-356.3075317897754,2,ZFM-05169,b7cb9b06-9172-4970-94d5-6705335c1830,Sensory cortex
1,-347.84559251388134,3,ZFM-05169,b7cb9b06-9172-4970-94d5-6705335c1830,Sensory cortex
2,-350.8637956830191,4,ZFM-05169,b7cb9b06-9172-4970-94d5-6705335c1830,Sensory cortex
3,-327.45833720190603,5,ZFM-05169,b7cb9b06-9172-4970-94d5-6705335c1830,Sensory cortex
4,-330.85213346543696,6,ZFM-05169,b7cb9b06-9172-4970-94d5-6705335c1830,Sensory cortex
5,-331.73835571901105,7,ZFM-05169,b7cb9b06-9172-4970-94d5-6705335c1830,Sensory cortex
6,-327.21410084780206,8,ZFM-05169,b7cb9b06-9172-4970-94d5-6705335c1830,Sensory cortex
7,-338.37661052700463,9,ZFM-05169,b7cb9b06-9172-4970-94d5-6705335c1830,Sensory cortex
8,-323.6492454094688,10,ZFM-05169,b7cb9b06-9172-4970-94d5-6705335c1830,Sensory cortex
9,-326.6421321164519,11,ZFM-05169,b7cb9b06-9172-4970-94d5-6705335c1830,Sensory cortex
10,-333.9822713125932,12,ZFM-05169,b7cb9b06-9172-4970-94d5-6705335c1830,Sensory cortex
11,-323.0892281944101,13,ZFM-05169,b7cb9b06-9172-4970-94d5-6705335c1830,Sensory cortex
12,-320.8555147203761,14,ZFM-05169,b7cb9b06-9172-4970-94d5-6705335c1830,Sensory cortex
13,-331.12206403838314,15,ZFM-05169,b7cb9b06-9172-4970-94d5-6705335c1830,Sensory cortex
14,-333.9281183758364,16,ZFM-05169,b7cb9b06-9172-4970-94d5-6705335c1830,Sensory cortex
15,-328.42137415692787,17,ZFM-05169,b7cb9b06-9172-4970-94d5-6705335c1830,Sensory cortex
16,-331.42962000560345,18,ZFM-05169,b7cb9b06-9172-4970-94d5-6705335c1830,Sensory cortex
17,-335.93108472237145,19,ZFM-05169,b7cb9b06-9172-4970-94d5-6705335c1830,Sensory cortex
18,-323.9633424001771,20,ZFM-05169,b7cb9b06-9172-4970-94d5-6705335c1830,Sensory cortex
0,-2056.7778341839125,2,ZFM-05169,ace3941b-b1e9-42eb-9a22-44986857adc0,Frontal cortex
1,-1847.7311482895227,3,ZFM-05169,ace3941b-b1e9-42eb-9a22-44986857adc0,Frontal cortex
2,-1783.7127589508502,4,ZFM-05169,ace3941b-b1e9-42eb-9a22-44986857adc0,Frontal cortex
3,-1767.634863643246,5,ZFM-05169,ace3941b-b1e9-42eb-9a22-44986857adc0,Frontal cortex
4,-1769.3461648551863,6,ZFM-05169,ace3941b-b1e9-42eb-9a22-44986857adc0,Frontal cortex
5,-1759.8233978602527,7,ZFM-05169,ace3941b-b1e9-42eb-9a22-44986857adc0,Frontal cortex
6,-1758.7660488677654,8,ZFM-05169,ace3941b-b1e9-42eb-9a22-44986857adc0,Frontal cortex
7,-1728.5066197693093,9,ZFM-05169,ace3941b-b1e9-42eb-9a22-44986857adc0,Frontal cortex
8,-1733.1300645679123,10,ZFM-05169,ace3941b-b1e9-42eb-9a22-44986857adc0,Frontal cortex
9,-1766.976998697458,11,ZFM-05169,ace3941b-b1e9-42eb-9a22-44986857adc0,Frontal cortex
10,-1747.3188662994635,12,ZFM-05169,ace3941b-b1e9-42eb-9a22-44986857adc0,Frontal cortex
11,-1775.3793716177365,13,ZFM-05169,ace3941b-b1e9-42eb-9a22-44986857adc0,Frontal cortex
12,-1752.3263635505014,14,ZFM-05169,ace3941b-b1e9-42eb-9a22-44986857adc0,Frontal cortex
13,-1735.7600133168853,15,ZFM-05169,ace3941b-b1e9-42eb-9a22-44986857adc0,Frontal cortex
14,-1758.056345960631,16,ZFM-05169,ace3941b-b1e9-42eb-9a22-44986857adc0,Frontal cortex
15,-1743.8445127813852,17,ZFM-05169,ace3941b-b1e9-42eb-9a22-44986857adc0,Frontal cortex
16,-1742.707322204497,18,ZFM-05169,ace3941b-b1e9-42eb-9a22-44986857adc0,Frontal cortex
17,-1733.5183129638176,19,ZFM-05169,ace3941b-b1e9-42eb-9a22-44986857adc0,Frontal cortex
18,-1743.9530720534167,20,ZFM-05169,ace3941b-b1e9-42eb-9a22-44986857adc0,Frontal cortex
