,log_likelihood,n_states,subject,pid
0,-3653.451623687968,2,ZFM-02601,dd5af9d9-16b1-477a-885d-713dc5066b8c
1,-3534.250506963298,3,ZFM-02601,dd5af9d9-16b1-477a-885d-713dc5066b8c
2,-3450.7229158287605,4,ZFM-02601,dd5af9d9-16b1-477a-885d-713dc5066b8c
3,-3416.761225478668,5,ZFM-02601,dd5af9d9-16b1-477a-885d-713dc5066b8c
4,-3344.680945533767,6,ZFM-02601,dd5af9d9-16b1-477a-885d-713dc5066b8c
5,-3319.408001653538,7,ZFM-02601,dd5af9d9-16b1-477a-885d-713dc5066b8c
6,-3307.8013421484015,8,ZFM-02601,dd5af9d9-16b1-477a-885d-713dc5066b8c
7,-3291.738972522191,9,ZFM-02601,dd5af9d9-16b1-477a-885d-713dc5066b8c
8,-3301.547149458605,10,ZFM-02601,dd5af9d9-16b1-477a-885d-713dc5066b8c
9,-3293.545436466171,11,ZFM-02601,dd5af9d9-16b1-477a-885d-713dc5066b8c
10,-3282.350098395159,12,ZFM-02601,dd5af9d9-16b1-477a-885d-713dc5066b8c
11,-3284.216033995625,13,ZFM-02601,dd5af9d9-16b1-477a-885d-713dc5066b8c
12,-3278.408024296277,14,ZFM-02601,dd5af9d9-16b1-477a-885d-713dc5066b8c
13,-3274.4769591684935,15,ZFM-02601,dd5af9d9-16b1-477a-885d-713dc5066b8c
14,-3264.8617266746087,16,ZFM-02601,dd5af9d9-16b1-477a-885d-713dc5066b8c
15,-3268.0876380747086,17,ZFM-02601,dd5af9d9-16b1-477a-885d-713dc5066b8c
16,-3261.0220665319616,18,ZFM-02601,dd5af9d9-16b1-477a-885d-713dc5066b8c
17,-3257.60430726743,19,ZFM-02601,dd5af9d9-16b1-477a-885d-713dc5066b8c
18,-3281.3114360024656,20,ZFM-02601,dd5af9d9-16b1-477a-885d-713dc5066b8c
0,-8710.086132426308,2,ZFM-04080,a0651da1-582c-4df1-ae78-4eafef6b17dc
1,-8692.97618655201,3,ZFM-04080,a0651da1-582c-4df1-ae78-4eafef6b17dc
2,-8605.096222706637,4,ZFM-04080,a0651da1-582c-4df1-ae78-4eafef6b17dc
3,-8573.786931561597,5,ZFM-04080,a0651da1-582c-4df1-ae78-4eafef6b17dc
4,-8552.230045395647,6,ZFM-04080,a0651da1-582c-4df1-ae78-4eafef6b17dc
5,-8496.955158345338,7,ZFM-04080,a0651da1-582c-4df1-ae78-4eafef6b17dc
6,-8494.293963983378,8,ZFM-04080,a0651da1-582c-4df1-ae78-4eafef6b17dc
7,-8495.66965846423,9,ZFM-04080,a0651da1-582c-4df1-ae78-4eafef6b17dc
8,-8479.541005130039,10,ZFM-04080,a0651da1-582c-4df1-ae78-4eafef6b17dc
9,-8483.32978560957,11,ZFM-04080,a0651da1-582c-4df1-ae78-4eafef6b17dc
10,-8493.517753882506,12,ZFM-04080,a0651da1-582c-4df1-ae78-4eafef6b17dc
11,-8496.189301751272,13,ZFM-04080,a0651da1-582c-4df1-ae78-4eafef6b17dc
12,-8492.875636976907,14,ZFM-04080,a0651da1-582c-4df1-ae78-4eafef6b17dc
13,-8483.768708007266,15,ZFM-04080,a0651da1-582c-4df1-ae78-4eafef6b17dc
14,-8476.357927985537,16,ZFM-04080,a0651da1-582c-4df1-ae78-4eafef6b17dc
15,-8475.595964735376,17,ZFM-04080,a0651da1-582c-4df1-ae78-4eafef6b17dc
16,-8488.231904684248,18,ZFM-04080,a0651da1-582c-4df1-ae78-4eafef6b17dc
17,-8472.683148272941,19,ZFM-04080,a0651da1-582c-4df1-ae78-4eafef6b17dc
18,-8503.207166675904,20,ZFM-04080,a0651da1-582c-4df1-ae78-4eafef6b17dc
0,-28508.754385099226,2,ZFM-03332,0e236047-e8ca-49b8-a18e-d0f6ff3ee592
1,-28293.47897828791,3,ZFM-03332,0e236047-e8ca-49b8-a18e-d0f6ff3ee592
2,-28057.76355573042,4,ZFM-03332,0e236047-e8ca-49b8-a18e-d0f6ff3ee592
3,-27940.320337102403,5,ZFM-03332,0e236047-e8ca-49b8-a18e-d0f6ff3ee592
4,-27818.310371696225,6,ZFM-03332,0e236047-e8ca-49b8-a18e-d0f6ff3ee592
5,-27697.549464978554,7,ZFM-03332,0e236047-e8ca-49b8-a18e-d0f6ff3ee592
6,-27633.62793197799,8,ZFM-03332,0e236047-e8ca-49b8-a18e-d0f6ff3ee592
7,-27569.796993779888,9,ZFM-03332,0e236047-e8ca-49b8-a18e-d0f6ff3ee592
8,-27616.645046426092,10,ZFM-03332,0e236047-e8ca-49b8-a18e-d0f6ff3ee592
9,-27575.323319820367,11,ZFM-03332,0e236047-e8ca-49b8-a18e-d0f6ff3ee592
10,-27449.774085853955,12,ZFM-03332,0e236047-e8ca-49b8-a18e-d0f6ff3ee592
11,-27567.329620429853,13,ZFM-03332,0e236047-e8ca-49b8-a18e-d0f6ff3ee592
12,-27481.121682829285,14,ZFM-03332,0e236047-e8ca-49b8-a18e-d0f6ff3ee592
13,-27381.143901212956,15,ZFM-03332,0e236047-e8ca-49b8-a18e-d0f6ff3ee592
14,-27436.07006385419,16,ZFM-03332,0e236047-e8ca-49b8-a18e-d0f6ff3ee592
15,-27421.007020975307,17,ZFM-03332,0e236047-e8ca-49b8-a18e-d0f6ff3ee592
16,-27406.97980710376,18,ZFM-03332,0e236047-e8ca-49b8-a18e-d0f6ff3ee592
17,-27420.384740121564,19,ZFM-03332,0e236047-e8ca-49b8-a18e-d0f6ff3ee592
18,-27470.73860452981,20,ZFM-03332,0e236047-e8ca-49b8-a18e-d0f6ff3ee592
0,-19197.875052334635,2,ZFM-02600,ff02e36b-95e9-4985-a6e3-ba2977063496
1,-19039.155010013455,3,ZFM-02600,ff02e36b-95e9-4985-a6e3-ba2977063496
2,-18955.420441275714,4,ZFM-02600,ff02e36b-95e9-4985-a6e3-ba2977063496
3,-18913.396337929633,5,ZFM-02600,ff02e36b-95e9-4985-a6e3-ba2977063496
4,-18923.434176555358,6,ZFM-02600,ff02e36b-95e9-4985-a6e3-ba2977063496
5,-18905.47788976071,7,ZFM-02600,ff02e36b-95e9-4985-a6e3-ba2977063496
6,-18947.160456064594,8,ZFM-02600,ff02e36b-95e9-4985-a6e3-ba2977063496
7,-18968.26142128647,9,ZFM-02600,ff02e36b-95e9-4985-a6e3-ba2977063496
8,-18948.758041337525,10,ZFM-02600,ff02e36b-95e9-4985-a6e3-ba2977063496
9,-18891.43044550559,11,ZFM-02600,ff02e36b-95e9-4985-a6e3-ba2977063496
10,-18956.11839614125,12,ZFM-02600,ff02e36b-95e9-4985-a6e3-ba2977063496
11,-18841.45189029326,13,ZFM-02600,ff02e36b-95e9-4985-a6e3-ba2977063496
12,-18909.07546755681,14,ZFM-02600,ff02e36b-95e9-4985-a6e3-ba2977063496
13,-18851.03662985984,15,ZFM-02600,ff02e36b-95e9-4985-a6e3-ba2977063496
14,-18918.319073324634,16,ZFM-02600,ff02e36b-95e9-4985-a6e3-ba2977063496
15,-18895.160910465016,17,ZFM-02600,ff02e36b-95e9-4985-a6e3-ba2977063496
16,-18828.759005441785,18,ZFM-02600,ff02e36b-95e9-4985-a6e3-ba2977063496
17,-18889.936291403017,19,ZFM-02600,ff02e36b-95e9-4985-a6e3-ba2977063496
18,-18904.851157138462,20,ZFM-02600,ff02e36b-95e9-4985-a6e3-ba2977063496
0,-60121.714465714584,2,ZFM-04811,b7de18f4-31d4-4ec5-94ed-8303e9d17dcd
1,-59678.93758048505,3,ZFM-04811,b7de18f4-31d4-4ec5-94ed-8303e9d17dcd
2,-59291.013105602775,4,ZFM-04811,b7de18f4-31d4-4ec5-94ed-8303e9d17dcd
3,-59138.50290799354,5,ZFM-04811,b7de18f4-31d4-4ec5-94ed-8303e9d17dcd
4,-58842.052272705165,6,ZFM-04811,b7de18f4-31d4-4ec5-94ed-8303e9d17dcd
5,-58734.56428111179,7,ZFM-04811,b7de18f4-31d4-4ec5-94ed-8303e9d17dcd
6,-58774.36554673526,8,ZFM-04811,b7de18f4-31d4-4ec5-94ed-8303e9d17dcd
7,-58468.9669654372,9,ZFM-04811,b7de18f4-31d4-4ec5-94ed-8303e9d17dcd
8,-58405.08101844683,10,ZFM-04811,b7de18f4-31d4-4ec5-94ed-8303e9d17dcd
9,-58237.121738914546,11,ZFM-04811,b7de18f4-31d4-4ec5-94ed-8303e9d17dcd
10,-58143.08287643669,12,ZFM-04811,b7de18f4-31d4-4ec5-94ed-8303e9d17dcd
11,-58188.43520386238,13,ZFM-04811,b7de18f4-31d4-4ec5-94ed-8303e9d17dcd
12,-58053.92443893822,14,ZFM-04811,b7de18f4-31d4-4ec5-94ed-8303e9d17dcd
13,-58087.61861995497,15,ZFM-04811,b7de18f4-31d4-4ec5-94ed-8303e9d17dcd
14,-58068.41882149509,16,ZFM-04811,b7de18f4-31d4-4ec5-94ed-8303e9d17dcd
15,-58151.19318859305,17,ZFM-04811,b7de18f4-31d4-4ec5-94ed-8303e9d17dcd
16,-58123.78382369752,18,ZFM-04811,b7de18f4-31d4-4ec5-94ed-8303e9d17dcd
17,-58143.9041695918,19,ZFM-04811,b7de18f4-31d4-4ec5-94ed-8303e9d17dcd
18,-58103.69073194265,20,ZFM-04811,b7de18f4-31d4-4ec5-94ed-8303e9d17dcd
0,-6574.465672331687,2,ZFM-04300,d47ad5d8-5c7e-4ec6-9a94-0d2a23033dda
1,-6479.027875149621,3,ZFM-04300,d47ad5d8-5c7e-4ec6-9a94-0d2a23033dda
2,-6244.774316959111,4,ZFM-04300,d47ad5d8-5c7e-4ec6-9a94-0d2a23033dda
3,-6181.615473902125,5,ZFM-04300,d47ad5d8-5c7e-4ec6-9a94-0d2a23033dda
4,-6120.772353568557,6,ZFM-04300,d47ad5d8-5c7e-4ec6-9a94-0d2a23033dda
5,-6123.061966513527,7,ZFM-04300,d47ad5d8-5c7e-4ec6-9a94-0d2a23033dda
6,-6083.944454051759,8,ZFM-04300,d47ad5d8-5c7e-4ec6-9a94-0d2a23033dda
7,-6111.564924441268,9,ZFM-04300,d47ad5d8-5c7e-4ec6-9a94-0d2a23033dda
8,-6071.554418370473,10,ZFM-04300,d47ad5d8-5c7e-4ec6-9a94-0d2a23033dda
9,-6030.088625406496,11,ZFM-04300,d47ad5d8-5c7e-4ec6-9a94-0d2a23033dda
10,-6066.119877011919,12,ZFM-04300,d47ad5d8-5c7e-4ec6-9a94-0d2a23033dda
11,-6072.050403608089,13,ZFM-04300,d47ad5d8-5c7e-4ec6-9a94-0d2a23033dda
12,-6005.0980850981605,14,ZFM-04300,d47ad5d8-5c7e-4ec6-9a94-0d2a23033dda
13,-6154.547719936891,15,ZFM-04300,d47ad5d8-5c7e-4ec6-9a94-0d2a23033dda
14,-6009.562684457303,16,ZFM-04300,d47ad5d8-5c7e-4ec6-9a94-0d2a23033dda
15,-6001.77450221359,17,ZFM-04300,d47ad5d8-5c7e-4ec6-9a94-0d2a23033dda
16,-6046.685074993059,18,ZFM-04300,d47ad5d8-5c7e-4ec6-9a94-0d2a23033dda
17,-6028.744524922836,19,ZFM-04300,d47ad5d8-5c7e-4ec6-9a94-0d2a23033dda
18,-6002.53627242788,20,ZFM-04300,d47ad5d8-5c7e-4ec6-9a94-0d2a23033dda
0,-18784.33541366841,2,ZFM-04083,5d2acdf4-b7f6-4545-b72c-ee88a64b81c5
1,-18568.736101261522,3,ZFM-04083,5d2acdf4-b7f6-4545-b72c-ee88a64b81c5
2,-18278.93221254561,4,ZFM-04083,5d2acdf4-b7f6-4545-b72c-ee88a64b81c5
3,-18339.643614166052,5,ZFM-04083,5d2acdf4-b7f6-4545-b72c-ee88a64b81c5
4,-18138.41131063608,6,ZFM-04083,5d2acdf4-b7f6-4545-b72c-ee88a64b81c5
5,-18096.004409551046,7,ZFM-04083,5d2acdf4-b7f6-4545-b72c-ee88a64b81c5
6,-18059.72332018229,8,ZFM-04083,5d2acdf4-b7f6-4545-b72c-ee88a64b81c5
7,-17906.101203794766,9,ZFM-04083,5d2acdf4-b7f6-4545-b72c-ee88a64b81c5
8,-17900.899336079834,10,ZFM-04083,5d2acdf4-b7f6-4545-b72c-ee88a64b81c5
9,-17933.96366092038,11,ZFM-04083,5d2acdf4-b7f6-4545-b72c-ee88a64b81c5
10,-17968.05839674813,12,ZFM-04083,5d2acdf4-b7f6-4545-b72c-ee88a64b81c5
11,-17926.345435013995,13,ZFM-04083,5d2acdf4-b7f6-4545-b72c-ee88a64b81c5
12,-17866.149385057,14,ZFM-04083,5d2acdf4-b7f6-4545-b72c-ee88a64b81c5
13,-17901.85598631399,15,ZFM-04083,5d2acdf4-b7f6-4545-b72c-ee88a64b81c5
14,-17884.303679358454,16,ZFM-04083,5d2acdf4-b7f6-4545-b72c-ee88a64b81c5
15,-17804.222633138903,17,ZFM-04083,5d2acdf4-b7f6-4545-b72c-ee88a64b81c5
16,-17829.50506646991,18,ZFM-04083,5d2acdf4-b7f6-4545-b72c-ee88a64b81c5
17,-17764.076549939145,19,ZFM-04083,5d2acdf4-b7f6-4545-b72c-ee88a64b81c5
18,-17824.68757896518,20,ZFM-04083,5d2acdf4-b7f6-4545-b72c-ee88a64b81c5
0,-20914.649679963943,2,ZFM-02181,60d5e964-4827-406b-af75-3b856edec162
1,-20795.82810136431,3,ZFM-02181,60d5e964-4827-406b-af75-3b856edec162
2,-20688.42631414752,4,ZFM-02181,60d5e964-4827-406b-af75-3b856edec162
3,-20767.02065125356,5,ZFM-02181,60d5e964-4827-406b-af75-3b856edec162
4,-20536.498814252394,6,ZFM-02181,60d5e964-4827-406b-af75-3b856edec162
5,-20516.893255712646,7,ZFM-02181,60d5e964-4827-406b-af75-3b856edec162
6,-20470.752452037494,8,ZFM-02181,60d5e964-4827-406b-af75-3b856edec162
7,-20531.776902774338,9,ZFM-02181,60d5e964-4827-406b-af75-3b856edec162
8,-20439.55662516925,10,ZFM-02181,60d5e964-4827-406b-af75-3b856edec162
9,-20404.49680446672,11,ZFM-02181,60d5e964-4827-406b-af75-3b856edec162
10,-20379.177903385407,12,ZFM-02181,60d5e964-4827-406b-af75-3b856edec162
11,-20370.72559002413,13,ZFM-02181,60d5e964-4827-406b-af75-3b856edec162
12,-20387.772726025218,14,ZFM-02181,60d5e964-4827-406b-af75-3b856edec162
13,-20355.994306263903,15,ZFM-02181,60d5e964-4827-406b-af75-3b856edec162
14,-20234.617107202088,16,ZFM-02181,60d5e964-4827-406b-af75-3b856edec162
15,-20385.233283668913,17,ZFM-02181,60d5e964-4827-406b-af75-3b856edec162
16,-20391.382710364585,18,ZFM-02181,60d5e964-4827-406b-af75-3b856edec162
17,-20341.82861709222,19,ZFM-02181,60d5e964-4827-406b-af75-3b856edec162
18,-20432.62602884596,20,ZFM-02181,60d5e964-4827-406b-af75-3b856edec162
0,-18976.815951582696,2,ZFM-04811,05db6d4d-cfda-4686-b485-481423912b33
1,-18900.485761525502,3,ZFM-04811,05db6d4d-cfda-4686-b485-481423912b33
2,-18755.517394835137,4,ZFM-04811,05db6d4d-cfda-4686-b485-481423912b33
3,-18706.6286382771,5,ZFM-04811,05db6d4d-cfda-4686-b485-481423912b33
4,-18601.138815841732,6,ZFM-04811,05db6d4d-cfda-4686-b485-481423912b33
5,-18549.462035756227,7,ZFM-04811,05db6d4d-cfda-4686-b485-481423912b33
6,-18490.382948987066,8,ZFM-04811,05db6d4d-cfda-4686-b485-481423912b33
7,-18538.773648054015,9,ZFM-04811,05db6d4d-cfda-4686-b485-481423912b33
8,-18483.413521677925,10,ZFM-04811,05db6d4d-cfda-4686-b485-481423912b33
9,-18511.8291910084,11,ZFM-04811,05db6d4d-cfda-4686-b485-481423912b33
10,-18491.431444922167,12,ZFM-04811,05db6d4d-cfda-4686-b485-481423912b33
11,-18477.1943481385,13,ZFM-04811,05db6d4d-cfda-4686-b485-481423912b33
12,-18471.056584458325,14,ZFM-04811,05db6d4d-cfda-4686-b485-481423912b33
13,-18519.25725136099,15,ZFM-04811,05db6d4d-cfda-4686-b485-481423912b33
14,-18499.391031644205,16,ZFM-04811,05db6d4d-cfda-4686-b485-481423912b33
15,-18470.527723471227,17,ZFM-04811,05db6d4d-cfda-4686-b485-481423912b33
16,-18573.536609224597,18,ZFM-04811,05db6d4d-cfda-4686-b485-481423912b33
17,-18512.37481695228,19,ZFM-04811,05db6d4d-cfda-4686-b485-481423912b33
18,-18509.93185308852,20,ZFM-04811,05db6d4d-cfda-4686-b485-481423912b33
0,-6699.7487875139495,2,ZFM-04122,fb97e357-0c74-43a4-9556-1f18d6d63f9d
1,-6610.24651654634,3,ZFM-04122,fb97e357-0c74-43a4-9556-1f18d6d63f9d
2,-6589.671875710899,4,ZFM-04122,fb97e357-0c74-43a4-9556-1f18d6d63f9d
3,-6555.206430380964,5,ZFM-04122,fb97e357-0c74-43a4-9556-1f18d6d63f9d
4,-6508.678870045711,6,ZFM-04122,fb97e357-0c74-43a4-9556-1f18d6d63f9d
5,-6490.0183223353615,7,ZFM-04122,fb97e357-0c74-43a4-9556-1f18d6d63f9d
6,-6479.156852256892,8,ZFM-04122,fb97e357-0c74-43a4-9556-1f18d6d63f9d
7,-6472.5057433681695,9,ZFM-04122,fb97e357-0c74-43a4-9556-1f18d6d63f9d
8,-6476.140409037769,10,ZFM-04122,fb97e357-0c74-43a4-9556-1f18d6d63f9d
9,-6459.487387496302,11,ZFM-04122,fb97e357-0c74-43a4-9556-1f18d6d63f9d
10,-6445.552880501481,12,ZFM-04122,fb97e357-0c74-43a4-9556-1f18d6d63f9d
11,-6483.153055349668,13,ZFM-04122,fb97e357-0c74-43a4-9556-1f18d6d63f9d
12,-6511.763605855394,14,ZFM-04122,fb97e357-0c74-43a4-9556-1f18d6d63f9d
13,-6492.749685125143,15,ZFM-04122,fb97e357-0c74-43a4-9556-1f18d6d63f9d
14,-6452.237483162588,16,ZFM-04122,fb97e357-0c74-43a4-9556-1f18d6d63f9d
15,-6441.188183200607,17,ZFM-04122,fb97e357-0c74-43a4-9556-1f18d6d63f9d
16,-6495.6453616858635,18,ZFM-04122,fb97e357-0c74-43a4-9556-1f18d6d63f9d
17,-6475.47349885723,19,ZFM-04122,fb97e357-0c74-43a4-9556-1f18d6d63f9d
18,-6492.868822985745,20,ZFM-04122,fb97e357-0c74-43a4-9556-1f18d6d63f9d
0,-29760.099561427367,2,ZFM-03331,2cd25262-6818-4b21-9f25-8b8f938c5e37
1,-29369.493496969277,3,ZFM-03331,2cd25262-6818-4b21-9f25-8b8f938c5e37
2,-29064.10940403733,4,ZFM-03331,2cd25262-6818-4b21-9f25-8b8f938c5e37
3,-28812.245724288026,5,ZFM-03331,2cd25262-6818-4b21-9f25-8b8f938c5e37
4,-28805.54371238577,6,ZFM-03331,2cd25262-6818-4b21-9f25-8b8f938c5e37
5,-28745.488575798947,7,ZFM-03331,2cd25262-6818-4b21-9f25-8b8f938c5e37
6,-28504.41746024863,8,ZFM-03331,2cd25262-6818-4b21-9f25-8b8f938c5e37
7,-28652.698567637523,9,ZFM-03331,2cd25262-6818-4b21-9f25-8b8f938c5e37
8,-28491.302242862053,10,ZFM-03331,2cd25262-6818-4b21-9f25-8b8f938c5e37
9,-28463.227261167405,11,ZFM-03331,2cd25262-6818-4b21-9f25-8b8f938c5e37
10,-28489.04085865517,12,ZFM-03331,2cd25262-6818-4b21-9f25-8b8f938c5e37
11,-28402.366659981282,13,ZFM-03331,2cd25262-6818-4b21-9f25-8b8f938c5e37
12,-28286.848592926963,14,ZFM-03331,2cd25262-6818-4b21-9f25-8b8f938c5e37
13,-28354.400439872057,15,ZFM-03331,2cd25262-6818-4b21-9f25-8b8f938c5e37
14,-28347.13039721,16,ZFM-03331,2cd25262-6818-4b21-9f25-8b8f938c5e37
15,-28269.41608424909,17,ZFM-03331,2cd25262-6818-4b21-9f25-8b8f938c5e37
16,-28333.23345966029,18,ZFM-03331,2cd25262-6818-4b21-9f25-8b8f938c5e37
17,-28274.60994749699,19,ZFM-03331,2cd25262-6818-4b21-9f25-8b8f938c5e37
18,-28205.18492315079,20,ZFM-03331,2cd25262-6818-4b21-9f25-8b8f938c5e37
0,-40329.18396874471,2,ZFM-03329,c9a47fb2-3348-4184-8c08-c7e4940e9264
1,-39987.43439592572,3,ZFM-03329,c9a47fb2-3348-4184-8c08-c7e4940e9264
2,-39525.768523864695,4,ZFM-03329,c9a47fb2-3348-4184-8c08-c7e4940e9264
3,-39429.50851398913,5,ZFM-03329,c9a47fb2-3348-4184-8c08-c7e4940e9264
4,-39427.13078524793,6,ZFM-03329,c9a47fb2-3348-4184-8c08-c7e4940e9264
5,-39274.964107972664,7,ZFM-03329,c9a47fb2-3348-4184-8c08-c7e4940e9264
6,-39325.80186417462,8,ZFM-03329,c9a47fb2-3348-4184-8c08-c7e4940e9264
7,-39175.48802792861,9,ZFM-03329,c9a47fb2-3348-4184-8c08-c7e4940e9264
8,-39079.7174611963,10,ZFM-03329,c9a47fb2-3348-4184-8c08-c7e4940e9264
9,-39246.560971581195,11,ZFM-03329,c9a47fb2-3348-4184-8c08-c7e4940e9264
10,-39349.710670155,12,ZFM-03329,c9a47fb2-3348-4184-8c08-c7e4940e9264
11,-39230.219998260945,13,ZFM-03329,c9a47fb2-3348-4184-8c08-c7e4940e9264
12,-39184.343398110854,14,ZFM-03329,c9a47fb2-3348-4184-8c08-c7e4940e9264
13,-39137.65715194675,15,ZFM-03329,c9a47fb2-3348-4184-8c08-c7e4940e9264
14,-39103.17083103516,16,ZFM-03329,c9a47fb2-3348-4184-8c08-c7e4940e9264
15,-39193.1746603567,17,ZFM-03329,c9a47fb2-3348-4184-8c08-c7e4940e9264
16,-39067.79152880845,18,ZFM-03329,c9a47fb2-3348-4184-8c08-c7e4940e9264
17,-39033.089321992295,19,ZFM-03329,c9a47fb2-3348-4184-8c08-c7e4940e9264
18,-39124.67620589559,20,ZFM-03329,c9a47fb2-3348-4184-8c08-c7e4940e9264
0,-54006.85006120497,2,ZFM-03323,605aaf5d-9a95-4c2d-8cb9-dccf596c6452
1,-53322.24730167163,3,ZFM-03323,605aaf5d-9a95-4c2d-8cb9-dccf596c6452
2,-53336.86731454592,4,ZFM-03323,605aaf5d-9a95-4c2d-8cb9-dccf596c6452
3,-53092.6070243715,5,ZFM-03323,605aaf5d-9a95-4c2d-8cb9-dccf596c6452
4,-53149.163143133475,6,ZFM-03323,605aaf5d-9a95-4c2d-8cb9-dccf596c6452
5,-52760.90326563512,7,ZFM-03323,605aaf5d-9a95-4c2d-8cb9-dccf596c6452
6,-52801.81857982199,8,ZFM-03323,605aaf5d-9a95-4c2d-8cb9-dccf596c6452
7,-52598.52630977454,9,ZFM-03323,605aaf5d-9a95-4c2d-8cb9-dccf596c6452
8,-52492.756736710304,10,ZFM-03323,605aaf5d-9a95-4c2d-8cb9-dccf596c6452
9,-52520.9842577725,11,ZFM-03323,605aaf5d-9a95-4c2d-8cb9-dccf596c6452
10,-52532.170134983746,12,ZFM-03323,605aaf5d-9a95-4c2d-8cb9-dccf596c6452
11,-52636.353659670334,13,ZFM-03323,605aaf5d-9a95-4c2d-8cb9-dccf596c6452
12,-52720.17418833464,14,ZFM-03323,605aaf5d-9a95-4c2d-8cb9-dccf596c6452
13,-52320.052547959946,15,ZFM-03323,605aaf5d-9a95-4c2d-8cb9-dccf596c6452
14,-52488.81186611043,16,ZFM-03323,605aaf5d-9a95-4c2d-8cb9-dccf596c6452
15,-52527.276408920225,17,ZFM-03323,605aaf5d-9a95-4c2d-8cb9-dccf596c6452
16,-52728.71809536095,18,ZFM-03323,605aaf5d-9a95-4c2d-8cb9-dccf596c6452
17,-52529.93740112235,19,ZFM-03323,605aaf5d-9a95-4c2d-8cb9-dccf596c6452
18,-52635.41666578583,20,ZFM-03323,605aaf5d-9a95-4c2d-8cb9-dccf596c6452
0,-11004.845476415649,2,ZFM-04080,8f914cf1-3466-4fa4-a49d-a8c9182da684
1,-10493.02488279264,3,ZFM-04080,8f914cf1-3466-4fa4-a49d-a8c9182da684
2,-10417.969779989502,4,ZFM-04080,8f914cf1-3466-4fa4-a49d-a8c9182da684
3,-10187.745842634606,5,ZFM-04080,8f914cf1-3466-4fa4-a49d-a8c9182da684
4,-10084.862700880976,6,ZFM-04080,8f914cf1-3466-4fa4-a49d-a8c9182da684
5,-9982.213686704275,7,ZFM-04080,8f914cf1-3466-4fa4-a49d-a8c9182da684
6,-9970.306552511052,8,ZFM-04080,8f914cf1-3466-4fa4-a49d-a8c9182da684
7,-9933.50665521081,9,ZFM-04080,8f914cf1-3466-4fa4-a49d-a8c9182da684
8,-9902.83953000469,10,ZFM-04080,8f914cf1-3466-4fa4-a49d-a8c9182da684
9,-9930.361240304905,11,ZFM-04080,8f914cf1-3466-4fa4-a49d-a8c9182da684
10,-9866.54277591465,12,ZFM-04080,8f914cf1-3466-4fa4-a49d-a8c9182da684
11,-9900.474496956042,13,ZFM-04080,8f914cf1-3466-4fa4-a49d-a8c9182da684
12,-9860.780272302922,14,ZFM-04080,8f914cf1-3466-4fa4-a49d-a8c9182da684
13,-9832.811506293749,15,ZFM-04080,8f914cf1-3466-4fa4-a49d-a8c9182da684
14,-9872.870034571522,16,ZFM-04080,8f914cf1-3466-4fa4-a49d-a8c9182da684
15,-9848.440330052821,17,ZFM-04080,8f914cf1-3466-4fa4-a49d-a8c9182da684
16,-9829.953544101796,18,ZFM-04080,8f914cf1-3466-4fa4-a49d-a8c9182da684
17,-9911.519578927697,19,ZFM-04080,8f914cf1-3466-4fa4-a49d-a8c9182da684
18,-9858.392323784858,20,ZFM-04080,8f914cf1-3466-4fa4-a49d-a8c9182da684
0,-40610.95088747585,2,ZFM-02601,848a5413-2100-4587-bbcd-b8145b766d80
1,-40399.13134757221,3,ZFM-02601,848a5413-2100-4587-bbcd-b8145b766d80
2,-40223.30232153636,4,ZFM-02601,848a5413-2100-4587-bbcd-b8145b766d80
3,-40113.41712951898,5,ZFM-02601,848a5413-2100-4587-bbcd-b8145b766d80
4,-40105.490854131844,6,ZFM-02601,848a5413-2100-4587-bbcd-b8145b766d80
5,-40109.57708545884,7,ZFM-02601,848a5413-2100-4587-bbcd-b8145b766d80
6,-40014.50386294309,8,ZFM-02601,848a5413-2100-4587-bbcd-b8145b766d80
7,-39846.72916166387,9,ZFM-02601,848a5413-2100-4587-bbcd-b8145b766d80
8,-39768.47529716269,10,ZFM-02601,848a5413-2100-4587-bbcd-b8145b766d80
9,-39946.882792443736,11,ZFM-02601,848a5413-2100-4587-bbcd-b8145b766d80
10,-39902.38399551952,12,ZFM-02601,848a5413-2100-4587-bbcd-b8145b766d80
11,-39646.625477623464,13,ZFM-02601,848a5413-2100-4587-bbcd-b8145b766d80
12,-39963.368015071006,14,ZFM-02601,848a5413-2100-4587-bbcd-b8145b766d80
13,-39781.06915763007,15,ZFM-02601,848a5413-2100-4587-bbcd-b8145b766d80
14,-39896.625372680886,16,ZFM-02601,848a5413-2100-4587-bbcd-b8145b766d80
15,-40000.25002246474,17,ZFM-02601,848a5413-2100-4587-bbcd-b8145b766d80
16,-39857.776097810915,18,ZFM-02601,848a5413-2100-4587-bbcd-b8145b766d80
17,-39789.24724742581,19,ZFM-02601,848a5413-2100-4587-bbcd-b8145b766d80
18,-39705.56019699644,20,ZFM-02601,848a5413-2100-4587-bbcd-b8145b766d80
0,-24713.95747513459,2,ZFM-03330,455d9684-12b3-4c40-97a3-5a47b9c31589
1,-24392.806619224124,3,ZFM-03330,455d9684-12b3-4c40-97a3-5a47b9c31589
2,-24185.693794151943,4,ZFM-03330,455d9684-12b3-4c40-97a3-5a47b9c31589
3,-24075.218265041567,5,ZFM-03330,455d9684-12b3-4c40-97a3-5a47b9c31589
4,-23995.393038405044,6,ZFM-03330,455d9684-12b3-4c40-97a3-5a47b9c31589
5,-23940.883047353862,7,ZFM-03330,455d9684-12b3-4c40-97a3-5a47b9c31589
6,-23911.98089695101,8,ZFM-03330,455d9684-12b3-4c40-97a3-5a47b9c31589
7,-23852.403694496865,9,ZFM-03330,455d9684-12b3-4c40-97a3-5a47b9c31589
8,-23728.461834145543,10,ZFM-03330,455d9684-12b3-4c40-97a3-5a47b9c31589
9,-23696.23136652977,11,ZFM-03330,455d9684-12b3-4c40-97a3-5a47b9c31589
10,-23641.583290159808,12,ZFM-03330,455d9684-12b3-4c40-97a3-5a47b9c31589
11,-23643.689981791587,13,ZFM-03330,455d9684-12b3-4c40-97a3-5a47b9c31589
12,-23685.840518237488,14,ZFM-03330,455d9684-12b3-4c40-97a3-5a47b9c31589
13,-23651.640859607298,15,ZFM-03330,455d9684-12b3-4c40-97a3-5a47b9c31589
14,-23681.206073627884,16,ZFM-03330,455d9684-12b3-4c40-97a3-5a47b9c31589
15,-23618.920943421253,17,ZFM-03330,455d9684-12b3-4c40-97a3-5a47b9c31589
16,-23616.549851384443,18,ZFM-03330,455d9684-12b3-4c40-97a3-5a47b9c31589
17,-23592.638390082502,19,ZFM-03330,455d9684-12b3-4c40-97a3-5a47b9c31589
18,-23545.747254637652,20,ZFM-03330,455d9684-12b3-4c40-97a3-5a47b9c31589
0,-32225.3963673759,2,ZFM-02601,b3ec8ef7-aa89-42c4-b967-f065afb6ac8d
1,-32035.46522702014,3,ZFM-02601,b3ec8ef7-aa89-42c4-b967-f065afb6ac8d
2,-31867.23521923875,4,ZFM-02601,b3ec8ef7-aa89-42c4-b967-f065afb6ac8d
3,-31848.170323073115,5,ZFM-02601,b3ec8ef7-aa89-42c4-b967-f065afb6ac8d
4,-31656.61245676331,6,ZFM-02601,b3ec8ef7-aa89-42c4-b967-f065afb6ac8d
5,-31615.56018998521,7,ZFM-02601,b3ec8ef7-aa89-42c4-b967-f065afb6ac8d
6,-31642.357337577814,8,ZFM-02601,b3ec8ef7-aa89-42c4-b967-f065afb6ac8d
7,-31591.522013473386,9,ZFM-02601,b3ec8ef7-aa89-42c4-b967-f065afb6ac8d
8,-31495.45680776139,10,ZFM-02601,b3ec8ef7-aa89-42c4-b967-f065afb6ac8d
9,-31523.41673402998,11,ZFM-02601,b3ec8ef7-aa89-42c4-b967-f065afb6ac8d
10,-31584.381421681515,12,ZFM-02601,b3ec8ef7-aa89-42c4-b967-f065afb6ac8d
11,-31637.760065480717,13,ZFM-02601,b3ec8ef7-aa89-42c4-b967-f065afb6ac8d
12,-31444.420107443206,14,ZFM-02601,b3ec8ef7-aa89-42c4-b967-f065afb6ac8d
13,-31660.60450635133,15,ZFM-02601,b3ec8ef7-aa89-42c4-b967-f065afb6ac8d
14,-31596.03287364694,16,ZFM-02601,b3ec8ef7-aa89-42c4-b967-f065afb6ac8d
15,-31620.945519697652,17,ZFM-02601,b3ec8ef7-aa89-42c4-b967-f065afb6ac8d
16,-31543.62362738076,18,ZFM-02601,b3ec8ef7-aa89-42c4-b967-f065afb6ac8d
17,-31597.126268857923,19,ZFM-02601,b3ec8ef7-aa89-42c4-b967-f065afb6ac8d
18,-31589.321801974504,20,ZFM-02601,b3ec8ef7-aa89-42c4-b967-f065afb6ac8d
0,-10497.75342227389,2,ZFM-03330,93e075b2-10bf-4fcd-8d5e-3e51b211672c
1,-10395.294658433937,3,ZFM-03330,93e075b2-10bf-4fcd-8d5e-3e51b211672c
2,-10362.541025304328,4,ZFM-03330,93e075b2-10bf-4fcd-8d5e-3e51b211672c
3,-10225.50053096667,5,ZFM-03330,93e075b2-10bf-4fcd-8d5e-3e51b211672c
4,-10257.81282999224,6,ZFM-03330,93e075b2-10bf-4fcd-8d5e-3e51b211672c
5,-10168.316174546206,7,ZFM-03330,93e075b2-10bf-4fcd-8d5e-3e51b211672c
6,-10137.44790861832,8,ZFM-03330,93e075b2-10bf-4fcd-8d5e-3e51b211672c
7,-10156.010422331077,9,ZFM-03330,93e075b2-10bf-4fcd-8d5e-3e51b211672c
8,-10142.892828312111,10,ZFM-03330,93e075b2-10bf-4fcd-8d5e-3e51b211672c
9,-10111.348444824518,11,ZFM-03330,93e075b2-10bf-4fcd-8d5e-3e51b211672c
10,-10105.716349084902,12,ZFM-03330,93e075b2-10bf-4fcd-8d5e-3e51b211672c
11,-10128.19688815239,13,ZFM-03330,93e075b2-10bf-4fcd-8d5e-3e51b211672c
12,-10165.083807837464,14,ZFM-03330,93e075b2-10bf-4fcd-8d5e-3e51b211672c
13,-10067.503539020545,15,ZFM-03330,93e075b2-10bf-4fcd-8d5e-3e51b211672c
14,-10158.681224327684,16,ZFM-03330,93e075b2-10bf-4fcd-8d5e-3e51b211672c
15,-10057.764763794248,17,ZFM-03330,93e075b2-10bf-4fcd-8d5e-3e51b211672c
16,-10138.15892263389,18,ZFM-03330,93e075b2-10bf-4fcd-8d5e-3e51b211672c
17,-10104.077433820457,19,ZFM-03330,93e075b2-10bf-4fcd-8d5e-3e51b211672c
18,-10076.338233189554,20,ZFM-03330,93e075b2-10bf-4fcd-8d5e-3e51b211672c
0,-17945.27620765829,2,ZFM-02600,9ceaa3aa-6821-4676-b72f-7bd5878576cd
1,-17794.030507680243,3,ZFM-02600,9ceaa3aa-6821-4676-b72f-7bd5878576cd
2,-17708.832603314633,4,ZFM-02600,9ceaa3aa-6821-4676-b72f-7bd5878576cd
3,-17708.422141396797,5,ZFM-02600,9ceaa3aa-6821-4676-b72f-7bd5878576cd
4,-17673.412892310887,6,ZFM-02600,9ceaa3aa-6821-4676-b72f-7bd5878576cd
5,-17672.443205542946,7,ZFM-02600,9ceaa3aa-6821-4676-b72f-7bd5878576cd
6,-17651.53284588841,8,ZFM-02600,9ceaa3aa-6821-4676-b72f-7bd5878576cd
7,-17676.445295219015,9,ZFM-02600,9ceaa3aa-6821-4676-b72f-7bd5878576cd
8,-17615.539499467093,10,ZFM-02600,9ceaa3aa-6821-4676-b72f-7bd5878576cd
9,-17637.045112741776,11,ZFM-02600,9ceaa3aa-6821-4676-b72f-7bd5878576cd
10,-17669.187934102065,12,ZFM-02600,9ceaa3aa-6821-4676-b72f-7bd5878576cd
11,-17757.35783003349,13,ZFM-02600,9ceaa3aa-6821-4676-b72f-7bd5878576cd
12,-17759.767979259945,14,ZFM-02600,9ceaa3aa-6821-4676-b72f-7bd5878576cd
13,-17582.970087709382,15,ZFM-02600,9ceaa3aa-6821-4676-b72f-7bd5878576cd
14,-17628.47798112382,16,ZFM-02600,9ceaa3aa-6821-4676-b72f-7bd5878576cd
15,-17608.570990066764,17,ZFM-02600,9ceaa3aa-6821-4676-b72f-7bd5878576cd
16,-17600.6474633538,18,ZFM-02600,9ceaa3aa-6821-4676-b72f-7bd5878576cd
17,-17743.88320165491,19,ZFM-02600,9ceaa3aa-6821-4676-b72f-7bd5878576cd
18,-17729.88777480404,20,ZFM-02600,9ceaa3aa-6821-4676-b72f-7bd5878576cd
0,-35955.968107519686,2,ZFM-02181,98280567-d120-46ec-86d7-49bc02faa979
1,-35729.09321638659,3,ZFM-02181,98280567-d120-46ec-86d7-49bc02faa979
2,-35300.4822053879,4,ZFM-02181,98280567-d120-46ec-86d7-49bc02faa979
3,-35310.067643991046,5,ZFM-02181,98280567-d120-46ec-86d7-49bc02faa979
4,-35270.63466947731,6,ZFM-02181,98280567-d120-46ec-86d7-49bc02faa979
5,-34894.00788698399,7,ZFM-02181,98280567-d120-46ec-86d7-49bc02faa979
6,-35216.735900247375,8,ZFM-02181,98280567-d120-46ec-86d7-49bc02faa979
7,-35094.49146182393,9,ZFM-02181,98280567-d120-46ec-86d7-49bc02faa979
8,-35023.20993226748,10,ZFM-02181,98280567-d120-46ec-86d7-49bc02faa979
9,-34981.30980182586,11,ZFM-02181,98280567-d120-46ec-86d7-49bc02faa979
10,-34919.59351963368,12,ZFM-02181,98280567-d120-46ec-86d7-49bc02faa979
11,-34916.86753425013,13,ZFM-02181,98280567-d120-46ec-86d7-49bc02faa979
12,-34989.46405376312,14,ZFM-02181,98280567-d120-46ec-86d7-49bc02faa979
13,-35204.83266393513,15,ZFM-02181,98280567-d120-46ec-86d7-49bc02faa979
14,-35005.10956073187,16,ZFM-02181,98280567-d120-46ec-86d7-49bc02faa979
15,-34902.38532778635,17,ZFM-02181,98280567-d120-46ec-86d7-49bc02faa979
16,-34961.6197126557,18,ZFM-02181,98280567-d120-46ec-86d7-49bc02faa979
17,-35348.92064662676,19,ZFM-02181,98280567-d120-46ec-86d7-49bc02faa979
18,-35360.23883129829,20,ZFM-02181,98280567-d120-46ec-86d7-49bc02faa979
0,-76491.89989059047,2,ZFM-03323,f5ed13b0-a301-4340-aa63-e78ed0b82a9f
1,-75537.87212373926,3,ZFM-03323,f5ed13b0-a301-4340-aa63-e78ed0b82a9f
2,-74599.99329807778,4,ZFM-03323,f5ed13b0-a301-4340-aa63-e78ed0b82a9f
3,-74879.26048908898,5,ZFM-03323,f5ed13b0-a301-4340-aa63-e78ed0b82a9f
4,-74126.6673076136,6,ZFM-03323,f5ed13b0-a301-4340-aa63-e78ed0b82a9f
5,-74665.91593318533,7,ZFM-03323,f5ed13b0-a301-4340-aa63-e78ed0b82a9f
6,-74768.71220689583,8,ZFM-03323,f5ed13b0-a301-4340-aa63-e78ed0b82a9f
7,-74314.76579533202,9,ZFM-03323,f5ed13b0-a301-4340-aa63-e78ed0b82a9f
8,-74598.03607324624,10,ZFM-03323,f5ed13b0-a301-4340-aa63-e78ed0b82a9f
9,-74934.37524637397,11,ZFM-03323,f5ed13b0-a301-4340-aa63-e78ed0b82a9f
10,-73755.28029060326,12,ZFM-03323,f5ed13b0-a301-4340-aa63-e78ed0b82a9f
11,-74707.27130338646,13,ZFM-03323,f5ed13b0-a301-4340-aa63-e78ed0b82a9f
12,-73879.297348376,14,ZFM-03323,f5ed13b0-a301-4340-aa63-e78ed0b82a9f
13,-73867.45042170513,15,ZFM-03323,f5ed13b0-a301-4340-aa63-e78ed0b82a9f
14,-74743.86163576758,16,ZFM-03323,f5ed13b0-a301-4340-aa63-e78ed0b82a9f
15,-73445.72783612992,17,ZFM-03323,f5ed13b0-a301-4340-aa63-e78ed0b82a9f
16,-74379.21568820855,18,ZFM-03323,f5ed13b0-a301-4340-aa63-e78ed0b82a9f
17,-73902.98173816156,19,ZFM-03323,f5ed13b0-a301-4340-aa63-e78ed0b82a9f
18,-74117.19993649558,20,ZFM-03323,f5ed13b0-a301-4340-aa63-e78ed0b82a9f
0,-31168.082180552272,2,ZFM-03330,63e6de03-894c-427b-b601-8737fdcd17c5
1,-31056.775821491996,3,ZFM-03330,63e6de03-894c-427b-b601-8737fdcd17c5
2,-30784.853161285748,4,ZFM-03330,63e6de03-894c-427b-b601-8737fdcd17c5
3,-30687.057317358795,5,ZFM-03330,63e6de03-894c-427b-b601-8737fdcd17c5
4,-30633.755883163445,6,ZFM-03330,63e6de03-894c-427b-b601-8737fdcd17c5
5,-30517.573526642016,7,ZFM-03330,63e6de03-894c-427b-b601-8737fdcd17c5
6,-30666.84677824977,8,ZFM-03330,63e6de03-894c-427b-b601-8737fdcd17c5
7,-30635.924673381298,9,ZFM-03330,63e6de03-894c-427b-b601-8737fdcd17c5
8,-30501.425583077136,10,ZFM-03330,63e6de03-894c-427b-b601-8737fdcd17c5
9,-30406.512180138317,11,ZFM-03330,63e6de03-894c-427b-b601-8737fdcd17c5
10,-30431.781816318624,12,ZFM-03330,63e6de03-894c-427b-b601-8737fdcd17c5
11,-30378.922627122392,13,ZFM-03330,63e6de03-894c-427b-b601-8737fdcd17c5
12,-30248.091857954692,14,ZFM-03330,63e6de03-894c-427b-b601-8737fdcd17c5
13,-30361.833755901367,15,ZFM-03330,63e6de03-894c-427b-b601-8737fdcd17c5
14,-30374.599812453416,16,ZFM-03330,63e6de03-894c-427b-b601-8737fdcd17c5
15,-30328.11763445118,17,ZFM-03330,63e6de03-894c-427b-b601-8737fdcd17c5
16,-30293.97976001457,18,ZFM-03330,63e6de03-894c-427b-b601-8737fdcd17c5
17,-30475.122096098923,19,ZFM-03330,63e6de03-894c-427b-b601-8737fdcd17c5
18,-30432.08957071895,20,ZFM-03330,63e6de03-894c-427b-b601-8737fdcd17c5
0,-54316.4382142995,2,ZFM-04300,6b68ff0d-9014-4a81-b2c2-915ddfdba3a3
1,-53880.42614540862,3,ZFM-04300,6b68ff0d-9014-4a81-b2c2-915ddfdba3a3
2,-53424.84803501723,4,ZFM-04300,6b68ff0d-9014-4a81-b2c2-915ddfdba3a3
3,-53330.754602821355,5,ZFM-04300,6b68ff0d-9014-4a81-b2c2-915ddfdba3a3
4,-53166.24011654233,6,ZFM-04300,6b68ff0d-9014-4a81-b2c2-915ddfdba3a3
5,-53156.161058225895,7,ZFM-04300,6b68ff0d-9014-4a81-b2c2-915ddfdba3a3
6,-53402.34673552262,8,ZFM-04300,6b68ff0d-9014-4a81-b2c2-915ddfdba3a3
7,-53308.23776547342,9,ZFM-04300,6b68ff0d-9014-4a81-b2c2-915ddfdba3a3
8,-53392.53798044882,10,ZFM-04300,6b68ff0d-9014-4a81-b2c2-915ddfdba3a3
9,-53481.14915817371,11,ZFM-04300,6b68ff0d-9014-4a81-b2c2-915ddfdba3a3
10,-53432.57836167822,12,ZFM-04300,6b68ff0d-9014-4a81-b2c2-915ddfdba3a3
11,-53342.1885939728,13,ZFM-04300,6b68ff0d-9014-4a81-b2c2-915ddfdba3a3
12,-53375.88726731029,14,ZFM-04300,6b68ff0d-9014-4a81-b2c2-915ddfdba3a3
13,-52915.85273664193,15,ZFM-04300,6b68ff0d-9014-4a81-b2c2-915ddfdba3a3
14,-53488.85723125236,16,ZFM-04300,6b68ff0d-9014-4a81-b2c2-915ddfdba3a3
15,-53347.91075198712,17,ZFM-04300,6b68ff0d-9014-4a81-b2c2-915ddfdba3a3
16,-53533.37039242863,18,ZFM-04300,6b68ff0d-9014-4a81-b2c2-915ddfdba3a3
17,-53451.5660988184,19,ZFM-04300,6b68ff0d-9014-4a81-b2c2-915ddfdba3a3
18,-53225.3798761332,20,ZFM-04300,6b68ff0d-9014-4a81-b2c2-915ddfdba3a3
0,-33942.79086227262,2,ZFM-03332,eecc9852-0982-42af-8c30-6cd3c64742ec
1,-33474.65464642332,3,ZFM-03332,eecc9852-0982-42af-8c30-6cd3c64742ec
2,-33298.127721988254,4,ZFM-03332,eecc9852-0982-42af-8c30-6cd3c64742ec
3,-33207.67899796125,5,ZFM-03332,eecc9852-0982-42af-8c30-6cd3c64742ec
4,-33165.44404239982,6,ZFM-03332,eecc9852-0982-42af-8c30-6cd3c64742ec
5,-33071.0697721574,7,ZFM-03332,eecc9852-0982-42af-8c30-6cd3c64742ec
6,-32906.63853391169,8,ZFM-03332,eecc9852-0982-42af-8c30-6cd3c64742ec
7,-32952.692552488,9,ZFM-03332,eecc9852-0982-42af-8c30-6cd3c64742ec
8,-32913.0113686999,10,ZFM-03332,eecc9852-0982-42af-8c30-6cd3c64742ec
9,-32960.86106398729,11,ZFM-03332,eecc9852-0982-42af-8c30-6cd3c64742ec
10,-32803.95266663763,12,ZFM-03332,eecc9852-0982-42af-8c30-6cd3c64742ec
11,-32816.296283851836,13,ZFM-03332,eecc9852-0982-42af-8c30-6cd3c64742ec
12,-32824.607734595855,14,ZFM-03332,eecc9852-0982-42af-8c30-6cd3c64742ec
13,-32742.022019923617,15,ZFM-03332,eecc9852-0982-42af-8c30-6cd3c64742ec
14,-32704.543416211498,16,ZFM-03332,eecc9852-0982-42af-8c30-6cd3c64742ec
15,-32765.147222647876,17,ZFM-03332,eecc9852-0982-42af-8c30-6cd3c64742ec
16,-32762.68567780928,18,ZFM-03332,eecc9852-0982-42af-8c30-6cd3c64742ec
17,-32771.43585729472,19,ZFM-03332,eecc9852-0982-42af-8c30-6cd3c64742ec
18,-32816.290170639295,20,ZFM-03332,eecc9852-0982-42af-8c30-6cd3c64742ec
0,-26039.179171361204,2,ZFM-02600,5712250f-7ea2-4f55-a7ac-15e855533225
1,-25569.528672451313,3,ZFM-02600,5712250f-7ea2-4f55-a7ac-15e855533225
2,-25441.960261385346,4,ZFM-02600,5712250f-7ea2-4f55-a7ac-15e855533225
3,-25373.134818641134,5,ZFM-02600,5712250f-7ea2-4f55-a7ac-15e855533225
4,-25261.53783001527,6,ZFM-02600,5712250f-7ea2-4f55-a7ac-15e855533225
5,-25262.54055633338,7,ZFM-02600,5712250f-7ea2-4f55-a7ac-15e855533225
6,-25201.88548425053,8,ZFM-02600,5712250f-7ea2-4f55-a7ac-15e855533225
7,-25183.907395083817,9,ZFM-02600,5712250f-7ea2-4f55-a7ac-15e855533225
8,-25285.612227637277,10,ZFM-02600,5712250f-7ea2-4f55-a7ac-15e855533225
9,-25285.61575048641,11,ZFM-02600,5712250f-7ea2-4f55-a7ac-15e855533225
10,-25185.532734162396,12,ZFM-02600,5712250f-7ea2-4f55-a7ac-15e855533225
11,-25257.93511329488,13,ZFM-02600,5712250f-7ea2-4f55-a7ac-15e855533225
12,-25238.123745326608,14,ZFM-02600,5712250f-7ea2-4f55-a7ac-15e855533225
13,-25232.904667971587,15,ZFM-02600,5712250f-7ea2-4f55-a7ac-15e855533225
14,-25225.582136159024,16,ZFM-02600,5712250f-7ea2-4f55-a7ac-15e855533225
15,-25365.142934499177,17,ZFM-02600,5712250f-7ea2-4f55-a7ac-15e855533225
16,-25274.22706481819,18,ZFM-02600,5712250f-7ea2-4f55-a7ac-15e855533225
17,-25360.5932646341,19,ZFM-02600,5712250f-7ea2-4f55-a7ac-15e855533225
18,-25335.152258112837,20,ZFM-02600,5712250f-7ea2-4f55-a7ac-15e855533225
0,-8945.098071145454,2,ZFM-03329,05d69b47-9e2c-4da3-ab45-be889e1fbef7
1,-8717.268231666421,3,ZFM-03329,05d69b47-9e2c-4da3-ab45-be889e1fbef7
2,-8580.937097938644,4,ZFM-03329,05d69b47-9e2c-4da3-ab45-be889e1fbef7
3,-8463.893966276533,5,ZFM-03329,05d69b47-9e2c-4da3-ab45-be889e1fbef7
4,-8421.062042029838,6,ZFM-03329,05d69b47-9e2c-4da3-ab45-be889e1fbef7
5,-8410.605831226028,7,ZFM-03329,05d69b47-9e2c-4da3-ab45-be889e1fbef7
6,-8386.608159962732,8,ZFM-03329,05d69b47-9e2c-4da3-ab45-be889e1fbef7
7,-8357.609563427364,9,ZFM-03329,05d69b47-9e2c-4da3-ab45-be889e1fbef7
8,-8280.000508119509,10,ZFM-03329,05d69b47-9e2c-4da3-ab45-be889e1fbef7
9,-8325.938116959887,11,ZFM-03329,05d69b47-9e2c-4da3-ab45-be889e1fbef7
10,-8296.16556673635,12,ZFM-03329,05d69b47-9e2c-4da3-ab45-be889e1fbef7
11,-8344.016576777278,13,ZFM-03329,05d69b47-9e2c-4da3-ab45-be889e1fbef7
12,-8283.143318400653,14,ZFM-03329,05d69b47-9e2c-4da3-ab45-be889e1fbef7
13,-8269.33834648767,15,ZFM-03329,05d69b47-9e2c-4da3-ab45-be889e1fbef7
14,-8289.90470281863,16,ZFM-03329,05d69b47-9e2c-4da3-ab45-be889e1fbef7
15,-8237.636959485862,17,ZFM-03329,05d69b47-9e2c-4da3-ab45-be889e1fbef7
16,-8301.630792113927,18,ZFM-03329,05d69b47-9e2c-4da3-ab45-be889e1fbef7
17,-8255.769200752395,19,ZFM-03329,05d69b47-9e2c-4da3-ab45-be889e1fbef7
18,-8248.270808330166,20,ZFM-03329,05d69b47-9e2c-4da3-ab45-be889e1fbef7
0,-11647.990381279018,2,ZFM-04122,fd4d4d6b-f2e3-464d-8604-084265d32b76
1,-11536.9758902104,3,ZFM-04122,fd4d4d6b-f2e3-464d-8604-084265d32b76
2,-11447.9264037076,4,ZFM-04122,fd4d4d6b-f2e3-464d-8604-084265d32b76
3,-11366.031137511522,5,ZFM-04122,fd4d4d6b-f2e3-464d-8604-084265d32b76
4,-11368.833612657674,6,ZFM-04122,fd4d4d6b-f2e3-464d-8604-084265d32b76
5,-11360.043099574026,7,ZFM-04122,fd4d4d6b-f2e3-464d-8604-084265d32b76
6,-11309.011014699448,8,ZFM-04122,fd4d4d6b-f2e3-464d-8604-084265d32b76
7,-11353.368003130206,9,ZFM-04122,fd4d4d6b-f2e3-464d-8604-084265d32b76
8,-11329.590247220149,10,ZFM-04122,fd4d4d6b-f2e3-464d-8604-084265d32b76
9,-11308.361453713096,11,ZFM-04122,fd4d4d6b-f2e3-464d-8604-084265d32b76
10,-11374.426540887293,12,ZFM-04122,fd4d4d6b-f2e3-464d-8604-084265d32b76
11,-11356.876987266456,13,ZFM-04122,fd4d4d6b-f2e3-464d-8604-084265d32b76
12,-11381.461561326962,14,ZFM-04122,fd4d4d6b-f2e3-464d-8604-084265d32b76
13,-11330.300014952882,15,ZFM-04122,fd4d4d6b-f2e3-464d-8604-084265d32b76
14,-11336.461232363843,16,ZFM-04122,fd4d4d6b-f2e3-464d-8604-084265d32b76
15,-11303.506659809575,17,ZFM-04122,fd4d4d6b-f2e3-464d-8604-084265d32b76
16,-11347.206329434317,18,ZFM-04122,fd4d4d6b-f2e3-464d-8604-084265d32b76
17,-11313.386874341708,19,ZFM-04122,fd4d4d6b-f2e3-464d-8604-084265d32b76
18,-11327.090565796068,20,ZFM-04122,fd4d4d6b-f2e3-464d-8604-084265d32b76
0,-7122.681895531279,2,ZFM-03332,16e12c15-b78f-42d1-972f-a1824215f9af
1,-7077.018975379606,3,ZFM-03332,16e12c15-b78f-42d1-972f-a1824215f9af
2,-6976.922023609299,4,ZFM-03332,16e12c15-b78f-42d1-972f-a1824215f9af
3,-6955.226967185262,5,ZFM-03332,16e12c15-b78f-42d1-972f-a1824215f9af
4,-6916.243315968915,6,ZFM-03332,16e12c15-b78f-42d1-972f-a1824215f9af
5,-6887.8547805699545,7,ZFM-03332,16e12c15-b78f-42d1-972f-a1824215f9af
6,-6909.092252399272,8,ZFM-03332,16e12c15-b78f-42d1-972f-a1824215f9af
7,-6859.940402130199,9,ZFM-03332,16e12c15-b78f-42d1-972f-a1824215f9af
8,-6861.933680277801,10,ZFM-03332,16e12c15-b78f-42d1-972f-a1824215f9af
9,-6839.201865061297,11,ZFM-03332,16e12c15-b78f-42d1-972f-a1824215f9af
10,-6829.239556946821,12,ZFM-03332,16e12c15-b78f-42d1-972f-a1824215f9af
11,-6858.326301440144,13,ZFM-03332,16e12c15-b78f-42d1-972f-a1824215f9af
12,-6833.696610677595,14,ZFM-03332,16e12c15-b78f-42d1-972f-a1824215f9af
13,-6834.782578039799,15,ZFM-03332,16e12c15-b78f-42d1-972f-a1824215f9af
14,-6819.731517813822,16,ZFM-03332,16e12c15-b78f-42d1-972f-a1824215f9af
15,-6817.261794104901,17,ZFM-03332,16e12c15-b78f-42d1-972f-a1824215f9af
16,-6806.481813164326,18,ZFM-03332,16e12c15-b78f-42d1-972f-a1824215f9af
17,-6828.393692239471,19,ZFM-03332,16e12c15-b78f-42d1-972f-a1824215f9af
18,-6823.817188802801,20,ZFM-03332,16e12c15-b78f-42d1-972f-a1824215f9af
0,-24000.35042822866,2,ZFM-03332,a0f280a2-90f9-49b7-a597-c97530d1d2df
1,-23639.572815792955,3,ZFM-03332,a0f280a2-90f9-49b7-a597-c97530d1d2df
2,-23403.936987098085,4,ZFM-03332,a0f280a2-90f9-49b7-a597-c97530d1d2df
3,-23120.70733941384,5,ZFM-03332,a0f280a2-90f9-49b7-a597-c97530d1d2df
4,-23080.22060674223,6,ZFM-03332,a0f280a2-90f9-49b7-a597-c97530d1d2df
5,-22951.278039360404,7,ZFM-03332,a0f280a2-90f9-49b7-a597-c97530d1d2df
6,-23025.108953961364,8,ZFM-03332,a0f280a2-90f9-49b7-a597-c97530d1d2df
7,-22873.247113384983,9,ZFM-03332,a0f280a2-90f9-49b7-a597-c97530d1d2df
8,-22869.110418250308,10,ZFM-03332,a0f280a2-90f9-49b7-a597-c97530d1d2df
9,-22843.714320301442,11,ZFM-03332,a0f280a2-90f9-49b7-a597-c97530d1d2df
10,-22898.95668392037,12,ZFM-03332,a0f280a2-90f9-49b7-a597-c97530d1d2df
11,-22819.214150423402,13,ZFM-03332,a0f280a2-90f9-49b7-a597-c97530d1d2df
12,-22793.346713558247,14,ZFM-03332,a0f280a2-90f9-49b7-a597-c97530d1d2df
13,-22802.06569298813,15,ZFM-03332,a0f280a2-90f9-49b7-a597-c97530d1d2df
14,-22817.545938459996,16,ZFM-03332,a0f280a2-90f9-49b7-a597-c97530d1d2df
15,-22815.222816646354,17,ZFM-03332,a0f280a2-90f9-49b7-a597-c97530d1d2df
16,-22768.876882100398,18,ZFM-03332,a0f280a2-90f9-49b7-a597-c97530d1d2df
17,-22869.88649368003,19,ZFM-03332,a0f280a2-90f9-49b7-a597-c97530d1d2df
18,-22813.37198327773,20,ZFM-03332,a0f280a2-90f9-49b7-a597-c97530d1d2df
0,-56085.48531777823,2,ZFM-03324,15589ad2-9972-445e-bf76-faffbffa56d8
1,-55297.188320490204,3,ZFM-03324,15589ad2-9972-445e-bf76-faffbffa56d8
2,-54710.93014967499,4,ZFM-03324,15589ad2-9972-445e-bf76-faffbffa56d8
3,-54475.38338459801,5,ZFM-03324,15589ad2-9972-445e-bf76-faffbffa56d8
4,-54166.360546833705,6,ZFM-03324,15589ad2-9972-445e-bf76-faffbffa56d8
5,-54052.77849624006,7,ZFM-03324,15589ad2-9972-445e-bf76-faffbffa56d8
6,-53830.371841911176,8,ZFM-03324,15589ad2-9972-445e-bf76-faffbffa56d8
7,-53836.54551877838,9,ZFM-03324,15589ad2-9972-445e-bf76-faffbffa56d8
8,-53372.94364501248,10,ZFM-03324,15589ad2-9972-445e-bf76-faffbffa56d8
9,-53266.30951908834,11,ZFM-03324,15589ad2-9972-445e-bf76-faffbffa56d8
10,-53295.89288497685,12,ZFM-03324,15589ad2-9972-445e-bf76-faffbffa56d8
11,-53278.50801848502,13,ZFM-03324,15589ad2-9972-445e-bf76-faffbffa56d8
12,-53399.034992902874,14,ZFM-03324,15589ad2-9972-445e-bf76-faffbffa56d8
13,-53142.10830662446,15,ZFM-03324,15589ad2-9972-445e-bf76-faffbffa56d8
14,-53197.31943080092,16,ZFM-03324,15589ad2-9972-445e-bf76-faffbffa56d8
15,-53118.437887241715,17,ZFM-03324,15589ad2-9972-445e-bf76-faffbffa56d8
16,-53309.63525142065,18,ZFM-03324,15589ad2-9972-445e-bf76-faffbffa56d8
17,-53265.424656750336,19,ZFM-03324,15589ad2-9972-445e-bf76-faffbffa56d8
18,-53226.12350339591,20,ZFM-03324,15589ad2-9972-445e-bf76-faffbffa56d8
0,-10347.801382588943,2,ZFM-02181,985672f4-4308-4f68-84ac-0d10acad84bb
1,-10228.639263689258,3,ZFM-02181,985672f4-4308-4f68-84ac-0d10acad84bb
2,-10142.09696781118,4,ZFM-02181,985672f4-4308-4f68-84ac-0d10acad84bb
3,-10152.33711434126,5,ZFM-02181,985672f4-4308-4f68-84ac-0d10acad84bb
4,-10039.96144096803,6,ZFM-02181,985672f4-4308-4f68-84ac-0d10acad84bb
5,-10030.467558918694,7,ZFM-02181,985672f4-4308-4f68-84ac-0d10acad84bb
6,-9989.542708110952,8,ZFM-02181,985672f4-4308-4f68-84ac-0d10acad84bb
7,-9977.328958181712,9,ZFM-02181,985672f4-4308-4f68-84ac-0d10acad84bb
8,-10046.871956423944,10,ZFM-02181,985672f4-4308-4f68-84ac-0d10acad84bb
9,-9947.736163376132,11,ZFM-02181,985672f4-4308-4f68-84ac-0d10acad84bb
10,-10035.60440376393,12,ZFM-02181,985672f4-4308-4f68-84ac-0d10acad84bb
11,-9933.169700714247,13,ZFM-02181,985672f4-4308-4f68-84ac-0d10acad84bb
12,-10067.126842326426,14,ZFM-02181,985672f4-4308-4f68-84ac-0d10acad84bb
13,-10025.734816735909,15,ZFM-02181,985672f4-4308-4f68-84ac-0d10acad84bb
14,-10073.989541176536,16,ZFM-02181,985672f4-4308-4f68-84ac-0d10acad84bb
15,-10004.925836321449,17,ZFM-02181,985672f4-4308-4f68-84ac-0d10acad84bb
16,-10014.785513260518,18,ZFM-02181,985672f4-4308-4f68-84ac-0d10acad84bb
17,-10013.456208194162,19,ZFM-02181,985672f4-4308-4f68-84ac-0d10acad84bb
18,-10070.617481042107,20,ZFM-02181,985672f4-4308-4f68-84ac-0d10acad84bb
0,-3547.7067136745627,2,ZFM-04811,e48c0695-b465-4e44-9020-2a19ecca414a
1,-3445.0626160084917,3,ZFM-04811,e48c0695-b465-4e44-9020-2a19ecca414a
2,-3435.61272573435,4,ZFM-04811,e48c0695-b465-4e44-9020-2a19ecca414a
3,-3416.107328790182,5,ZFM-04811,e48c0695-b465-4e44-9020-2a19ecca414a
4,-3378.2134677064537,6,ZFM-04811,e48c0695-b465-4e44-9020-2a19ecca414a
5,-3394.8890422722766,7,ZFM-04811,e48c0695-b465-4e44-9020-2a19ecca414a
6,-3351.9549259243126,8,ZFM-04811,e48c0695-b465-4e44-9020-2a19ecca414a
7,-3308.169517263946,9,ZFM-04811,e48c0695-b465-4e44-9020-2a19ecca414a
8,-3324.607106183219,10,ZFM-04811,e48c0695-b465-4e44-9020-2a19ecca414a
9,-3322.569790908389,11,ZFM-04811,e48c0695-b465-4e44-9020-2a19ecca414a
10,-3302.155117589439,12,ZFM-04811,e48c0695-b465-4e44-9020-2a19ecca414a
11,-3317.2840051433764,13,ZFM-04811,e48c0695-b465-4e44-9020-2a19ecca414a
12,-3285.612982174731,14,ZFM-04811,e48c0695-b465-4e44-9020-2a19ecca414a
13,-3269.4243062501846,15,ZFM-04811,e48c0695-b465-4e44-9020-2a19ecca414a
14,-3307.9999236934027,16,ZFM-04811,e48c0695-b465-4e44-9020-2a19ecca414a
15,-3300.6608682409296,17,ZFM-04811,e48c0695-b465-4e44-9020-2a19ecca414a
16,-3307.557520929151,18,ZFM-04811,e48c0695-b465-4e44-9020-2a19ecca414a
17,-3302.0356510103547,19,ZFM-04811,e48c0695-b465-4e44-9020-2a19ecca414a
18,-3295.6533526001003,20,ZFM-04811,e48c0695-b465-4e44-9020-2a19ecca414a
0,-7769.696970348774,2,ZFM-04300,ea75c815-b3d8-4612-89e7-4b25cfec110d
1,-7733.939873995694,3,ZFM-04300,ea75c815-b3d8-4612-89e7-4b25cfec110d
2,-7675.881231832968,4,ZFM-04300,ea75c815-b3d8-4612-89e7-4b25cfec110d
3,-7641.680561333393,5,ZFM-04300,ea75c815-b3d8-4612-89e7-4b25cfec110d
4,-7614.69305514802,6,ZFM-04300,ea75c815-b3d8-4612-89e7-4b25cfec110d
5,-7581.262800451685,7,ZFM-04300,ea75c815-b3d8-4612-89e7-4b25cfec110d
6,-7580.113104535409,8,ZFM-04300,ea75c815-b3d8-4612-89e7-4b25cfec110d
7,-7578.186269159162,9,ZFM-04300,ea75c815-b3d8-4612-89e7-4b25cfec110d
8,-7560.751780112452,10,ZFM-04300,ea75c815-b3d8-4612-89e7-4b25cfec110d
9,-7579.3473437752955,11,ZFM-04300,ea75c815-b3d8-4612-89e7-4b25cfec110d
10,-7574.705063072861,12,ZFM-04300,ea75c815-b3d8-4612-89e7-4b25cfec110d
11,-7561.017082052795,13,ZFM-04300,ea75c815-b3d8-4612-89e7-4b25cfec110d
12,-7567.418678469789,14,ZFM-04300,ea75c815-b3d8-4612-89e7-4b25cfec110d
13,-7543.910777797306,15,ZFM-04300,ea75c815-b3d8-4612-89e7-4b25cfec110d
14,-7566.731869857386,16,ZFM-04300,ea75c815-b3d8-4612-89e7-4b25cfec110d
15,-7558.8758505169435,17,ZFM-04300,ea75c815-b3d8-4612-89e7-4b25cfec110d
16,-7590.0196622492895,18,ZFM-04300,ea75c815-b3d8-4612-89e7-4b25cfec110d
17,-7550.012405178966,19,ZFM-04300,ea75c815-b3d8-4612-89e7-4b25cfec110d
18,-7553.16457385751,20,ZFM-04300,ea75c815-b3d8-4612-89e7-4b25cfec110d
0,-15208.41262788072,2,ZFM-03323,a693580e-8dea-4b31-a9e4-5266b1d22855
1,-15106.673630052468,3,ZFM-03323,a693580e-8dea-4b31-a9e4-5266b1d22855
2,-15025.985966963191,4,ZFM-03323,a693580e-8dea-4b31-a9e4-5266b1d22855
3,-15001.803313610813,5,ZFM-03323,a693580e-8dea-4b31-a9e4-5266b1d22855
4,-14918.100961133985,6,ZFM-03323,a693580e-8dea-4b31-a9e4-5266b1d22855
5,-14870.140039495362,7,ZFM-03323,a693580e-8dea-4b31-a9e4-5266b1d22855
6,-14761.93844413123,8,ZFM-03323,a693580e-8dea-4b31-a9e4-5266b1d22855
7,-14748.39087479235,9,ZFM-03323,a693580e-8dea-4b31-a9e4-5266b1d22855
8,-14856.997115023434,10,ZFM-03323,a693580e-8dea-4b31-a9e4-5266b1d22855
9,-14768.866480114193,11,ZFM-03323,a693580e-8dea-4b31-a9e4-5266b1d22855
10,-14706.465102426704,12,ZFM-03323,a693580e-8dea-4b31-a9e4-5266b1d22855
11,-14780.612102745336,13,ZFM-03323,a693580e-8dea-4b31-a9e4-5266b1d22855
12,-14709.641761519935,14,ZFM-03323,a693580e-8dea-4b31-a9e4-5266b1d22855
13,-14745.525489643798,15,ZFM-03323,a693580e-8dea-4b31-a9e4-5266b1d22855
14,-14696.136243572095,16,ZFM-03323,a693580e-8dea-4b31-a9e4-5266b1d22855
15,-14743.903790130407,17,ZFM-03323,a693580e-8dea-4b31-a9e4-5266b1d22855
16,-14781.772087098305,18,ZFM-03323,a693580e-8dea-4b31-a9e4-5266b1d22855
17,-14770.850997037933,19,ZFM-03323,a693580e-8dea-4b31-a9e4-5266b1d22855
18,-14742.234649100814,20,ZFM-03323,a693580e-8dea-4b31-a9e4-5266b1d22855
0,-35761.979432117485,2,ZFM-04301,ba24fe75-eb12-440f-810c-1a0ae9550da7
1,-35257.38972133283,3,ZFM-04301,ba24fe75-eb12-440f-810c-1a0ae9550da7
2,-35027.38930491965,4,ZFM-04301,ba24fe75-eb12-440f-810c-1a0ae9550da7
3,-34744.5372192155,5,ZFM-04301,ba24fe75-eb12-440f-810c-1a0ae9550da7
4,-34575.8061475057,6,ZFM-04301,ba24fe75-eb12-440f-810c-1a0ae9550da7
5,-34509.4088333194,7,ZFM-04301,ba24fe75-eb12-440f-810c-1a0ae9550da7
6,-34471.50508343775,8,ZFM-04301,ba24fe75-eb12-440f-810c-1a0ae9550da7
7,-34340.4550490222,9,ZFM-04301,ba24fe75-eb12-440f-810c-1a0ae9550da7
8,-34284.03638867292,10,ZFM-04301,ba24fe75-eb12-440f-810c-1a0ae9550da7
9,-34200.37413968351,11,ZFM-04301,ba24fe75-eb12-440f-810c-1a0ae9550da7
10,-34243.43265045516,12,ZFM-04301,ba24fe75-eb12-440f-810c-1a0ae9550da7
11,-34122.60296399485,13,ZFM-04301,ba24fe75-eb12-440f-810c-1a0ae9550da7
12,-34144.771552464306,14,ZFM-04301,ba24fe75-eb12-440f-810c-1a0ae9550da7
13,-34160.55868943901,15,ZFM-04301,ba24fe75-eb12-440f-810c-1a0ae9550da7
14,-34128.23360778551,16,ZFM-04301,ba24fe75-eb12-440f-810c-1a0ae9550da7
15,-34159.69670522776,17,ZFM-04301,ba24fe75-eb12-440f-810c-1a0ae9550da7
16,-34063.001110595775,18,ZFM-04301,ba24fe75-eb12-440f-810c-1a0ae9550da7
17,-34191.11929686965,19,ZFM-04301,ba24fe75-eb12-440f-810c-1a0ae9550da7
18,-34134.44657377436,20,ZFM-04301,ba24fe75-eb12-440f-810c-1a0ae9550da7
0,-41938.15257457086,2,ZFM-04083,ac9a1b86-f421-4bef-a613-3579684f8720
1,-41687.410758192585,3,ZFM-04083,ac9a1b86-f421-4bef-a613-3579684f8720
2,-41345.24964015777,4,ZFM-04083,ac9a1b86-f421-4bef-a613-3579684f8720
3,-41271.04543708329,5,ZFM-04083,ac9a1b86-f421-4bef-a613-3579684f8720
4,-40949.82943159852,6,ZFM-04083,ac9a1b86-f421-4bef-a613-3579684f8720
5,-40870.00799971251,7,ZFM-04083,ac9a1b86-f421-4bef-a613-3579684f8720
6,-40803.358038916915,8,ZFM-04083,ac9a1b86-f421-4bef-a613-3579684f8720
7,-40792.409597852115,9,ZFM-04083,ac9a1b86-f421-4bef-a613-3579684f8720
8,-40657.57985259496,10,ZFM-04083,ac9a1b86-f421-4bef-a613-3579684f8720
9,-40542.38139976805,11,ZFM-04083,ac9a1b86-f421-4bef-a613-3579684f8720
10,-40638.51247578962,12,ZFM-04083,ac9a1b86-f421-4bef-a613-3579684f8720
11,-40480.19171771945,13,ZFM-04083,ac9a1b86-f421-4bef-a613-3579684f8720
12,-40588.04501806852,14,ZFM-04083,ac9a1b86-f421-4bef-a613-3579684f8720
13,-40587.41507308018,15,ZFM-04083,ac9a1b86-f421-4bef-a613-3579684f8720
14,-40536.63024249213,16,ZFM-04083,ac9a1b86-f421-4bef-a613-3579684f8720
15,-40656.16279116049,17,ZFM-04083,ac9a1b86-f421-4bef-a613-3579684f8720
16,-40393.1638749312,18,ZFM-04083,ac9a1b86-f421-4bef-a613-3579684f8720
17,-40512.618437042314,19,ZFM-04083,ac9a1b86-f421-4bef-a613-3579684f8720
18,-40650.98580773102,20,ZFM-04083,ac9a1b86-f421-4bef-a613-3579684f8720
0,-14180.656087508316,2,ZFM-03321,ea47b0e3-727e-4bd5-9cab-581478b4cd10
1,-13779.010785261737,3,ZFM-03321,ea47b0e3-727e-4bd5-9cab-581478b4cd10
2,-13701.662250557449,4,ZFM-03321,ea47b0e3-727e-4bd5-9cab-581478b4cd10
3,-13665.855672073958,5,ZFM-03321,ea47b0e3-727e-4bd5-9cab-581478b4cd10
4,-13596.512073586104,6,ZFM-03321,ea47b0e3-727e-4bd5-9cab-581478b4cd10
5,-13635.144153920675,7,ZFM-03321,ea47b0e3-727e-4bd5-9cab-581478b4cd10
6,-13569.614422707204,8,ZFM-03321,ea47b0e3-727e-4bd5-9cab-581478b4cd10
7,-13528.506449562337,9,ZFM-03321,ea47b0e3-727e-4bd5-9cab-581478b4cd10
8,-13515.189447503832,10,ZFM-03321,ea47b0e3-727e-4bd5-9cab-581478b4cd10
9,-13502.11506254247,11,ZFM-03321,ea47b0e3-727e-4bd5-9cab-581478b4cd10
10,-13529.880595729072,12,ZFM-03321,ea47b0e3-727e-4bd5-9cab-581478b4cd10
11,-13583.119797726933,13,ZFM-03321,ea47b0e3-727e-4bd5-9cab-581478b4cd10
12,-13570.201092238658,14,ZFM-03321,ea47b0e3-727e-4bd5-9cab-581478b4cd10
13,-13539.614634990658,15,ZFM-03321,ea47b0e3-727e-4bd5-9cab-581478b4cd10
14,-13492.076386820632,16,ZFM-03321,ea47b0e3-727e-4bd5-9cab-581478b4cd10
15,-13541.631097256035,17,ZFM-03321,ea47b0e3-727e-4bd5-9cab-581478b4cd10
16,-13532.5761970687,18,ZFM-03321,ea47b0e3-727e-4bd5-9cab-581478b4cd10
17,-13587.901492609508,19,ZFM-03321,ea47b0e3-727e-4bd5-9cab-581478b4cd10
18,-13521.204800502801,20,ZFM-03321,ea47b0e3-727e-4bd5-9cab-581478b4cd10
0,-13021.276862291003,2,ZFM-04823,b38078a3-7b44-4577-980a-570553a6c04a
1,-12383.50335030118,3,ZFM-04823,b38078a3-7b44-4577-980a-570553a6c04a
2,-12433.152498526119,4,ZFM-04823,b38078a3-7b44-4577-980a-570553a6c04a
3,-12681.465474445999,5,ZFM-04823,b38078a3-7b44-4577-980a-570553a6c04a
4,-12429.551986266,6,ZFM-04823,b38078a3-7b44-4577-980a-570553a6c04a
5,-12476.963815650248,7,ZFM-04823,b38078a3-7b44-4577-980a-570553a6c04a
6,-12534.440256234335,8,ZFM-04823,b38078a3-7b44-4577-980a-570553a6c04a
7,-12481.913617146,9,ZFM-04823,b38078a3-7b44-4577-980a-570553a6c04a
8,-12627.098970329836,10,ZFM-04823,b38078a3-7b44-4577-980a-570553a6c04a
9,-12547.865371762153,11,ZFM-04823,b38078a3-7b44-4577-980a-570553a6c04a
10,-12834.451994325598,12,ZFM-04823,b38078a3-7b44-4577-980a-570553a6c04a
11,-13050.136637489686,13,ZFM-04823,b38078a3-7b44-4577-980a-570553a6c04a
12,-12496.33593995611,14,ZFM-04823,b38078a3-7b44-4577-980a-570553a6c04a
13,-12322.700328807075,15,ZFM-04823,b38078a3-7b44-4577-980a-570553a6c04a
14,-12686.6081720435,16,ZFM-04823,b38078a3-7b44-4577-980a-570553a6c04a
15,-12699.207165382788,17,ZFM-04823,b38078a3-7b44-4577-980a-570553a6c04a
16,-12967.941651235527,18,ZFM-04823,b38078a3-7b44-4577-980a-570553a6c04a
17,-12903.74876285719,19,ZFM-04823,b38078a3-7b44-4577-980a-570553a6c04a
18,-13611.431831026355,20,ZFM-04823,b38078a3-7b44-4577-980a-570553a6c04a
0,-43820.97174486519,2,ZFM-04083,87ddbc18-7a81-49f7-a9fb-d0add506ee27
1,-43147.823338651986,3,ZFM-04083,87ddbc18-7a81-49f7-a9fb-d0add506ee27
2,-42988.99980881681,4,ZFM-04083,87ddbc18-7a81-49f7-a9fb-d0add506ee27
3,-42695.27209723486,5,ZFM-04083,87ddbc18-7a81-49f7-a9fb-d0add506ee27
4,-42454.78916850524,6,ZFM-04083,87ddbc18-7a81-49f7-a9fb-d0add506ee27
5,-42480.784803648516,7,ZFM-04083,87ddbc18-7a81-49f7-a9fb-d0add506ee27
6,-42210.39249087721,8,ZFM-04083,87ddbc18-7a81-49f7-a9fb-d0add506ee27
7,-42198.765708147315,9,ZFM-04083,87ddbc18-7a81-49f7-a9fb-d0add506ee27
8,-42186.03402177206,10,ZFM-04083,87ddbc18-7a81-49f7-a9fb-d0add506ee27
9,-42093.07037846718,11,ZFM-04083,87ddbc18-7a81-49f7-a9fb-d0add506ee27
10,-42079.17391238839,12,ZFM-04083,87ddbc18-7a81-49f7-a9fb-d0add506ee27
11,-41975.9114029068,13,ZFM-04083,87ddbc18-7a81-49f7-a9fb-d0add506ee27
12,-42053.48703970609,14,ZFM-04083,87ddbc18-7a81-49f7-a9fb-d0add506ee27
13,-42044.672031839975,15,ZFM-04083,87ddbc18-7a81-49f7-a9fb-d0add506ee27
14,-41993.98321473689,16,ZFM-04083,87ddbc18-7a81-49f7-a9fb-d0add506ee27
15,-41997.37609250976,17,ZFM-04083,87ddbc18-7a81-49f7-a9fb-d0add506ee27
16,-42055.489396098215,18,ZFM-04083,87ddbc18-7a81-49f7-a9fb-d0add506ee27
17,-42051.786182093165,19,ZFM-04083,87ddbc18-7a81-49f7-a9fb-d0add506ee27
18,-42223.51628683793,20,ZFM-04083,87ddbc18-7a81-49f7-a9fb-d0add506ee27
0,-84654.51946568585,2,ZFM-03323,77cb0293-f054-4488-b34e-65869853e20e
1,-83417.80218584952,3,ZFM-03323,77cb0293-f054-4488-b34e-65869853e20e
2,-81538.7940307238,4,ZFM-03323,77cb0293-f054-4488-b34e-65869853e20e
3,-80661.98470547349,5,ZFM-03323,77cb0293-f054-4488-b34e-65869853e20e
4,-80781.38579513037,6,ZFM-03323,77cb0293-f054-4488-b34e-65869853e20e
5,-80516.61509714948,7,ZFM-03323,77cb0293-f054-4488-b34e-65869853e20e
6,-80636.98214299194,8,ZFM-03323,77cb0293-f054-4488-b34e-65869853e20e
7,-79869.70537612026,9,ZFM-03323,77cb0293-f054-4488-b34e-65869853e20e
8,-79941.31425200487,10,ZFM-03323,77cb0293-f054-4488-b34e-65869853e20e
9,-79889.63174059073,11,ZFM-03323,77cb0293-f054-4488-b34e-65869853e20e
10,-79568.09089158266,12,ZFM-03323,77cb0293-f054-4488-b34e-65869853e20e
11,-80052.91791357877,13,ZFM-03323,77cb0293-f054-4488-b34e-65869853e20e
12,-79646.71635925923,14,ZFM-03323,77cb0293-f054-4488-b34e-65869853e20e
13,-79448.42129333771,15,ZFM-03323,77cb0293-f054-4488-b34e-65869853e20e
14,-79488.81172805472,16,ZFM-03323,77cb0293-f054-4488-b34e-65869853e20e
15,-79505.34575309948,17,ZFM-03323,77cb0293-f054-4488-b34e-65869853e20e
16,-79980.37659701167,18,ZFM-03323,77cb0293-f054-4488-b34e-65869853e20e
17,-80410.13134070377,19,ZFM-03323,77cb0293-f054-4488-b34e-65869853e20e
18,-79349.53063376206,20,ZFM-03323,77cb0293-f054-4488-b34e-65869853e20e
0,-4728.257636017002,2,ZFM-04301,be1223f2-398f-4fab-b128-582491dbbc8f
1,-4611.058931919773,3,ZFM-04301,be1223f2-398f-4fab-b128-582491dbbc8f
2,-4557.275655155668,4,ZFM-04301,be1223f2-398f-4fab-b128-582491dbbc8f
3,-4512.704760376822,5,ZFM-04301,be1223f2-398f-4fab-b128-582491dbbc8f
4,-4491.037036439632,6,ZFM-04301,be1223f2-398f-4fab-b128-582491dbbc8f
5,-4491.309621562044,7,ZFM-04301,be1223f2-398f-4fab-b128-582491dbbc8f
6,-4481.4441693351055,8,ZFM-04301,be1223f2-398f-4fab-b128-582491dbbc8f
7,-4488.7682801231795,9,ZFM-04301,be1223f2-398f-4fab-b128-582491dbbc8f
8,-4505.054438643689,10,ZFM-04301,be1223f2-398f-4fab-b128-582491dbbc8f
9,-4497.714765685825,11,ZFM-04301,be1223f2-398f-4fab-b128-582491dbbc8f
10,-4494.963655948455,12,ZFM-04301,be1223f2-398f-4fab-b128-582491dbbc8f
11,-4472.75138977172,13,ZFM-04301,be1223f2-398f-4fab-b128-582491dbbc8f
12,-4488.853356346175,14,ZFM-04301,be1223f2-398f-4fab-b128-582491dbbc8f
13,-4476.085016467928,15,ZFM-04301,be1223f2-398f-4fab-b128-582491dbbc8f
14,-4496.602608966088,16,ZFM-04301,be1223f2-398f-4fab-b128-582491dbbc8f
15,-4485.958487246672,17,ZFM-04301,be1223f2-398f-4fab-b128-582491dbbc8f
16,-4486.144104072201,18,ZFM-04301,be1223f2-398f-4fab-b128-582491dbbc8f
17,-4471.645977615559,19,ZFM-04301,be1223f2-398f-4fab-b128-582491dbbc8f
18,-4510.300533208009,20,ZFM-04301,be1223f2-398f-4fab-b128-582491dbbc8f
0,-27014.99970806975,2,ZFM-03321,25c481bf-47df-4a59-946c-60fdb4afbaba
1,-26514.075553363356,3,ZFM-03321,25c481bf-47df-4a59-946c-60fdb4afbaba
2,-26196.665479490974,4,ZFM-03321,25c481bf-47df-4a59-946c-60fdb4afbaba
3,-26142.060925357277,5,ZFM-03321,25c481bf-47df-4a59-946c-60fdb4afbaba
4,-26010.56999595182,6,ZFM-03321,25c481bf-47df-4a59-946c-60fdb4afbaba
5,-26083.07273170558,7,ZFM-03321,25c481bf-47df-4a59-946c-60fdb4afbaba
6,-25927.37100285473,8,ZFM-03321,25c481bf-47df-4a59-946c-60fdb4afbaba
7,-25925.453866179676,9,ZFM-03321,25c481bf-47df-4a59-946c-60fdb4afbaba
8,-25833.166351254255,10,ZFM-03321,25c481bf-47df-4a59-946c-60fdb4afbaba
9,-25880.7012512068,11,ZFM-03321,25c481bf-47df-4a59-946c-60fdb4afbaba
10,-25768.411861866767,12,ZFM-03321,25c481bf-47df-4a59-946c-60fdb4afbaba
11,-25764.287817997792,13,ZFM-03321,25c481bf-47df-4a59-946c-60fdb4afbaba
12,-25868.806151632736,14,ZFM-03321,25c481bf-47df-4a59-946c-60fdb4afbaba
13,-25683.468168970143,15,ZFM-03321,25c481bf-47df-4a59-946c-60fdb4afbaba
14,-25866.10038648786,16,ZFM-03321,25c481bf-47df-4a59-946c-60fdb4afbaba
15,-25903.381127365603,17,ZFM-03321,25c481bf-47df-4a59-946c-60fdb4afbaba
16,-25833.137559376202,18,ZFM-03321,25c481bf-47df-4a59-946c-60fdb4afbaba
17,-25783.763894697942,19,ZFM-03321,25c481bf-47df-4a59-946c-60fdb4afbaba
18,-25869.852137467427,20,ZFM-03321,25c481bf-47df-4a59-946c-60fdb4afbaba
0,-51095.3097039667,2,ZFM-04823,a72a6d2d-0038-4336-9faa-61781c91421e
1,-50423.59978370786,3,ZFM-04823,a72a6d2d-0038-4336-9faa-61781c91421e
2,-50138.36617816289,4,ZFM-04823,a72a6d2d-0038-4336-9faa-61781c91421e
3,-50031.27963462854,5,ZFM-04823,a72a6d2d-0038-4336-9faa-61781c91421e
4,-49885.103967826246,6,ZFM-04823,a72a6d2d-0038-4336-9faa-61781c91421e
5,-49801.214786303,7,ZFM-04823,a72a6d2d-0038-4336-9faa-61781c91421e
6,-49673.015161328345,8,ZFM-04823,a72a6d2d-0038-4336-9faa-61781c91421e
7,-49588.347063948495,9,ZFM-04823,a72a6d2d-0038-4336-9faa-61781c91421e
8,-49492.35080478109,10,ZFM-04823,a72a6d2d-0038-4336-9faa-61781c91421e
9,-49442.36288977343,11,ZFM-04823,a72a6d2d-0038-4336-9faa-61781c91421e
10,-49506.96596297887,12,ZFM-04823,a72a6d2d-0038-4336-9faa-61781c91421e
11,-49419.58410820208,13,ZFM-04823,a72a6d2d-0038-4336-9faa-61781c91421e
12,-49395.33285434382,14,ZFM-04823,a72a6d2d-0038-4336-9faa-61781c91421e
13,-49440.89133490384,15,ZFM-04823,a72a6d2d-0038-4336-9faa-61781c91421e
14,-49639.27323498704,16,ZFM-04823,a72a6d2d-0038-4336-9faa-61781c91421e
15,-49592.191643608036,17,ZFM-04823,a72a6d2d-0038-4336-9faa-61781c91421e
16,-49564.276598579636,18,ZFM-04823,a72a6d2d-0038-4336-9faa-61781c91421e
17,-49634.89055442254,19,ZFM-04823,a72a6d2d-0038-4336-9faa-61781c91421e
18,-49529.12826688296,20,ZFM-04823,a72a6d2d-0038-4336-9faa-61781c91421e
0,-1343.975709823551,2,ZFM-04122,09249aa4-006c-4aa9-b86a-215da86e1778
1,-1330.4334140122799,3,ZFM-04122,09249aa4-006c-4aa9-b86a-215da86e1778
2,-1324.7918384304407,4,ZFM-04122,09249aa4-006c-4aa9-b86a-215da86e1778
3,-1336.7797019930854,5,ZFM-04122,09249aa4-006c-4aa9-b86a-215da86e1778
4,-1313.4460342869527,6,ZFM-04122,09249aa4-006c-4aa9-b86a-215da86e1778
5,-1315.3076101798824,7,ZFM-04122,09249aa4-006c-4aa9-b86a-215da86e1778
6,-1285.3447651705123,8,ZFM-04122,09249aa4-006c-4aa9-b86a-215da86e1778
7,-1289.918275647129,9,ZFM-04122,09249aa4-006c-4aa9-b86a-215da86e1778
8,-1288.1578727611393,10,ZFM-04122,09249aa4-006c-4aa9-b86a-215da86e1778
9,-1284.5552504580583,11,ZFM-04122,09249aa4-006c-4aa9-b86a-215da86e1778
10,-1280.8516537508021,12,ZFM-04122,09249aa4-006c-4aa9-b86a-215da86e1778
11,-1273.7180833355096,13,ZFM-04122,09249aa4-006c-4aa9-b86a-215da86e1778
12,-1287.3522294145039,14,ZFM-04122,09249aa4-006c-4aa9-b86a-215da86e1778
13,-1283.3008869687435,15,ZFM-04122,09249aa4-006c-4aa9-b86a-215da86e1778
14,-1286.5795929865549,16,ZFM-04122,09249aa4-006c-4aa9-b86a-215da86e1778
15,-1274.889386208525,17,ZFM-04122,09249aa4-006c-4aa9-b86a-215da86e1778
16,-1290.836204521582,18,ZFM-04122,09249aa4-006c-4aa9-b86a-215da86e1778
17,-1288.2913774497392,19,ZFM-04122,09249aa4-006c-4aa9-b86a-215da86e1778
18,-1286.4717832289555,20,ZFM-04122,09249aa4-006c-4aa9-b86a-215da86e1778
0,-32343.917879672434,2,ZFM-03324,2040786c-773d-46e4-88dc-eb61beab2ef9
1,-30989.896767070397,3,ZFM-03324,2040786c-773d-46e4-88dc-eb61beab2ef9
2,-30573.513563556146,4,ZFM-03324,2040786c-773d-46e4-88dc-eb61beab2ef9
3,-30438.531157034588,5,ZFM-03324,2040786c-773d-46e4-88dc-eb61beab2ef9
4,-30094.952192392062,6,ZFM-03324,2040786c-773d-46e4-88dc-eb61beab2ef9
5,-30038.0158900046,7,ZFM-03324,2040786c-773d-46e4-88dc-eb61beab2ef9
6,-30012.35574389027,8,ZFM-03324,2040786c-773d-46e4-88dc-eb61beab2ef9
7,-29960.018003759404,9,ZFM-03324,2040786c-773d-46e4-88dc-eb61beab2ef9
8,-29888.85130028609,10,ZFM-03324,2040786c-773d-46e4-88dc-eb61beab2ef9
9,-29804.031805375016,11,ZFM-03324,2040786c-773d-46e4-88dc-eb61beab2ef9
10,-29935.042406347544,12,ZFM-03324,2040786c-773d-46e4-88dc-eb61beab2ef9
11,-30004.799180221842,13,ZFM-03324,2040786c-773d-46e4-88dc-eb61beab2ef9
12,-29855.612017446434,14,ZFM-03324,2040786c-773d-46e4-88dc-eb61beab2ef9
13,-29815.192938880064,15,ZFM-03324,2040786c-773d-46e4-88dc-eb61beab2ef9
14,-29886.333180296217,16,ZFM-03324,2040786c-773d-46e4-88dc-eb61beab2ef9
15,-29822.030840573214,17,ZFM-03324,2040786c-773d-46e4-88dc-eb61beab2ef9
16,-29983.006443512924,18,ZFM-03324,2040786c-773d-46e4-88dc-eb61beab2ef9
17,-29852.78215193485,19,ZFM-03324,2040786c-773d-46e4-88dc-eb61beab2ef9
18,-30078.521472591798,20,ZFM-03324,2040786c-773d-46e4-88dc-eb61beab2ef9
0,-6895.58957351098,2,ZFM-03324,7fa93f93-4c54-48bf-a4b2-4ef35134c5a3
1,-6893.921050988514,3,ZFM-03324,7fa93f93-4c54-48bf-a4b2-4ef35134c5a3
2,-6814.795390374258,4,ZFM-03324,7fa93f93-4c54-48bf-a4b2-4ef35134c5a3
3,-6789.928328582495,5,ZFM-03324,7fa93f93-4c54-48bf-a4b2-4ef35134c5a3
4,-6729.965843986352,6,ZFM-03324,7fa93f93-4c54-48bf-a4b2-4ef35134c5a3
5,-6696.247271393109,7,ZFM-03324,7fa93f93-4c54-48bf-a4b2-4ef35134c5a3
6,-6683.864353685004,8,ZFM-03324,7fa93f93-4c54-48bf-a4b2-4ef35134c5a3
7,-6656.549896097229,9,ZFM-03324,7fa93f93-4c54-48bf-a4b2-4ef35134c5a3
8,-6700.8738709639365,10,ZFM-03324,7fa93f93-4c54-48bf-a4b2-4ef35134c5a3
9,-6644.907693137587,11,ZFM-03324,7fa93f93-4c54-48bf-a4b2-4ef35134c5a3
10,-6638.150307690827,12,ZFM-03324,7fa93f93-4c54-48bf-a4b2-4ef35134c5a3
11,-6617.407940084882,13,ZFM-03324,7fa93f93-4c54-48bf-a4b2-4ef35134c5a3
12,-6652.87296360859,14,ZFM-03324,7fa93f93-4c54-48bf-a4b2-4ef35134c5a3
13,-6603.747935765798,15,ZFM-03324,7fa93f93-4c54-48bf-a4b2-4ef35134c5a3
14,-6628.493007393351,16,ZFM-03324,7fa93f93-4c54-48bf-a4b2-4ef35134c5a3
15,-6658.43327021501,17,ZFM-03324,7fa93f93-4c54-48bf-a4b2-4ef35134c5a3
16,-6593.305002367102,18,ZFM-03324,7fa93f93-4c54-48bf-a4b2-4ef35134c5a3
17,-6650.172883376171,19,ZFM-03324,7fa93f93-4c54-48bf-a4b2-4ef35134c5a3
18,-6676.7463393819435,20,ZFM-03324,7fa93f93-4c54-48bf-a4b2-4ef35134c5a3
0,-29439.4078295348,2,ZFM-02600,eead949d-45e5-46ae-9b1d-646b280b4ecf
1,-29099.94426869163,3,ZFM-02600,eead949d-45e5-46ae-9b1d-646b280b4ecf
2,-28740.704676684967,4,ZFM-02600,eead949d-45e5-46ae-9b1d-646b280b4ecf
3,-28520.67255136168,5,ZFM-02600,eead949d-45e5-46ae-9b1d-646b280b4ecf
4,-28551.338570884567,6,ZFM-02600,eead949d-45e5-46ae-9b1d-646b280b4ecf
5,-28415.330153451534,7,ZFM-02600,eead949d-45e5-46ae-9b1d-646b280b4ecf
6,-28324.987561846698,8,ZFM-02600,eead949d-45e5-46ae-9b1d-646b280b4ecf
7,-28314.522531067614,9,ZFM-02600,eead949d-45e5-46ae-9b1d-646b280b4ecf
8,-28270.71394907192,10,ZFM-02600,eead949d-45e5-46ae-9b1d-646b280b4ecf
9,-28255.99249268258,11,ZFM-02600,eead949d-45e5-46ae-9b1d-646b280b4ecf
10,-28165.057086798162,12,ZFM-02600,eead949d-45e5-46ae-9b1d-646b280b4ecf
11,-28098.268474413308,13,ZFM-02600,eead949d-45e5-46ae-9b1d-646b280b4ecf
12,-28107.18275498564,14,ZFM-02600,eead949d-45e5-46ae-9b1d-646b280b4ecf
13,-28223.05845816947,15,ZFM-02600,eead949d-45e5-46ae-9b1d-646b280b4ecf
14,-28246.58176727718,16,ZFM-02600,eead949d-45e5-46ae-9b1d-646b280b4ecf
15,-28371.25742738913,17,ZFM-02600,eead949d-45e5-46ae-9b1d-646b280b4ecf
16,-28030.559658326452,18,ZFM-02600,eead949d-45e5-46ae-9b1d-646b280b4ecf
17,-28216.258184720915,19,ZFM-02600,eead949d-45e5-46ae-9b1d-646b280b4ecf
18,-28211.89288350795,20,ZFM-02600,eead949d-45e5-46ae-9b1d-646b280b4ecf
0,-11018.851822189847,2,ZFM-04300,3ac05dd2-a294-4939-a837-93fe5ca543b6
1,-10924.559443736285,3,ZFM-04300,3ac05dd2-a294-4939-a837-93fe5ca543b6
2,-10889.194908880552,4,ZFM-04300,3ac05dd2-a294-4939-a837-93fe5ca543b6
3,-10824.050557656556,5,ZFM-04300,3ac05dd2-a294-4939-a837-93fe5ca543b6
4,-10780.291762782843,6,ZFM-04300,3ac05dd2-a294-4939-a837-93fe5ca543b6
5,-10765.91333105232,7,ZFM-04300,3ac05dd2-a294-4939-a837-93fe5ca543b6
6,-10675.504831145447,8,ZFM-04300,3ac05dd2-a294-4939-a837-93fe5ca543b6
7,-10703.606505792908,9,ZFM-04300,3ac05dd2-a294-4939-a837-93fe5ca543b6
8,-10656.800105212074,10,ZFM-04300,3ac05dd2-a294-4939-a837-93fe5ca543b6
9,-10677.743313621417,11,ZFM-04300,3ac05dd2-a294-4939-a837-93fe5ca543b6
10,-10639.89348255802,12,ZFM-04300,3ac05dd2-a294-4939-a837-93fe5ca543b6
11,-10652.236250498256,13,ZFM-04300,3ac05dd2-a294-4939-a837-93fe5ca543b6
12,-10682.18497204031,14,ZFM-04300,3ac05dd2-a294-4939-a837-93fe5ca543b6
13,-10590.191041193388,15,ZFM-04300,3ac05dd2-a294-4939-a837-93fe5ca543b6
14,-10594.525689415841,16,ZFM-04300,3ac05dd2-a294-4939-a837-93fe5ca543b6
15,-10640.890177207,17,ZFM-04300,3ac05dd2-a294-4939-a837-93fe5ca543b6
16,-10703.251197862379,18,ZFM-04300,3ac05dd2-a294-4939-a837-93fe5ca543b6
17,-10614.720733394606,19,ZFM-04300,3ac05dd2-a294-4939-a837-93fe5ca543b6
18,-10633.030037975695,20,ZFM-04300,3ac05dd2-a294-4939-a837-93fe5ca543b6
0,-55459.72917670817,2,ZFM-03331,1b1c4658-050c-447f-a08b-28f668bec84f
1,-54961.63923539063,3,ZFM-03331,1b1c4658-050c-447f-a08b-28f668bec84f
2,-54731.74537533005,4,ZFM-03331,1b1c4658-050c-447f-a08b-28f668bec84f
3,-54216.80838079688,5,ZFM-03331,1b1c4658-050c-447f-a08b-28f668bec84f
4,-53975.22487206009,6,ZFM-03331,1b1c4658-050c-447f-a08b-28f668bec84f
5,-53866.574847382675,7,ZFM-03331,1b1c4658-050c-447f-a08b-28f668bec84f
6,-53800.535869993495,8,ZFM-03331,1b1c4658-050c-447f-a08b-28f668bec84f
7,-53743.516149922696,9,ZFM-03331,1b1c4658-050c-447f-a08b-28f668bec84f
8,-53493.47733452192,10,ZFM-03331,1b1c4658-050c-447f-a08b-28f668bec84f
9,-53497.25477724248,11,ZFM-03331,1b1c4658-050c-447f-a08b-28f668bec84f
10,-53279.608670186746,12,ZFM-03331,1b1c4658-050c-447f-a08b-28f668bec84f
11,-53450.37494865176,13,ZFM-03331,1b1c4658-050c-447f-a08b-28f668bec84f
12,-53325.551662173915,14,ZFM-03331,1b1c4658-050c-447f-a08b-28f668bec84f
13,-53350.50162903695,15,ZFM-03331,1b1c4658-050c-447f-a08b-28f668bec84f
14,-53329.52257396333,16,ZFM-03331,1b1c4658-050c-447f-a08b-28f668bec84f
15,-53285.47789954697,17,ZFM-03331,1b1c4658-050c-447f-a08b-28f668bec84f
16,-53198.893912726155,18,ZFM-03331,1b1c4658-050c-447f-a08b-28f668bec84f
17,-53368.17314303316,19,ZFM-03331,1b1c4658-050c-447f-a08b-28f668bec84f
18,-53203.67434563328,20,ZFM-03331,1b1c4658-050c-447f-a08b-28f668bec84f
0,-37408.52676758146,2,ZFM-03331,adb05d2d-4aad-43a2-8465-f0f0f5ef85f6
1,-37211.778628074135,3,ZFM-03331,adb05d2d-4aad-43a2-8465-f0f0f5ef85f6
2,-36935.431580372075,4,ZFM-03331,adb05d2d-4aad-43a2-8465-f0f0f5ef85f6
3,-36917.52848422696,5,ZFM-03331,adb05d2d-4aad-43a2-8465-f0f0f5ef85f6
4,-36525.23179214892,6,ZFM-03331,adb05d2d-4aad-43a2-8465-f0f0f5ef85f6
5,-36469.17286626929,7,ZFM-03331,adb05d2d-4aad-43a2-8465-f0f0f5ef85f6
6,-36538.87811423823,8,ZFM-03331,adb05d2d-4aad-43a2-8465-f0f0f5ef85f6
7,-36467.163088222616,9,ZFM-03331,adb05d2d-4aad-43a2-8465-f0f0f5ef85f6
8,-36395.521821478564,10,ZFM-03331,adb05d2d-4aad-43a2-8465-f0f0f5ef85f6
9,-36388.97895332504,11,ZFM-03331,adb05d2d-4aad-43a2-8465-f0f0f5ef85f6
10,-36259.58777234766,12,ZFM-03331,adb05d2d-4aad-43a2-8465-f0f0f5ef85f6
11,-36282.02177084247,13,ZFM-03331,adb05d2d-4aad-43a2-8465-f0f0f5ef85f6
12,-36231.4498154192,14,ZFM-03331,adb05d2d-4aad-43a2-8465-f0f0f5ef85f6
13,-36258.43139550785,15,ZFM-03331,adb05d2d-4aad-43a2-8465-f0f0f5ef85f6
14,-36100.44193110801,16,ZFM-03331,adb05d2d-4aad-43a2-8465-f0f0f5ef85f6
15,-36406.98652160847,17,ZFM-03331,adb05d2d-4aad-43a2-8465-f0f0f5ef85f6
16,-36026.112522605894,18,ZFM-03331,adb05d2d-4aad-43a2-8465-f0f0f5ef85f6
17,-36158.28831488095,19,ZFM-03331,adb05d2d-4aad-43a2-8465-f0f0f5ef85f6
18,-35978.27822995216,20,ZFM-03331,adb05d2d-4aad-43a2-8465-f0f0f5ef85f6
0,-35779.07071455496,2,ZFM-04301,be033cc4-7153-4dbd-81cb-b68b4d38a237
1,-35602.726254776324,3,ZFM-04301,be033cc4-7153-4dbd-81cb-b68b4d38a237
2,-35406.819609014,4,ZFM-04301,be033cc4-7153-4dbd-81cb-b68b4d38a237
3,-35233.97355764743,5,ZFM-04301,be033cc4-7153-4dbd-81cb-b68b4d38a237
4,-35164.46815612005,6,ZFM-04301,be033cc4-7153-4dbd-81cb-b68b4d38a237
5,-35141.500463264965,7,ZFM-04301,be033cc4-7153-4dbd-81cb-b68b4d38a237
6,-35109.14923545779,8,ZFM-04301,be033cc4-7153-4dbd-81cb-b68b4d38a237
7,-35007.69361688821,9,ZFM-04301,be033cc4-7153-4dbd-81cb-b68b4d38a237
8,-35059.31365255172,10,ZFM-04301,be033cc4-7153-4dbd-81cb-b68b4d38a237
9,-34958.85968073681,11,ZFM-04301,be033cc4-7153-4dbd-81cb-b68b4d38a237
10,-35028.43134796062,12,ZFM-04301,be033cc4-7153-4dbd-81cb-b68b4d38a237
11,-34987.026471176694,13,ZFM-04301,be033cc4-7153-4dbd-81cb-b68b4d38a237
12,-35097.00354030454,14,ZFM-04301,be033cc4-7153-4dbd-81cb-b68b4d38a237
13,-34898.86291224799,15,ZFM-04301,be033cc4-7153-4dbd-81cb-b68b4d38a237
14,-34907.561930111326,16,ZFM-04301,be033cc4-7153-4dbd-81cb-b68b4d38a237
15,-35026.28394401827,17,ZFM-04301,be033cc4-7153-4dbd-81cb-b68b4d38a237
16,-34992.08672857059,18,ZFM-04301,be033cc4-7153-4dbd-81cb-b68b4d38a237
17,-34965.009695661574,19,ZFM-04301,be033cc4-7153-4dbd-81cb-b68b4d38a237
18,-34993.28144390347,20,ZFM-04301,be033cc4-7153-4dbd-81cb-b68b4d38a237
0,-25165.15201059081,2,ZFM-04080,c941ee0a-5552-4a96-9464-f57c95c7837c
1,-24566.08861114653,3,ZFM-04080,c941ee0a-5552-4a96-9464-f57c95c7837c
2,-24198.80560866669,4,ZFM-04080,c941ee0a-5552-4a96-9464-f57c95c7837c
3,-24056.826889335905,5,ZFM-04080,c941ee0a-5552-4a96-9464-f57c95c7837c
4,-23990.553245063486,6,ZFM-04080,c941ee0a-5552-4a96-9464-f57c95c7837c
5,-24034.55488240681,7,ZFM-04080,c941ee0a-5552-4a96-9464-f57c95c7837c
6,-23922.008156180807,8,ZFM-04080,c941ee0a-5552-4a96-9464-f57c95c7837c
7,-23750.200008634743,9,ZFM-04080,c941ee0a-5552-4a96-9464-f57c95c7837c
8,-23808.330568885765,10,ZFM-04080,c941ee0a-5552-4a96-9464-f57c95c7837c
9,-23699.50982703481,11,ZFM-04080,c941ee0a-5552-4a96-9464-f57c95c7837c
10,-23774.370260860895,12,ZFM-04080,c941ee0a-5552-4a96-9464-f57c95c7837c
11,-23797.656307307367,13,ZFM-04080,c941ee0a-5552-4a96-9464-f57c95c7837c
12,-23656.315676554987,14,ZFM-04080,c941ee0a-5552-4a96-9464-f57c95c7837c
13,-23567.72855993898,15,ZFM-04080,c941ee0a-5552-4a96-9464-f57c95c7837c
14,-23701.277765501705,16,ZFM-04080,c941ee0a-5552-4a96-9464-f57c95c7837c
15,-23660.73802316913,17,ZFM-04080,c941ee0a-5552-4a96-9464-f57c95c7837c
16,-23724.032414822657,18,ZFM-04080,c941ee0a-5552-4a96-9464-f57c95c7837c
17,-23646.24773060453,19,ZFM-04080,c941ee0a-5552-4a96-9464-f57c95c7837c
18,-23736.951785183937,20,ZFM-04080,c941ee0a-5552-4a96-9464-f57c95c7837c
0,-26337.55324731834,2,ZFM-03329,d8866f7d-7c34-4592-a042-316b17bfbb19
1,-26135.708046076317,3,ZFM-03329,d8866f7d-7c34-4592-a042-316b17bfbb19
2,-25583.03814146843,4,ZFM-03329,d8866f7d-7c34-4592-a042-316b17bfbb19
3,-25388.071635993474,5,ZFM-03329,d8866f7d-7c34-4592-a042-316b17bfbb19
4,-25304.090241107675,6,ZFM-03329,d8866f7d-7c34-4592-a042-316b17bfbb19
5,-25205.607890446587,7,ZFM-03329,d8866f7d-7c34-4592-a042-316b17bfbb19
6,-25148.83342977327,8,ZFM-03329,d8866f7d-7c34-4592-a042-316b17bfbb19
7,-25110.2134053776,9,ZFM-03329,d8866f7d-7c34-4592-a042-316b17bfbb19
8,-25048.676446657446,10,ZFM-03329,d8866f7d-7c34-4592-a042-316b17bfbb19
9,-25236.519467134087,11,ZFM-03329,d8866f7d-7c34-4592-a042-316b17bfbb19
10,-25002.788309527066,12,ZFM-03329,d8866f7d-7c34-4592-a042-316b17bfbb19
11,-25037.524673334126,13,ZFM-03329,d8866f7d-7c34-4592-a042-316b17bfbb19
12,-25014.168426640368,14,ZFM-03329,d8866f7d-7c34-4592-a042-316b17bfbb19
13,-24972.009200382647,15,ZFM-03329,d8866f7d-7c34-4592-a042-316b17bfbb19
14,-24915.957380370528,16,ZFM-03329,d8866f7d-7c34-4592-a042-316b17bfbb19
15,-24967.659811048972,17,ZFM-03329,d8866f7d-7c34-4592-a042-316b17bfbb19
16,-24928.5755863406,18,ZFM-03329,d8866f7d-7c34-4592-a042-316b17bfbb19
17,-24964.28287225722,19,ZFM-03329,d8866f7d-7c34-4592-a042-316b17bfbb19
18,-24863.19360711451,20,ZFM-03329,d8866f7d-7c34-4592-a042-316b17bfbb19
0,-20753.300118073697,2,ZFM-03330,f07d1d05-72a9-4599-8970-bce441c9d21c
1,-20486.754403689603,3,ZFM-03330,f07d1d05-72a9-4599-8970-bce441c9d21c
2,-20391.808050765623,4,ZFM-03330,f07d1d05-72a9-4599-8970-bce441c9d21c
3,-20223.44037276894,5,ZFM-03330,f07d1d05-72a9-4599-8970-bce441c9d21c
4,-20190.302044322572,6,ZFM-03330,f07d1d05-72a9-4599-8970-bce441c9d21c
5,-20127.66768850947,7,ZFM-03330,f07d1d05-72a9-4599-8970-bce441c9d21c
6,-20092.343351055966,8,ZFM-03330,f07d1d05-72a9-4599-8970-bce441c9d21c
7,-20087.65722259998,9,ZFM-03330,f07d1d05-72a9-4599-8970-bce441c9d21c
8,-20123.639924296695,10,ZFM-03330,f07d1d05-72a9-4599-8970-bce441c9d21c
9,-20022.948907237645,11,ZFM-03330,f07d1d05-72a9-4599-8970-bce441c9d21c
10,-20043.06198875283,12,ZFM-03330,f07d1d05-72a9-4599-8970-bce441c9d21c
11,-20042.21117748653,13,ZFM-03330,f07d1d05-72a9-4599-8970-bce441c9d21c
12,-20001.203063110253,14,ZFM-03330,f07d1d05-72a9-4599-8970-bce441c9d21c
13,-19986.383867150813,15,ZFM-03330,f07d1d05-72a9-4599-8970-bce441c9d21c
14,-20055.94440206082,16,ZFM-03330,f07d1d05-72a9-4599-8970-bce441c9d21c
15,-19986.483126221512,17,ZFM-03330,f07d1d05-72a9-4599-8970-bce441c9d21c
16,-19963.586864084573,18,ZFM-03330,f07d1d05-72a9-4599-8970-bce441c9d21c
17,-19909.1205116768,19,ZFM-03330,f07d1d05-72a9-4599-8970-bce441c9d21c
18,-19974.807956948855,20,ZFM-03330,f07d1d05-72a9-4599-8970-bce441c9d21c
0,-40358.34875677298,2,ZFM-04301,4c382977-acc0-45cd-8f8e-800182ca9395
1,-40037.155648740096,3,ZFM-04301,4c382977-acc0-45cd-8f8e-800182ca9395
2,-39948.650182531775,4,ZFM-04301,4c382977-acc0-45cd-8f8e-800182ca9395
3,-39970.32779856972,5,ZFM-04301,4c382977-acc0-45cd-8f8e-800182ca9395
4,-39699.01979476269,6,ZFM-04301,4c382977-acc0-45cd-8f8e-800182ca9395
5,-39625.015074829746,7,ZFM-04301,4c382977-acc0-45cd-8f8e-800182ca9395
6,-39684.604346656175,8,ZFM-04301,4c382977-acc0-45cd-8f8e-800182ca9395
7,-39536.12053809001,9,ZFM-04301,4c382977-acc0-45cd-8f8e-800182ca9395
8,-39565.75612133031,10,ZFM-04301,4c382977-acc0-45cd-8f8e-800182ca9395
9,-39535.75430742928,11,ZFM-04301,4c382977-acc0-45cd-8f8e-800182ca9395
10,-39568.34000250837,12,ZFM-04301,4c382977-acc0-45cd-8f8e-800182ca9395
11,-39608.99664768894,13,ZFM-04301,4c382977-acc0-45cd-8f8e-800182ca9395
12,-39606.46204229575,14,ZFM-04301,4c382977-acc0-45cd-8f8e-800182ca9395
13,-39578.553696653675,15,ZFM-04301,4c382977-acc0-45cd-8f8e-800182ca9395
14,-39426.41432644188,16,ZFM-04301,4c382977-acc0-45cd-8f8e-800182ca9395
15,-39554.57284415183,17,ZFM-04301,4c382977-acc0-45cd-8f8e-800182ca9395
16,-39491.931748428884,18,ZFM-04301,4c382977-acc0-45cd-8f8e-800182ca9395
17,-39670.913300329834,19,ZFM-04301,4c382977-acc0-45cd-8f8e-800182ca9395
18,-39561.72785623203,20,ZFM-04301,4c382977-acc0-45cd-8f8e-800182ca9395
