time,state_incr,state_decr,subject,pid,region
-0.95,0.034,-0.043999999999999984,ZFM-04811,0bdd7931-661f-452a-903f-6467a0661499,Midbrain
-0.8500000000000001,0.014000000000000012,0.016000000000000014,ZFM-04811,0bdd7931-661f-452a-903f-6467a0661499,Midbrain
-0.75,-0.0059999999999999915,0.03600000000000003,ZFM-04811,0bdd7931-661f-452a-903f-6467a0661499,Midbrain
-0.6500000000000001,-0.0059999999999999915,-0.0040000000000000036,ZFM-04811,0bdd7931-661f-452a-903f-6467a0661499,Midbrain
-0.55,-0.0059999999999999915,-0.023999999999999966,ZFM-04811,0bdd7931-661f-452a-903f-6467a0661499,Midbrain
-0.45,-0.0059999999999999915,0.055999999999999994,ZFM-04811,0bdd7931-661f-452a-903f-6467a0661499,Midbrain
-0.35000000000000003,-0.025999999999999995,0.016000000000000014,ZFM-04811,0bdd7931-661f-452a-903f-6467a0661499,Midbrain
-0.25,-0.0059999999999999915,-0.023999999999999966,ZFM-04811,0bdd7931-661f-452a-903f-6467a0661499,Midbrain
-0.15000000000000002,0.014000000000000012,0.03600000000000003,ZFM-04811,0bdd7931-661f-452a-903f-6467a0661499,Midbrain
-0.05,-0.0059999999999999915,-0.064,ZFM-04811,0bdd7931-661f-452a-903f-6467a0661499,Midbrain
0.05,-0.0059999999999999915,-0.064,ZFM-04811,0bdd7931-661f-452a-903f-6467a0661499,Midbrain
0.15000000000000002,0.034,-0.08399999999999999,ZFM-04811,0bdd7931-661f-452a-903f-6467a0661499,Midbrain
0.25,0.094,-0.10399999999999998,ZFM-04811,0bdd7931-661f-452a-903f-6467a0661499,Midbrain
0.35000000000000003,0.11400000000000002,-0.023999999999999966,ZFM-04811,0bdd7931-661f-452a-903f-6467a0661499,Midbrain
0.45,0.034,-0.0040000000000000036,ZFM-04811,0bdd7931-661f-452a-903f-6467a0661499,Midbrain
0.55,-0.025999999999999995,-0.10399999999999998,ZFM-04811,0bdd7931-661f-452a-903f-6467a0661499,Midbrain
0.6500000000000001,-0.025999999999999995,-0.023999999999999966,ZFM-04811,0bdd7931-661f-452a-903f-6467a0661499,Midbrain
0.75,-0.0059999999999999915,-0.0040000000000000036,ZFM-04811,0bdd7931-661f-452a-903f-6467a0661499,Midbrain
0.8500000000000001,0.014000000000000012,0.03600000000000003,ZFM-04811,0bdd7931-661f-452a-903f-6467a0661499,Midbrain
0.95,0.014000000000000012,-0.023999999999999966,ZFM-04811,0bdd7931-661f-452a-903f-6467a0661499,Midbrain
1.05,0.014000000000000012,-0.043999999999999984,ZFM-04811,0bdd7931-661f-452a-903f-6467a0661499,Midbrain
1.1500000000000001,0.034,-0.043999999999999984,ZFM-04811,0bdd7931-661f-452a-903f-6467a0661499,Midbrain
1.25,0.05400000000000002,0.03600000000000003,ZFM-04811,0bdd7931-661f-452a-903f-6467a0661499,Midbrain
1.35,0.014000000000000012,0.055999999999999994,ZFM-04811,0bdd7931-661f-452a-903f-6467a0661499,Midbrain
1.4500000000000002,-0.06599999999999999,0.07600000000000001,ZFM-04811,0bdd7931-661f-452a-903f-6467a0661499,Midbrain
1.55,-0.06599999999999999,0.11599999999999999,ZFM-04811,0bdd7931-661f-452a-903f-6467a0661499,Midbrain
1.6500000000000001,-0.06599999999999999,0.055999999999999994,ZFM-04811,0bdd7931-661f-452a-903f-6467a0661499,Midbrain
1.75,-0.04599999999999999,0.016000000000000014,ZFM-04811,0bdd7931-661f-452a-903f-6467a0661499,Midbrain
1.85,-0.025999999999999995,-0.0040000000000000036,ZFM-04811,0bdd7931-661f-452a-903f-6467a0661499,Midbrain
1.9500000000000002,-0.025999999999999995,0.055999999999999994,ZFM-04811,0bdd7931-661f-452a-903f-6467a0661499,Midbrain
2.05,-0.04599999999999999,0.055999999999999994,ZFM-04811,0bdd7931-661f-452a-903f-6467a0661499,Midbrain
2.1500000000000004,-0.0059999999999999915,-0.0040000000000000036,ZFM-04811,0bdd7931-661f-452a-903f-6467a0661499,Midbrain
2.25,-0.0059999999999999915,-0.023999999999999966,ZFM-04811,0bdd7931-661f-452a-903f-6467a0661499,Midbrain
2.3500000000000005,0.034,0.016000000000000014,ZFM-04811,0bdd7931-661f-452a-903f-6467a0661499,Midbrain
2.45,0.014000000000000012,-0.023999999999999966,ZFM-04811,0bdd7931-661f-452a-903f-6467a0661499,Midbrain
2.55,0.014000000000000012,0.03600000000000003,ZFM-04811,0bdd7931-661f-452a-903f-6467a0661499,Midbrain
2.6500000000000004,-0.025999999999999995,0.016000000000000014,ZFM-04811,0bdd7931-661f-452a-903f-6467a0661499,Midbrain
2.75,-0.0059999999999999915,0.055999999999999994,ZFM-04811,0bdd7931-661f-452a-903f-6467a0661499,Midbrain
2.8500000000000005,-0.025999999999999995,-0.023999999999999966,ZFM-04811,0bdd7931-661f-452a-903f-6467a0661499,Midbrain
2.95,-0.04599999999999999,-0.023999999999999966,ZFM-04811,0bdd7931-661f-452a-903f-6467a0661499,Midbrain
3.05,-0.025999999999999995,0.09600000000000003,ZFM-04811,0bdd7931-661f-452a-903f-6467a0661499,Midbrain
3.1500000000000004,-0.025999999999999995,0.07600000000000001,ZFM-04811,0bdd7931-661f-452a-903f-6467a0661499,Midbrain
3.25,-0.025999999999999995,0.055999999999999994,ZFM-04811,0bdd7931-661f-452a-903f-6467a0661499,Midbrain
3.3500000000000005,0.014000000000000012,0.03600000000000003,ZFM-04811,0bdd7931-661f-452a-903f-6467a0661499,Midbrain
3.45,-0.0059999999999999915,0.03600000000000003,ZFM-04811,0bdd7931-661f-452a-903f-6467a0661499,Midbrain
3.55,-0.0059999999999999915,0.03600000000000003,ZFM-04811,0bdd7931-661f-452a-903f-6467a0661499,Midbrain
3.6500000000000004,-0.06599999999999999,-0.0040000000000000036,ZFM-04811,0bdd7931-661f-452a-903f-6467a0661499,Midbrain
3.75,-0.04599999999999999,0.03600000000000003,ZFM-04811,0bdd7931-661f-452a-903f-6467a0661499,Midbrain
3.8500000000000005,-0.086,0.03600000000000003,ZFM-04811,0bdd7931-661f-452a-903f-6467a0661499,Midbrain
3.95,-0.06599999999999999,0.016000000000000014,ZFM-04811,0bdd7931-661f-452a-903f-6467a0661499,Midbrain
-0.95,-0.0040000000000000036,0.06399999999999997,ZFM-04811,b7de18f4-31d4-4ec5-94ed-8303e9d17dcd,Frontal
-0.8500000000000001,0.036000000000000004,0.06399999999999997,ZFM-04811,b7de18f4-31d4-4ec5-94ed-8303e9d17dcd,Frontal
-0.75,-0.0040000000000000036,0.043999999999999956,ZFM-04811,b7de18f4-31d4-4ec5-94ed-8303e9d17dcd,Frontal
-0.6500000000000001,0.055999999999999994,-0.03600000000000003,ZFM-04811,b7de18f4-31d4-4ec5-94ed-8303e9d17dcd,Frontal
-0.55,0.07600000000000001,-0.07600000000000004,ZFM-04811,b7de18f4-31d4-4ec5-94ed-8303e9d17dcd,Frontal
-0.45,-0.124,-0.03600000000000003,ZFM-04811,b7de18f4-31d4-4ec5-94ed-8303e9d17dcd,Frontal
-0.35000000000000003,-0.064,0.043999999999999956,ZFM-04811,b7de18f4-31d4-4ec5-94ed-8303e9d17dcd,Frontal
-0.25,-0.023999999999999994,0.023999999999999966,ZFM-04811,b7de18f4-31d4-4ec5-94ed-8303e9d17dcd,Frontal
-0.15000000000000002,0.055999999999999994,-0.03600000000000003,ZFM-04811,b7de18f4-31d4-4ec5-94ed-8303e9d17dcd,Frontal
-0.05,-0.0040000000000000036,-0.056000000000000036,ZFM-04811,b7de18f4-31d4-4ec5-94ed-8303e9d17dcd,Frontal
0.05,0.055999999999999994,-0.056000000000000036,ZFM-04811,b7de18f4-31d4-4ec5-94ed-8303e9d17dcd,Frontal
0.15000000000000002,0.016000000000000014,-0.07600000000000004,ZFM-04811,b7de18f4-31d4-4ec5-94ed-8303e9d17dcd,Frontal
0.25,0.036000000000000004,-0.03600000000000003,ZFM-04811,b7de18f4-31d4-4ec5-94ed-8303e9d17dcd,Frontal
0.35000000000000003,-0.124,-0.016000000000000042,ZFM-04811,b7de18f4-31d4-4ec5-94ed-8303e9d17dcd,Frontal
0.45,-0.064,-0.03600000000000003,ZFM-04811,b7de18f4-31d4-4ec5-94ed-8303e9d17dcd,Frontal
0.55,0.07600000000000001,-0.03600000000000003,ZFM-04811,b7de18f4-31d4-4ec5-94ed-8303e9d17dcd,Frontal
0.6500000000000001,0.176,-0.07600000000000004,ZFM-04811,b7de18f4-31d4-4ec5-94ed-8303e9d17dcd,Frontal
0.75,-0.0040000000000000036,-0.056000000000000036,ZFM-04811,b7de18f4-31d4-4ec5-94ed-8303e9d17dcd,Frontal
0.8500000000000001,-0.064,-0.056000000000000036,ZFM-04811,b7de18f4-31d4-4ec5-94ed-8303e9d17dcd,Frontal
0.95,0.036000000000000004,-0.056000000000000036,ZFM-04811,b7de18f4-31d4-4ec5-94ed-8303e9d17dcd,Frontal
1.05,0.016000000000000014,-0.056000000000000036,ZFM-04811,b7de18f4-31d4-4ec5-94ed-8303e9d17dcd,Frontal
1.1500000000000001,0.016000000000000014,-0.07600000000000004,ZFM-04811,b7de18f4-31d4-4ec5-94ed-8303e9d17dcd,Frontal
1.25,0.036000000000000004,-0.016000000000000042,ZFM-04811,b7de18f4-31d4-4ec5-94ed-8303e9d17dcd,Frontal
1.35,0.055999999999999994,-0.03600000000000003,ZFM-04811,b7de18f4-31d4-4ec5-94ed-8303e9d17dcd,Frontal
1.4500000000000002,0.055999999999999994,-0.09600000000000003,ZFM-04811,b7de18f4-31d4-4ec5-94ed-8303e9d17dcd,Frontal
1.55,0.016000000000000014,-0.07600000000000004,ZFM-04811,b7de18f4-31d4-4ec5-94ed-8303e9d17dcd,Frontal
1.6500000000000001,0.136,-0.056000000000000036,ZFM-04811,b7de18f4-31d4-4ec5-94ed-8303e9d17dcd,Frontal
1.75,0.036000000000000004,-0.03600000000000003,ZFM-04811,b7de18f4-31d4-4ec5-94ed-8303e9d17dcd,Frontal
1.85,-0.0040000000000000036,-0.07600000000000004,ZFM-04811,b7de18f4-31d4-4ec5-94ed-8303e9d17dcd,Frontal
1.9500000000000002,0.09600000000000003,-0.09600000000000003,ZFM-04811,b7de18f4-31d4-4ec5-94ed-8303e9d17dcd,Frontal
2.05,-0.0040000000000000036,-0.09600000000000003,ZFM-04811,b7de18f4-31d4-4ec5-94ed-8303e9d17dcd,Frontal
2.1500000000000004,0.07600000000000001,-0.056000000000000036,ZFM-04811,b7de18f4-31d4-4ec5-94ed-8303e9d17dcd,Frontal
2.25,-0.064,-0.016000000000000042,ZFM-04811,b7de18f4-31d4-4ec5-94ed-8303e9d17dcd,Frontal
2.3500000000000005,-0.043999999999999984,-0.016000000000000042,ZFM-04811,b7de18f4-31d4-4ec5-94ed-8303e9d17dcd,Frontal
2.45,-0.023999999999999994,-0.016000000000000042,ZFM-04811,b7de18f4-31d4-4ec5-94ed-8303e9d17dcd,Frontal
2.55,0.036000000000000004,-0.07600000000000004,ZFM-04811,b7de18f4-31d4-4ec5-94ed-8303e9d17dcd,Frontal
2.6500000000000004,0.09600000000000003,-0.056000000000000036,ZFM-04811,b7de18f4-31d4-4ec5-94ed-8303e9d17dcd,Frontal
2.75,-0.08399999999999999,0.003999999999999976,ZFM-04811,b7de18f4-31d4-4ec5-94ed-8303e9d17dcd,Frontal
2.8500000000000005,-0.023999999999999994,-0.016000000000000042,ZFM-04811,b7de18f4-31d4-4ec5-94ed-8303e9d17dcd,Frontal
2.95,-0.023999999999999994,0.003999999999999976,ZFM-04811,b7de18f4-31d4-4ec5-94ed-8303e9d17dcd,Frontal
3.05,-0.043999999999999984,0.043999999999999956,ZFM-04811,b7de18f4-31d4-4ec5-94ed-8303e9d17dcd,Frontal
3.1500000000000004,-0.064,0.10399999999999995,ZFM-04811,b7de18f4-31d4-4ec5-94ed-8303e9d17dcd,Frontal
3.25,-0.023999999999999994,0.10399999999999995,ZFM-04811,b7de18f4-31d4-4ec5-94ed-8303e9d17dcd,Frontal
3.3500000000000005,0.036000000000000004,0.043999999999999956,ZFM-04811,b7de18f4-31d4-4ec5-94ed-8303e9d17dcd,Frontal
3.45,-0.023999999999999994,-0.016000000000000042,ZFM-04811,b7de18f4-31d4-4ec5-94ed-8303e9d17dcd,Frontal
3.55,-0.064,-0.016000000000000042,ZFM-04811,b7de18f4-31d4-4ec5-94ed-8303e9d17dcd,Frontal
3.6500000000000004,0.036000000000000004,0.023999999999999966,ZFM-04811,b7de18f4-31d4-4ec5-94ed-8303e9d17dcd,Frontal
3.75,-0.0040000000000000036,-0.056000000000000036,ZFM-04811,b7de18f4-31d4-4ec5-94ed-8303e9d17dcd,Frontal
3.8500000000000005,0.055999999999999994,-0.016000000000000042,ZFM-04811,b7de18f4-31d4-4ec5-94ed-8303e9d17dcd,Frontal
3.95,0.055999999999999994,0.003999999999999976,ZFM-04811,b7de18f4-31d4-4ec5-94ed-8303e9d17dcd,Frontal
-0.95,0.05,-2.7755575615628914e-17,ZFM-04811,b7de18f4-31d4-4ec5-94ed-8303e9d17dcd,Sensory
-0.8500000000000001,-0.029999999999999992,-2.7755575615628914e-17,ZFM-04811,b7de18f4-31d4-4ec5-94ed-8303e9d17dcd,Sensory
-0.75,-0.029999999999999992,0.019999999999999962,ZFM-04811,b7de18f4-31d4-4ec5-94ed-8303e9d17dcd,Sensory
-0.6500000000000001,0.010000000000000009,-0.06000000000000004,ZFM-04811,b7de18f4-31d4-4ec5-94ed-8303e9d17dcd,Sensory
-0.55,-0.009999999999999995,0.019999999999999962,ZFM-04811,b7de18f4-31d4-4ec5-94ed-8303e9d17dcd,Sensory
-0.45,-0.04999999999999999,0.07999999999999996,ZFM-04811,b7de18f4-31d4-4ec5-94ed-8303e9d17dcd,Sensory
-0.35000000000000003,-0.009999999999999995,-0.040000000000000036,ZFM-04811,b7de18f4-31d4-4ec5-94ed-8303e9d17dcd,Sensory
-0.25,0.010000000000000009,0.03999999999999995,ZFM-04811,b7de18f4-31d4-4ec5-94ed-8303e9d17dcd,Sensory
-0.15000000000000002,0.07000000000000002,-0.020000000000000046,ZFM-04811,b7de18f4-31d4-4ec5-94ed-8303e9d17dcd,Sensory
-0.05,-0.009999999999999995,-0.040000000000000036,ZFM-04811,b7de18f4-31d4-4ec5-94ed-8303e9d17dcd,Sensory
0.05,0.030000000000000013,-0.06000000000000004,ZFM-04811,b7de18f4-31d4-4ec5-94ed-8303e9d17dcd,Sensory
0.15000000000000002,0.030000000000000013,0.05999999999999997,ZFM-04811,b7de18f4-31d4-4ec5-94ed-8303e9d17dcd,Sensory
0.25,0.030000000000000013,0.05999999999999997,ZFM-04811,b7de18f4-31d4-4ec5-94ed-8303e9d17dcd,Sensory
0.35000000000000003,0.05,-0.06000000000000004,ZFM-04811,b7de18f4-31d4-4ec5-94ed-8303e9d17dcd,Sensory
0.45,0.030000000000000013,-0.08000000000000004,ZFM-04811,b7de18f4-31d4-4ec5-94ed-8303e9d17dcd,Sensory
0.55,0.010000000000000009,-0.040000000000000036,ZFM-04811,b7de18f4-31d4-4ec5-94ed-8303e9d17dcd,Sensory
0.6500000000000001,0.09000000000000001,-0.040000000000000036,ZFM-04811,b7de18f4-31d4-4ec5-94ed-8303e9d17dcd,Sensory
0.75,0.13,-2.7755575615628914e-17,ZFM-04811,b7de18f4-31d4-4ec5-94ed-8303e9d17dcd,Sensory
0.8500000000000001,0.15000000000000002,-0.040000000000000036,ZFM-04811,b7de18f4-31d4-4ec5-94ed-8303e9d17dcd,Sensory
0.95,0.11,-0.08000000000000004,ZFM-04811,b7de18f4-31d4-4ec5-94ed-8303e9d17dcd,Sensory
1.05,0.11,-0.020000000000000046,ZFM-04811,b7de18f4-31d4-4ec5-94ed-8303e9d17dcd,Sensory
1.1500000000000001,0.010000000000000009,-0.06000000000000004,ZFM-04811,b7de18f4-31d4-4ec5-94ed-8303e9d17dcd,Sensory
1.25,-0.009999999999999995,-0.040000000000000036,ZFM-04811,b7de18f4-31d4-4ec5-94ed-8303e9d17dcd,Sensory
1.35,-0.009999999999999995,0.05999999999999997,ZFM-04811,b7de18f4-31d4-4ec5-94ed-8303e9d17dcd,Sensory
1.4500000000000002,0.030000000000000013,-2.7755575615628914e-17,ZFM-04811,b7de18f4-31d4-4ec5-94ed-8303e9d17dcd,Sensory
1.55,-0.009999999999999995,-0.020000000000000046,ZFM-04811,b7de18f4-31d4-4ec5-94ed-8303e9d17dcd,Sensory
1.6500000000000001,0.010000000000000009,-0.040000000000000036,ZFM-04811,b7de18f4-31d4-4ec5-94ed-8303e9d17dcd,Sensory
1.75,0.010000000000000009,-0.06000000000000004,ZFM-04811,b7de18f4-31d4-4ec5-94ed-8303e9d17dcd,Sensory
1.85,0.010000000000000009,-0.020000000000000046,ZFM-04811,b7de18f4-31d4-4ec5-94ed-8303e9d17dcd,Sensory
1.9500000000000002,0.05,-0.020000000000000046,ZFM-04811,b7de18f4-31d4-4ec5-94ed-8303e9d17dcd,Sensory
2.05,0.030000000000000013,-0.020000000000000046,ZFM-04811,b7de18f4-31d4-4ec5-94ed-8303e9d17dcd,Sensory
2.1500000000000004,0.010000000000000009,-0.08000000000000004,ZFM-04811,b7de18f4-31d4-4ec5-94ed-8303e9d17dcd,Sensory
2.25,-0.029999999999999992,0.03999999999999995,ZFM-04811,b7de18f4-31d4-4ec5-94ed-8303e9d17dcd,Sensory
2.3500000000000005,0.05,-0.040000000000000036,ZFM-04811,b7de18f4-31d4-4ec5-94ed-8303e9d17dcd,Sensory
2.45,0.05,-0.040000000000000036,ZFM-04811,b7de18f4-31d4-4ec5-94ed-8303e9d17dcd,Sensory
2.55,-0.009999999999999995,0.07999999999999996,ZFM-04811,b7de18f4-31d4-4ec5-94ed-8303e9d17dcd,Sensory
2.6500000000000004,0.030000000000000013,-0.040000000000000036,ZFM-04811,b7de18f4-31d4-4ec5-94ed-8303e9d17dcd,Sensory
2.75,0.030000000000000013,-0.040000000000000036,ZFM-04811,b7de18f4-31d4-4ec5-94ed-8303e9d17dcd,Sensory
2.8500000000000005,0.030000000000000013,-0.020000000000000046,ZFM-04811,b7de18f4-31d4-4ec5-94ed-8303e9d17dcd,Sensory
2.95,-0.009999999999999995,-0.06000000000000004,ZFM-04811,b7de18f4-31d4-4ec5-94ed-8303e9d17dcd,Sensory
3.05,0.030000000000000013,-0.020000000000000046,ZFM-04811,b7de18f4-31d4-4ec5-94ed-8303e9d17dcd,Sensory
3.1500000000000004,0.030000000000000013,-2.7755575615628914e-17,ZFM-04811,b7de18f4-31d4-4ec5-94ed-8303e9d17dcd,Sensory
3.25,-0.009999999999999995,-0.020000000000000046,ZFM-04811,b7de18f4-31d4-4ec5-94ed-8303e9d17dcd,Sensory
3.3500000000000005,0.05,0.05999999999999997,ZFM-04811,b7de18f4-31d4-4ec5-94ed-8303e9d17dcd,Sensory
3.45,-0.029999999999999992,-0.040000000000000036,ZFM-04811,b7de18f4-31d4-4ec5-94ed-8303e9d17dcd,Sensory
3.55,-0.029999999999999992,0.019999999999999962,ZFM-04811,b7de18f4-31d4-4ec5-94ed-8303e9d17dcd,Sensory
3.6500000000000004,-0.04999999999999999,-2.7755575615628914e-17,ZFM-04811,b7de18f4-31d4-4ec5-94ed-8303e9d17dcd,Sensory
3.75,0.030000000000000013,0.03999999999999995,ZFM-04811,b7de18f4-31d4-4ec5-94ed-8303e9d17dcd,Sensory
3.8500000000000005,-0.009999999999999995,0.019999999999999962,ZFM-04811,b7de18f4-31d4-4ec5-94ed-8303e9d17dcd,Sensory
3.95,0.07000000000000002,-2.7755575615628914e-17,ZFM-04811,b7de18f4-31d4-4ec5-94ed-8303e9d17dcd,Sensory
-0.95,-0.022000000000000075,-0.07600000000000001,ZFM-04811,05db6d4d-cfda-4686-b485-481423912b33,Hippocampus
-0.8500000000000001,0.03799999999999992,-0.016000000000000014,ZFM-04811,05db6d4d-cfda-4686-b485-481423912b33,Hippocampus
-0.75,0.01799999999999996,0.003999999999999976,ZFM-04811,05db6d4d-cfda-4686-b485-481423912b33,Hippocampus
-0.6500000000000001,0.03799999999999992,-0.016000000000000014,ZFM-04811,05db6d4d-cfda-4686-b485-481423912b33,Hippocampus
-0.55,-0.022000000000000075,0.10399999999999998,ZFM-04811,05db6d4d-cfda-4686-b485-481423912b33,Hippocampus
-0.45,0.03799999999999992,0.003999999999999976,ZFM-04811,05db6d4d-cfda-4686-b485-481423912b33,Hippocampus
-0.35000000000000003,0.01799999999999996,-0.03600000000000003,ZFM-04811,05db6d4d-cfda-4686-b485-481423912b33,Hippocampus
-0.25,-0.0020000000000000573,-0.016000000000000014,ZFM-04811,05db6d4d-cfda-4686-b485-481423912b33,Hippocampus
-0.15000000000000002,-0.062000000000000055,0.08399999999999996,ZFM-04811,05db6d4d-cfda-4686-b485-481423912b33,Hippocampus
-0.05,-0.042000000000000065,-0.03600000000000003,ZFM-04811,05db6d4d-cfda-4686-b485-481423912b33,Hippocampus
0.05,0.01799999999999996,-0.016000000000000014,ZFM-04811,05db6d4d-cfda-4686-b485-481423912b33,Hippocampus
0.15000000000000002,-0.0020000000000000573,-0.09600000000000003,ZFM-04811,05db6d4d-cfda-4686-b485-481423912b33,Hippocampus
0.25,0.05799999999999994,-0.09600000000000003,ZFM-04811,05db6d4d-cfda-4686-b485-481423912b33,Hippocampus
0.35000000000000003,0.07799999999999996,-0.11600000000000002,ZFM-04811,05db6d4d-cfda-4686-b485-481423912b33,Hippocampus
0.45,0.05799999999999994,-0.07600000000000001,ZFM-04811,05db6d4d-cfda-4686-b485-481423912b33,Hippocampus
0.55,0.09799999999999992,-0.05600000000000002,ZFM-04811,05db6d4d-cfda-4686-b485-481423912b33,Hippocampus
0.6500000000000001,0.15799999999999992,-0.09600000000000003,ZFM-04811,05db6d4d-cfda-4686-b485-481423912b33,Hippocampus
0.75,0.15799999999999992,-0.15600000000000003,ZFM-04811,05db6d4d-cfda-4686-b485-481423912b33,Hippocampus
0.8500000000000001,0.09799999999999992,0.003999999999999976,ZFM-04811,05db6d4d-cfda-4686-b485-481423912b33,Hippocampus
0.95,-0.022000000000000075,-0.05600000000000002,ZFM-04811,05db6d4d-cfda-4686-b485-481423912b33,Hippocampus
1.05,-0.022000000000000075,-0.016000000000000014,ZFM-04811,05db6d4d-cfda-4686-b485-481423912b33,Hippocampus
1.1500000000000001,0.13799999999999996,-0.136,ZFM-04811,05db6d4d-cfda-4686-b485-481423912b33,Hippocampus
1.25,0.15799999999999992,-0.136,ZFM-04811,05db6d4d-cfda-4686-b485-481423912b33,Hippocampus
1.35,0.05799999999999994,-0.11600000000000002,ZFM-04811,05db6d4d-cfda-4686-b485-481423912b33,Hippocampus
1.4500000000000002,0.07799999999999996,-0.05600000000000002,ZFM-04811,05db6d4d-cfda-4686-b485-481423912b33,Hippocampus
1.55,0.11799999999999994,-0.016000000000000014,ZFM-04811,05db6d4d-cfda-4686-b485-481423912b33,Hippocampus
1.6500000000000001,0.09799999999999992,-0.05600000000000002,ZFM-04811,05db6d4d-cfda-4686-b485-481423912b33,Hippocampus
1.75,0.09799999999999992,-0.11600000000000002,ZFM-04811,05db6d4d-cfda-4686-b485-481423912b33,Hippocampus
1.85,0.09799999999999992,-0.03600000000000003,ZFM-04811,05db6d4d-cfda-4686-b485-481423912b33,Hippocampus
1.9500000000000002,0.03799999999999992,-0.03600000000000003,ZFM-04811,05db6d4d-cfda-4686-b485-481423912b33,Hippocampus
2.05,-0.042000000000000065,0.043999999999999984,ZFM-04811,05db6d4d-cfda-4686-b485-481423912b33,Hippocampus
2.1500000000000004,0.15799999999999992,-0.11600000000000002,ZFM-04811,05db6d4d-cfda-4686-b485-481423912b33,Hippocampus
2.25,0.05799999999999994,-0.09600000000000003,ZFM-04811,05db6d4d-cfda-4686-b485-481423912b33,Hippocampus
2.3500000000000005,0.15799999999999992,-0.07600000000000001,ZFM-04811,05db6d4d-cfda-4686-b485-481423912b33,Hippocampus
2.45,0.07799999999999996,-0.03600000000000003,ZFM-04811,05db6d4d-cfda-4686-b485-481423912b33,Hippocampus
2.55,0.01799999999999996,-0.03600000000000003,ZFM-04811,05db6d4d-cfda-4686-b485-481423912b33,Hippocampus
2.6500000000000004,0.01799999999999996,-0.07600000000000001,ZFM-04811,05db6d4d-cfda-4686-b485-481423912b33,Hippocampus
2.75,-0.08200000000000007,-0.07600000000000001,ZFM-04811,05db6d4d-cfda-4686-b485-481423912b33,Hippocampus
2.8500000000000005,-0.062000000000000055,-0.03600000000000003,ZFM-04811,05db6d4d-cfda-4686-b485-481423912b33,Hippocampus
2.95,0.17799999999999994,-0.09600000000000003,ZFM-04811,05db6d4d-cfda-4686-b485-481423912b33,Hippocampus
3.05,0.11799999999999994,-0.11600000000000002,ZFM-04811,05db6d4d-cfda-4686-b485-481423912b33,Hippocampus
3.1500000000000004,0.09799999999999992,-0.016000000000000014,ZFM-04811,05db6d4d-cfda-4686-b485-481423912b33,Hippocampus
3.25,-0.0020000000000000573,-0.016000000000000014,ZFM-04811,05db6d4d-cfda-4686-b485-481423912b33,Hippocampus
3.3500000000000005,0.03799999999999992,-0.03600000000000003,ZFM-04811,05db6d4d-cfda-4686-b485-481423912b33,Hippocampus
3.45,0.05799999999999994,-0.09600000000000003,ZFM-04811,05db6d4d-cfda-4686-b485-481423912b33,Hippocampus
3.55,0.03799999999999992,-0.11600000000000002,ZFM-04811,05db6d4d-cfda-4686-b485-481423912b33,Hippocampus
3.6500000000000004,-0.0020000000000000573,0.023999999999999966,ZFM-04811,05db6d4d-cfda-4686-b485-481423912b33,Hippocampus
3.75,0.03799999999999992,0.023999999999999966,ZFM-04811,05db6d4d-cfda-4686-b485-481423912b33,Hippocampus
3.8500000000000005,-0.022000000000000075,-0.016000000000000014,ZFM-04811,05db6d4d-cfda-4686-b485-481423912b33,Hippocampus
3.95,0.13799999999999996,-0.09600000000000003,ZFM-04811,05db6d4d-cfda-4686-b485-481423912b33,Hippocampus
-0.95,0.026000000000000023,0.023999999999999994,ZFM-04811,05db6d4d-cfda-4686-b485-481423912b33,Thalamus
-0.8500000000000001,0.04600000000000001,0.0040000000000000036,ZFM-04811,05db6d4d-cfda-4686-b485-481423912b33,Thalamus
-0.75,0.026000000000000023,0.0040000000000000036,ZFM-04811,05db6d4d-cfda-4686-b485-481423912b33,Thalamus
-0.6500000000000001,0.026000000000000023,0.0040000000000000036,ZFM-04811,05db6d4d-cfda-4686-b485-481423912b33,Thalamus
-0.55,0.026000000000000023,-0.016000000000000014,ZFM-04811,05db6d4d-cfda-4686-b485-481423912b33,Thalamus
-0.45,-0.013999999999999985,-0.016000000000000014,ZFM-04811,05db6d4d-cfda-4686-b485-481423912b33,Thalamus
-0.35000000000000003,-0.013999999999999985,-0.016000000000000014,ZFM-04811,05db6d4d-cfda-4686-b485-481423912b33,Thalamus
-0.25,-0.05399999999999999,0.0040000000000000036,ZFM-04811,05db6d4d-cfda-4686-b485-481423912b33,Thalamus
-0.15000000000000002,-0.05399999999999999,-0.016000000000000014,ZFM-04811,05db6d4d-cfda-4686-b485-481423912b33,Thalamus
-0.05,-0.013999999999999985,0.023999999999999994,ZFM-04811,05db6d4d-cfda-4686-b485-481423912b33,Thalamus
0.05,-0.013999999999999985,0.0040000000000000036,ZFM-04811,05db6d4d-cfda-4686-b485-481423912b33,Thalamus
0.15000000000000002,-0.013999999999999985,0.023999999999999994,ZFM-04811,05db6d4d-cfda-4686-b485-481423912b33,Thalamus
0.25,0.026000000000000023,0.043999999999999984,ZFM-04811,05db6d4d-cfda-4686-b485-481423912b33,Thalamus
0.35000000000000003,0.04600000000000001,-0.016000000000000014,ZFM-04811,05db6d4d-cfda-4686-b485-481423912b33,Thalamus
0.45,0.066,-0.055999999999999994,ZFM-04811,05db6d4d-cfda-4686-b485-481423912b33,Thalamus
0.55,0.126,-0.07600000000000001,ZFM-04811,05db6d4d-cfda-4686-b485-481423912b33,Thalamus
0.6500000000000001,0.126,-0.096,ZFM-04811,05db6d4d-cfda-4686-b485-481423912b33,Thalamus
0.75,0.10600000000000004,-0.116,ZFM-04811,05db6d4d-cfda-4686-b485-481423912b33,Thalamus
0.8500000000000001,0.08600000000000002,-0.116,ZFM-04811,05db6d4d-cfda-4686-b485-481423912b33,Thalamus
0.95,0.066,-0.136,ZFM-04811,05db6d4d-cfda-4686-b485-481423912b33,Thalamus
1.05,0.066,-0.156,ZFM-04811,05db6d4d-cfda-4686-b485-481423912b33,Thalamus
1.1500000000000001,0.10600000000000004,-0.17600000000000002,ZFM-04811,05db6d4d-cfda-4686-b485-481423912b33,Thalamus
1.25,0.126,-0.196,ZFM-04811,05db6d4d-cfda-4686-b485-481423912b33,Thalamus
1.35,0.126,-0.196,ZFM-04811,05db6d4d-cfda-4686-b485-481423912b33,Thalamus
1.4500000000000002,0.126,-0.196,ZFM-04811,05db6d4d-cfda-4686-b485-481423912b33,Thalamus
1.55,0.10600000000000004,-0.196,ZFM-04811,05db6d4d-cfda-4686-b485-481423912b33,Thalamus
1.6500000000000001,0.10600000000000004,-0.196,ZFM-04811,05db6d4d-cfda-4686-b485-481423912b33,Thalamus
1.75,0.126,-0.196,ZFM-04811,05db6d4d-cfda-4686-b485-481423912b33,Thalamus
1.85,0.10600000000000004,-0.196,ZFM-04811,05db6d4d-cfda-4686-b485-481423912b33,Thalamus
1.9500000000000002,0.10600000000000004,-0.196,ZFM-04811,05db6d4d-cfda-4686-b485-481423912b33,Thalamus
2.05,0.08600000000000002,-0.196,ZFM-04811,05db6d4d-cfda-4686-b485-481423912b33,Thalamus
2.1500000000000004,0.08600000000000002,-0.196,ZFM-04811,05db6d4d-cfda-4686-b485-481423912b33,Thalamus
2.25,0.08600000000000002,-0.156,ZFM-04811,05db6d4d-cfda-4686-b485-481423912b33,Thalamus
2.3500000000000005,0.10600000000000004,-0.156,ZFM-04811,05db6d4d-cfda-4686-b485-481423912b33,Thalamus
2.45,0.08600000000000002,-0.156,ZFM-04811,05db6d4d-cfda-4686-b485-481423912b33,Thalamus
2.55,0.066,-0.156,ZFM-04811,05db6d4d-cfda-4686-b485-481423912b33,Thalamus
2.6500000000000004,0.04600000000000001,-0.156,ZFM-04811,05db6d4d-cfda-4686-b485-481423912b33,Thalamus
2.75,0.04600000000000001,-0.156,ZFM-04811,05db6d4d-cfda-4686-b485-481423912b33,Thalamus
2.8500000000000005,0.04600000000000001,-0.156,ZFM-04811,05db6d4d-cfda-4686-b485-481423912b33,Thalamus
2.95,0.066,-0.136,ZFM-04811,05db6d4d-cfda-4686-b485-481423912b33,Thalamus
3.05,0.04600000000000001,-0.156,ZFM-04811,05db6d4d-cfda-4686-b485-481423912b33,Thalamus
3.1500000000000004,0.026000000000000023,-0.156,ZFM-04811,05db6d4d-cfda-4686-b485-481423912b33,Thalamus
3.25,-0.013999999999999985,-0.17600000000000002,ZFM-04811,05db6d4d-cfda-4686-b485-481423912b33,Thalamus
3.3500000000000005,-0.013999999999999985,-0.17600000000000002,ZFM-04811,05db6d4d-cfda-4686-b485-481423912b33,Thalamus
3.45,-0.013999999999999985,-0.156,ZFM-04811,05db6d4d-cfda-4686-b485-481423912b33,Thalamus
3.55,-0.05399999999999999,-0.156,ZFM-04811,05db6d4d-cfda-4686-b485-481423912b33,Thalamus
3.6500000000000004,-0.07399999999999998,-0.136,ZFM-04811,05db6d4d-cfda-4686-b485-481423912b33,Thalamus
3.75,-0.07399999999999998,-0.096,ZFM-04811,05db6d4d-cfda-4686-b485-481423912b33,Thalamus
3.8500000000000005,-0.07399999999999998,-0.055999999999999994,ZFM-04811,05db6d4d-cfda-4686-b485-481423912b33,Thalamus
3.95,-0.07399999999999998,-0.07600000000000001,ZFM-04811,05db6d4d-cfda-4686-b485-481423912b33,Thalamus
-0.95,0.038000000000000006,0.035999999999999976,ZFM-04811,e4cf7b8d-7e0e-4483-b4a5-0fa316ab7be4,Midbrain
-0.8500000000000001,0.057999999999999996,0.07599999999999996,ZFM-04811,e4cf7b8d-7e0e-4483-b4a5-0fa316ab7be4,Midbrain
-0.75,0.038000000000000006,-0.004000000000000031,ZFM-04811,e4cf7b8d-7e0e-4483-b4a5-0fa316ab7be4,Midbrain
-0.6500000000000001,-0.0020000000000000018,0.035999999999999976,ZFM-04811,e4cf7b8d-7e0e-4483-b4a5-0fa316ab7be4,Midbrain
-0.55,0.017999999999999988,0.01599999999999996,ZFM-04811,e4cf7b8d-7e0e-4483-b4a5-0fa316ab7be4,Midbrain
-0.45,-0.0020000000000000018,-0.02400000000000002,ZFM-04811,e4cf7b8d-7e0e-4483-b4a5-0fa316ab7be4,Midbrain
-0.35000000000000003,-0.022000000000000006,-0.04400000000000004,ZFM-04811,e4cf7b8d-7e0e-4483-b4a5-0fa316ab7be4,Midbrain
-0.25,-0.0020000000000000018,-0.02400000000000002,ZFM-04811,e4cf7b8d-7e0e-4483-b4a5-0fa316ab7be4,Midbrain
-0.15000000000000002,-0.062000000000000006,-0.04400000000000004,ZFM-04811,e4cf7b8d-7e0e-4483-b4a5-0fa316ab7be4,Midbrain
-0.05,-0.062000000000000006,-0.02400000000000002,ZFM-04811,e4cf7b8d-7e0e-4483-b4a5-0fa316ab7be4,Midbrain
0.05,-0.04200000000000001,-0.08400000000000002,ZFM-04811,e4cf7b8d-7e0e-4483-b4a5-0fa316ab7be4,Midbrain
0.15000000000000002,-0.0020000000000000018,-0.06400000000000003,ZFM-04811,e4cf7b8d-7e0e-4483-b4a5-0fa316ab7be4,Midbrain
0.25,0.098,-0.08400000000000002,ZFM-04811,e4cf7b8d-7e0e-4483-b4a5-0fa316ab7be4,Midbrain
0.35000000000000003,0.098,-0.04400000000000004,ZFM-04811,e4cf7b8d-7e0e-4483-b4a5-0fa316ab7be4,Midbrain
0.45,0.038000000000000006,-0.04400000000000004,ZFM-04811,e4cf7b8d-7e0e-4483-b4a5-0fa316ab7be4,Midbrain
0.55,0.07799999999999999,-0.004000000000000031,ZFM-04811,e4cf7b8d-7e0e-4483-b4a5-0fa316ab7be4,Midbrain
0.6500000000000001,0.098,-0.02400000000000002,ZFM-04811,e4cf7b8d-7e0e-4483-b4a5-0fa316ab7be4,Midbrain
0.75,0.07799999999999999,-0.02400000000000002,ZFM-04811,e4cf7b8d-7e0e-4483-b4a5-0fa316ab7be4,Midbrain
0.8500000000000001,0.118,-0.06400000000000003,ZFM-04811,e4cf7b8d-7e0e-4483-b4a5-0fa316ab7be4,Midbrain
0.95,0.098,-0.10400000000000004,ZFM-04811,e4cf7b8d-7e0e-4483-b4a5-0fa316ab7be4,Midbrain
1.05,0.118,-0.10400000000000004,ZFM-04811,e4cf7b8d-7e0e-4483-b4a5-0fa316ab7be4,Midbrain
1.1500000000000001,0.07799999999999999,-0.06400000000000003,ZFM-04811,e4cf7b8d-7e0e-4483-b4a5-0fa316ab7be4,Midbrain
1.25,0.098,-0.04400000000000004,ZFM-04811,e4cf7b8d-7e0e-4483-b4a5-0fa316ab7be4,Midbrain
1.35,0.07799999999999999,-0.06400000000000003,ZFM-04811,e4cf7b8d-7e0e-4483-b4a5-0fa316ab7be4,Midbrain
1.4500000000000002,0.098,-0.06400000000000003,ZFM-04811,e4cf7b8d-7e0e-4483-b4a5-0fa316ab7be4,Midbrain
1.55,0.13799999999999998,-0.06400000000000003,ZFM-04811,e4cf7b8d-7e0e-4483-b4a5-0fa316ab7be4,Midbrain
1.6500000000000001,0.158,-0.14400000000000002,ZFM-04811,e4cf7b8d-7e0e-4483-b4a5-0fa316ab7be4,Midbrain
1.75,0.13799999999999998,-0.14400000000000002,ZFM-04811,e4cf7b8d-7e0e-4483-b4a5-0fa316ab7be4,Midbrain
1.85,0.07799999999999999,-0.04400000000000004,ZFM-04811,e4cf7b8d-7e0e-4483-b4a5-0fa316ab7be4,Midbrain
1.9500000000000002,0.07799999999999999,-0.04400000000000004,ZFM-04811,e4cf7b8d-7e0e-4483-b4a5-0fa316ab7be4,Midbrain
2.05,0.118,-0.10400000000000004,ZFM-04811,e4cf7b8d-7e0e-4483-b4a5-0fa316ab7be4,Midbrain
2.1500000000000004,0.057999999999999996,-0.10400000000000004,ZFM-04811,e4cf7b8d-7e0e-4483-b4a5-0fa316ab7be4,Midbrain
2.25,-0.0020000000000000018,-0.04400000000000004,ZFM-04811,e4cf7b8d-7e0e-4483-b4a5-0fa316ab7be4,Midbrain
2.3500000000000005,0.038000000000000006,-0.04400000000000004,ZFM-04811,e4cf7b8d-7e0e-4483-b4a5-0fa316ab7be4,Midbrain
2.45,0.038000000000000006,-0.04400000000000004,ZFM-04811,e4cf7b8d-7e0e-4483-b4a5-0fa316ab7be4,Midbrain
2.55,0.057999999999999996,-0.02400000000000002,ZFM-04811,e4cf7b8d-7e0e-4483-b4a5-0fa316ab7be4,Midbrain
2.6500000000000004,0.118,-0.08400000000000002,ZFM-04811,e4cf7b8d-7e0e-4483-b4a5-0fa316ab7be4,Midbrain
2.75,0.098,-0.12400000000000003,ZFM-04811,e4cf7b8d-7e0e-4483-b4a5-0fa316ab7be4,Midbrain
2.8500000000000005,0.038000000000000006,-0.06400000000000003,ZFM-04811,e4cf7b8d-7e0e-4483-b4a5-0fa316ab7be4,Midbrain
2.95,-0.0020000000000000018,-0.10400000000000004,ZFM-04811,e4cf7b8d-7e0e-4483-b4a5-0fa316ab7be4,Midbrain
3.05,0.038000000000000006,-0.10400000000000004,ZFM-04811,e4cf7b8d-7e0e-4483-b4a5-0fa316ab7be4,Midbrain
3.1500000000000004,0.017999999999999988,-0.10400000000000004,ZFM-04811,e4cf7b8d-7e0e-4483-b4a5-0fa316ab7be4,Midbrain
3.25,0.038000000000000006,-0.12400000000000003,ZFM-04811,e4cf7b8d-7e0e-4483-b4a5-0fa316ab7be4,Midbrain
3.3500000000000005,0.038000000000000006,-0.08400000000000002,ZFM-04811,e4cf7b8d-7e0e-4483-b4a5-0fa316ab7be4,Midbrain
3.45,0.098,-0.12400000000000003,ZFM-04811,e4cf7b8d-7e0e-4483-b4a5-0fa316ab7be4,Midbrain
3.55,0.098,-0.08400000000000002,ZFM-04811,e4cf7b8d-7e0e-4483-b4a5-0fa316ab7be4,Midbrain
3.6500000000000004,0.07799999999999999,-0.04400000000000004,ZFM-04811,e4cf7b8d-7e0e-4483-b4a5-0fa316ab7be4,Midbrain
3.75,0.158,-0.02400000000000002,ZFM-04811,e4cf7b8d-7e0e-4483-b4a5-0fa316ab7be4,Midbrain
3.8500000000000005,0.158,-0.10400000000000004,ZFM-04811,e4cf7b8d-7e0e-4483-b4a5-0fa316ab7be4,Midbrain
3.95,0.098,-0.06400000000000003,ZFM-04811,e4cf7b8d-7e0e-4483-b4a5-0fa316ab7be4,Midbrain
-0.95,0.043999999999999984,0.013999999999999999,ZFM-04811,e48c0695-b465-4e44-9020-2a19ecca414a,Striatum
-0.8500000000000001,0.0040000000000000036,-0.006000000000000005,ZFM-04811,e48c0695-b465-4e44-9020-2a19ecca414a,Striatum
-0.75,0.023999999999999966,0.03399999999999999,ZFM-04811,e48c0695-b465-4e44-9020-2a19ecca414a,Striatum
-0.6500000000000001,0.064,0.013999999999999999,ZFM-04811,e48c0695-b465-4e44-9020-2a19ecca414a,Striatum
-0.55,0.0040000000000000036,0.013999999999999999,ZFM-04811,e48c0695-b465-4e44-9020-2a19ecca414a,Striatum
-0.45,-0.05600000000000002,0.013999999999999999,ZFM-04811,e48c0695-b465-4e44-9020-2a19ecca414a,Striatum
-0.35000000000000003,-0.03600000000000003,-0.006000000000000005,ZFM-04811,e48c0695-b465-4e44-9020-2a19ecca414a,Striatum
-0.25,-0.016000000000000014,-0.006000000000000005,ZFM-04811,e48c0695-b465-4e44-9020-2a19ecca414a,Striatum
-0.15000000000000002,-0.05600000000000002,-0.02600000000000001,ZFM-04811,e48c0695-b465-4e44-9020-2a19ecca414a,Striatum
-0.05,0.023999999999999966,-0.046000000000000006,ZFM-04811,e48c0695-b465-4e44-9020-2a19ecca414a,Striatum
0.05,0.043999999999999984,-0.046000000000000006,ZFM-04811,e48c0695-b465-4e44-9020-2a19ecca414a,Striatum
0.15000000000000002,-0.016000000000000014,-0.066,ZFM-04811,e48c0695-b465-4e44-9020-2a19ecca414a,Striatum
0.25,-0.03600000000000003,-0.066,ZFM-04811,e48c0695-b465-4e44-9020-2a19ecca414a,Striatum
0.35000000000000003,-0.016000000000000014,-0.006000000000000005,ZFM-04811,e48c0695-b465-4e44-9020-2a19ecca414a,Striatum
0.45,0.064,-0.08600000000000001,ZFM-04811,e48c0695-b465-4e44-9020-2a19ecca414a,Striatum
0.55,0.124,-0.066,ZFM-04811,e48c0695-b465-4e44-9020-2a19ecca414a,Striatum
0.6500000000000001,0.16399999999999998,-0.046000000000000006,ZFM-04811,e48c0695-b465-4e44-9020-2a19ecca414a,Striatum
0.75,0.10399999999999998,-0.066,ZFM-04811,e48c0695-b465-4e44-9020-2a19ecca414a,Striatum
0.8500000000000001,0.10399999999999998,-0.046000000000000006,ZFM-04811,e48c0695-b465-4e44-9020-2a19ecca414a,Striatum
0.95,0.124,-0.08600000000000001,ZFM-04811,e48c0695-b465-4e44-9020-2a19ecca414a,Striatum
1.05,0.10399999999999998,-0.066,ZFM-04811,e48c0695-b465-4e44-9020-2a19ecca414a,Striatum
1.1500000000000001,0.08399999999999996,-0.046000000000000006,ZFM-04811,e48c0695-b465-4e44-9020-2a19ecca414a,Striatum
1.25,0.124,-0.046000000000000006,ZFM-04811,e48c0695-b465-4e44-9020-2a19ecca414a,Striatum
1.35,0.14399999999999996,-0.046000000000000006,ZFM-04811,e48c0695-b465-4e44-9020-2a19ecca414a,Striatum
1.4500000000000002,0.124,-0.08600000000000001,ZFM-04811,e48c0695-b465-4e44-9020-2a19ecca414a,Striatum
1.55,0.08399999999999996,-0.08600000000000001,ZFM-04811,e48c0695-b465-4e44-9020-2a19ecca414a,Striatum
1.6500000000000001,0.023999999999999966,-0.066,ZFM-04811,e48c0695-b465-4e44-9020-2a19ecca414a,Striatum
1.75,0.023999999999999966,-0.08600000000000001,ZFM-04811,e48c0695-b465-4e44-9020-2a19ecca414a,Striatum
1.85,-0.03600000000000003,-0.08600000000000001,ZFM-04811,e48c0695-b465-4e44-9020-2a19ecca414a,Striatum
1.9500000000000002,0.023999999999999966,-0.066,ZFM-04811,e48c0695-b465-4e44-9020-2a19ecca414a,Striatum
2.05,-0.016000000000000014,-0.046000000000000006,ZFM-04811,e48c0695-b465-4e44-9020-2a19ecca414a,Striatum
2.1500000000000004,-0.016000000000000014,-0.066,ZFM-04811,e48c0695-b465-4e44-9020-2a19ecca414a,Striatum
2.25,0.043999999999999984,-0.066,ZFM-04811,e48c0695-b465-4e44-9020-2a19ecca414a,Striatum
2.3500000000000005,-0.016000000000000014,-0.066,ZFM-04811,e48c0695-b465-4e44-9020-2a19ecca414a,Striatum
2.45,-0.016000000000000014,-0.02600000000000001,ZFM-04811,e48c0695-b465-4e44-9020-2a19ecca414a,Striatum
2.55,0.064,0.013999999999999999,ZFM-04811,e48c0695-b465-4e44-9020-2a19ecca414a,Striatum
2.6500000000000004,0.043999999999999984,-0.02600000000000001,ZFM-04811,e48c0695-b465-4e44-9020-2a19ecca414a,Striatum
2.75,0.043999999999999984,-0.066,ZFM-04811,e48c0695-b465-4e44-9020-2a19ecca414a,Striatum
2.8500000000000005,0.043999999999999984,-0.02600000000000001,ZFM-04811,e48c0695-b465-4e44-9020-2a19ecca414a,Striatum
2.95,-0.03600000000000003,-0.08600000000000001,ZFM-04811,e48c0695-b465-4e44-9020-2a19ecca414a,Striatum
3.05,0.023999999999999966,0.03399999999999999,ZFM-04811,e48c0695-b465-4e44-9020-2a19ecca414a,Striatum
3.1500000000000004,0.0040000000000000036,-0.046000000000000006,ZFM-04811,e48c0695-b465-4e44-9020-2a19ecca414a,Striatum
3.25,0.10399999999999998,-0.046000000000000006,ZFM-04811,e48c0695-b465-4e44-9020-2a19ecca414a,Striatum
3.3500000000000005,0.043999999999999984,-0.066,ZFM-04811,e48c0695-b465-4e44-9020-2a19ecca414a,Striatum
3.45,0.043999999999999984,-0.066,ZFM-04811,e48c0695-b465-4e44-9020-2a19ecca414a,Striatum
3.55,0.08399999999999996,-0.066,ZFM-04811,e48c0695-b465-4e44-9020-2a19ecca414a,Striatum
3.6500000000000004,0.124,-0.02600000000000001,ZFM-04811,e48c0695-b465-4e44-9020-2a19ecca414a,Striatum
3.75,0.08399999999999996,-0.046000000000000006,ZFM-04811,e48c0695-b465-4e44-9020-2a19ecca414a,Striatum
3.8500000000000005,0.08399999999999996,-0.046000000000000006,ZFM-04811,e48c0695-b465-4e44-9020-2a19ecca414a,Striatum
3.95,0.10399999999999998,-0.02600000000000001,ZFM-04811,e48c0695-b465-4e44-9020-2a19ecca414a,Striatum
-0.95,-0.10799999999999997,0.04199999999999998,ZFM-04300,3ac05dd2-a294-4939-a837-93fe5ca543b6,Hippocampus
-0.8500000000000001,-0.02799999999999997,-0.018000000000000016,ZFM-04300,3ac05dd2-a294-4939-a837-93fe5ca543b6,Hippocampus
-0.75,0.07200000000000004,-0.018000000000000016,ZFM-04300,3ac05dd2-a294-4939-a837-93fe5ca543b6,Hippocampus
-0.6500000000000001,-0.00799999999999998,0.06199999999999997,ZFM-04300,3ac05dd2-a294-4939-a837-93fe5ca543b6,Hippocampus
-0.55,0.03200000000000003,0.08199999999999999,ZFM-04300,3ac05dd2-a294-4939-a837-93fe5ca543b6,Hippocampus
-0.45,0.03200000000000003,-0.018000000000000016,ZFM-04300,3ac05dd2-a294-4939-a837-93fe5ca543b6,Hippocampus
-0.35000000000000003,-0.02799999999999997,0.001999999999999974,ZFM-04300,3ac05dd2-a294-4939-a837-93fe5ca543b6,Hippocampus
-0.25,0.012000000000000038,-0.03800000000000002,ZFM-04300,3ac05dd2-a294-4939-a837-93fe5ca543b6,Hippocampus
-0.15000000000000002,0.03200000000000003,-0.07800000000000001,ZFM-04300,3ac05dd2-a294-4939-a837-93fe5ca543b6,Hippocampus
-0.05,-0.00799999999999998,-0.018000000000000016,ZFM-04300,3ac05dd2-a294-4939-a837-93fe5ca543b6,Hippocampus
0.05,0.15200000000000005,-0.07800000000000001,ZFM-04300,3ac05dd2-a294-4939-a837-93fe5ca543b6,Hippocampus
0.15000000000000002,0.03200000000000003,-0.058000000000000024,ZFM-04300,3ac05dd2-a294-4939-a837-93fe5ca543b6,Hippocampus
0.25,0.11200000000000002,-0.018000000000000016,ZFM-04300,3ac05dd2-a294-4939-a837-93fe5ca543b6,Hippocampus
0.35000000000000003,0.03200000000000003,-0.03800000000000002,ZFM-04300,3ac05dd2-a294-4939-a837-93fe5ca543b6,Hippocampus
0.45,0.05200000000000002,-0.03800000000000002,ZFM-04300,3ac05dd2-a294-4939-a837-93fe5ca543b6,Hippocampus
0.55,-0.02799999999999997,0.001999999999999974,ZFM-04300,3ac05dd2-a294-4939-a837-93fe5ca543b6,Hippocampus
0.6500000000000001,-0.00799999999999998,0.021999999999999992,ZFM-04300,3ac05dd2-a294-4939-a837-93fe5ca543b6,Hippocampus
0.75,-0.04799999999999997,-0.03800000000000002,ZFM-04300,3ac05dd2-a294-4939-a837-93fe5ca543b6,Hippocampus
0.8500000000000001,-0.02799999999999997,-0.03800000000000002,ZFM-04300,3ac05dd2-a294-4939-a837-93fe5ca543b6,Hippocampus
0.95,0.05200000000000002,-0.03800000000000002,ZFM-04300,3ac05dd2-a294-4939-a837-93fe5ca543b6,Hippocampus
1.05,0.012000000000000038,-0.03800000000000002,ZFM-04300,3ac05dd2-a294-4939-a837-93fe5ca543b6,Hippocampus
1.1500000000000001,-0.02799999999999997,0.001999999999999974,ZFM-04300,3ac05dd2-a294-4939-a837-93fe5ca543b6,Hippocampus
1.25,0.09200000000000003,0.06199999999999997,ZFM-04300,3ac05dd2-a294-4939-a837-93fe5ca543b6,Hippocampus
1.35,0.05200000000000002,0.08199999999999999,ZFM-04300,3ac05dd2-a294-4939-a837-93fe5ca543b6,Hippocampus
1.4500000000000002,0.03200000000000003,0.142,ZFM-04300,3ac05dd2-a294-4939-a837-93fe5ca543b6,Hippocampus
1.55,0.07200000000000004,0.06199999999999997,ZFM-04300,3ac05dd2-a294-4939-a837-93fe5ca543b6,Hippocampus
1.6500000000000001,-0.02799999999999997,0.04199999999999998,ZFM-04300,3ac05dd2-a294-4939-a837-93fe5ca543b6,Hippocampus
1.75,-0.02799999999999997,0.001999999999999974,ZFM-04300,3ac05dd2-a294-4939-a837-93fe5ca543b6,Hippocampus
1.85,0.012000000000000038,0.021999999999999992,ZFM-04300,3ac05dd2-a294-4939-a837-93fe5ca543b6,Hippocampus
1.9500000000000002,0.03200000000000003,0.001999999999999974,ZFM-04300,3ac05dd2-a294-4939-a837-93fe5ca543b6,Hippocampus
2.05,-0.00799999999999998,-0.03800000000000002,ZFM-04300,3ac05dd2-a294-4939-a837-93fe5ca543b6,Hippocampus
2.1500000000000004,-0.02799999999999997,-0.03800000000000002,ZFM-04300,3ac05dd2-a294-4939-a837-93fe5ca543b6,Hippocampus
2.25,0.012000000000000038,0.001999999999999974,ZFM-04300,3ac05dd2-a294-4939-a837-93fe5ca543b6,Hippocampus
2.3500000000000005,-0.04799999999999997,0.06199999999999997,ZFM-04300,3ac05dd2-a294-4939-a837-93fe5ca543b6,Hippocampus
2.45,0.012000000000000038,0.001999999999999974,ZFM-04300,3ac05dd2-a294-4939-a837-93fe5ca543b6,Hippocampus
2.55,0.03200000000000003,0.10199999999999998,ZFM-04300,3ac05dd2-a294-4939-a837-93fe5ca543b6,Hippocampus
2.6500000000000004,0.012000000000000038,-0.03800000000000002,ZFM-04300,3ac05dd2-a294-4939-a837-93fe5ca543b6,Hippocampus
2.75,0.03200000000000003,-0.07800000000000001,ZFM-04300,3ac05dd2-a294-4939-a837-93fe5ca543b6,Hippocampus
2.8500000000000005,0.012000000000000038,-0.018000000000000016,ZFM-04300,3ac05dd2-a294-4939-a837-93fe5ca543b6,Hippocampus
2.95,0.012000000000000038,-0.018000000000000016,ZFM-04300,3ac05dd2-a294-4939-a837-93fe5ca543b6,Hippocampus
3.05,-0.02799999999999997,-0.018000000000000016,ZFM-04300,3ac05dd2-a294-4939-a837-93fe5ca543b6,Hippocampus
3.1500000000000004,0.012000000000000038,-0.07800000000000001,ZFM-04300,3ac05dd2-a294-4939-a837-93fe5ca543b6,Hippocampus
3.25,-0.02799999999999997,-0.03800000000000002,ZFM-04300,3ac05dd2-a294-4939-a837-93fe5ca543b6,Hippocampus
3.3500000000000005,0.012000000000000038,-0.058000000000000024,ZFM-04300,3ac05dd2-a294-4939-a837-93fe5ca543b6,Hippocampus
3.45,0.012000000000000038,-0.018000000000000016,ZFM-04300,3ac05dd2-a294-4939-a837-93fe5ca543b6,Hippocampus
3.55,-0.06799999999999998,0.021999999999999992,ZFM-04300,3ac05dd2-a294-4939-a837-93fe5ca543b6,Hippocampus
3.6500000000000004,-0.06799999999999998,0.08199999999999999,ZFM-04300,3ac05dd2-a294-4939-a837-93fe5ca543b6,Hippocampus
3.75,0.03200000000000003,0.021999999999999992,ZFM-04300,3ac05dd2-a294-4939-a837-93fe5ca543b6,Hippocampus
3.8500000000000005,-0.06799999999999998,0.08199999999999999,ZFM-04300,3ac05dd2-a294-4939-a837-93fe5ca543b6,Hippocampus
3.95,0.07200000000000004,0.06199999999999997,ZFM-04300,3ac05dd2-a294-4939-a837-93fe5ca543b6,Hippocampus
-0.95,0.023999999999999994,-0.004000000000000031,ZFM-04300,d47ad5d8-5c7e-4ec6-9a94-0d2a23033dda,Midbrain
-0.8500000000000001,0.04400000000000001,-0.004000000000000031,ZFM-04300,d47ad5d8-5c7e-4ec6-9a94-0d2a23033dda,Midbrain
-0.75,-0.036000000000000004,-0.004000000000000031,ZFM-04300,d47ad5d8-5c7e-4ec6-9a94-0d2a23033dda,Midbrain
-0.6500000000000001,-0.016,0.015999999999999986,ZFM-04300,d47ad5d8-5c7e-4ec6-9a94-0d2a23033dda,Midbrain
-0.55,-0.016,0.015999999999999986,ZFM-04300,d47ad5d8-5c7e-4ec6-9a94-0d2a23033dda,Midbrain
-0.45,-0.016,0.035999999999999976,ZFM-04300,d47ad5d8-5c7e-4ec6-9a94-0d2a23033dda,Midbrain
-0.35000000000000003,0.0040000000000000036,0.015999999999999986,ZFM-04300,d47ad5d8-5c7e-4ec6-9a94-0d2a23033dda,Midbrain
-0.25,-0.016,-0.004000000000000031,ZFM-04300,d47ad5d8-5c7e-4ec6-9a94-0d2a23033dda,Midbrain
-0.15000000000000002,0.0040000000000000036,-0.02400000000000002,ZFM-04300,d47ad5d8-5c7e-4ec6-9a94-0d2a23033dda,Midbrain
-0.05,0.023999999999999994,-0.044000000000000025,ZFM-04300,d47ad5d8-5c7e-4ec6-9a94-0d2a23033dda,Midbrain
0.05,0.064,-0.044000000000000025,ZFM-04300,d47ad5d8-5c7e-4ec6-9a94-0d2a23033dda,Midbrain
0.15000000000000002,0.064,-0.044000000000000025,ZFM-04300,d47ad5d8-5c7e-4ec6-9a94-0d2a23033dda,Midbrain
0.25,0.064,-0.044000000000000025,ZFM-04300,d47ad5d8-5c7e-4ec6-9a94-0d2a23033dda,Midbrain
0.35000000000000003,0.064,-0.044000000000000025,ZFM-04300,d47ad5d8-5c7e-4ec6-9a94-0d2a23033dda,Midbrain
0.45,0.10400000000000001,-0.044000000000000025,ZFM-04300,d47ad5d8-5c7e-4ec6-9a94-0d2a23033dda,Midbrain
0.55,0.10400000000000001,-0.044000000000000025,ZFM-04300,d47ad5d8-5c7e-4ec6-9a94-0d2a23033dda,Midbrain
0.6500000000000001,0.023999999999999994,-0.044000000000000025,ZFM-04300,d47ad5d8-5c7e-4ec6-9a94-0d2a23033dda,Midbrain
0.75,0.10400000000000001,-0.044000000000000025,ZFM-04300,d47ad5d8-5c7e-4ec6-9a94-0d2a23033dda,Midbrain
0.8500000000000001,0.064,-0.044000000000000025,ZFM-04300,d47ad5d8-5c7e-4ec6-9a94-0d2a23033dda,Midbrain
0.95,0.023999999999999994,-0.044000000000000025,ZFM-04300,d47ad5d8-5c7e-4ec6-9a94-0d2a23033dda,Midbrain
1.05,0.04400000000000001,-0.02400000000000002,ZFM-04300,d47ad5d8-5c7e-4ec6-9a94-0d2a23033dda,Midbrain
1.1500000000000001,0.064,-0.044000000000000025,ZFM-04300,d47ad5d8-5c7e-4ec6-9a94-0d2a23033dda,Midbrain
1.25,0.08399999999999999,-0.044000000000000025,ZFM-04300,d47ad5d8-5c7e-4ec6-9a94-0d2a23033dda,Midbrain
1.35,0.10400000000000001,-0.02400000000000002,ZFM-04300,d47ad5d8-5c7e-4ec6-9a94-0d2a23033dda,Midbrain
1.4500000000000002,0.124,-0.004000000000000031,ZFM-04300,d47ad5d8-5c7e-4ec6-9a94-0d2a23033dda,Midbrain
1.55,0.023999999999999994,-0.02400000000000002,ZFM-04300,d47ad5d8-5c7e-4ec6-9a94-0d2a23033dda,Midbrain
1.6500000000000001,0.023999999999999994,-0.02400000000000002,ZFM-04300,d47ad5d8-5c7e-4ec6-9a94-0d2a23033dda,Midbrain
1.75,0.08399999999999999,-0.02400000000000002,ZFM-04300,d47ad5d8-5c7e-4ec6-9a94-0d2a23033dda,Midbrain
1.85,0.064,-0.02400000000000002,ZFM-04300,d47ad5d8-5c7e-4ec6-9a94-0d2a23033dda,Midbrain
1.9500000000000002,0.08399999999999999,-0.044000000000000025,ZFM-04300,d47ad5d8-5c7e-4ec6-9a94-0d2a23033dda,Midbrain
2.05,0.08399999999999999,-0.044000000000000025,ZFM-04300,d47ad5d8-5c7e-4ec6-9a94-0d2a23033dda,Midbrain
2.1500000000000004,0.04400000000000001,-0.044000000000000025,ZFM-04300,d47ad5d8-5c7e-4ec6-9a94-0d2a23033dda,Midbrain
2.25,-0.016,-0.044000000000000025,ZFM-04300,d47ad5d8-5c7e-4ec6-9a94-0d2a23033dda,Midbrain
2.3500000000000005,0.023999999999999994,-0.044000000000000025,ZFM-04300,d47ad5d8-5c7e-4ec6-9a94-0d2a23033dda,Midbrain
2.45,0.023999999999999994,-0.044000000000000025,ZFM-04300,d47ad5d8-5c7e-4ec6-9a94-0d2a23033dda,Midbrain
2.55,-0.036000000000000004,-0.02400000000000002,ZFM-04300,d47ad5d8-5c7e-4ec6-9a94-0d2a23033dda,Midbrain
2.6500000000000004,0.023999999999999994,-0.02400000000000002,ZFM-04300,d47ad5d8-5c7e-4ec6-9a94-0d2a23033dda,Midbrain
2.75,0.023999999999999994,-0.02400000000000002,ZFM-04300,d47ad5d8-5c7e-4ec6-9a94-0d2a23033dda,Midbrain
2.8500000000000005,0.023999999999999994,-0.004000000000000031,ZFM-04300,d47ad5d8-5c7e-4ec6-9a94-0d2a23033dda,Midbrain
2.95,0.023999999999999994,-0.004000000000000031,ZFM-04300,d47ad5d8-5c7e-4ec6-9a94-0d2a23033dda,Midbrain
3.05,0.0040000000000000036,-0.02400000000000002,ZFM-04300,d47ad5d8-5c7e-4ec6-9a94-0d2a23033dda,Midbrain
3.1500000000000004,0.064,-0.02400000000000002,ZFM-04300,d47ad5d8-5c7e-4ec6-9a94-0d2a23033dda,Midbrain
3.25,0.0040000000000000036,-0.02400000000000002,ZFM-04300,d47ad5d8-5c7e-4ec6-9a94-0d2a23033dda,Midbrain
3.3500000000000005,0.064,-0.02400000000000002,ZFM-04300,d47ad5d8-5c7e-4ec6-9a94-0d2a23033dda,Midbrain
3.45,0.04400000000000001,-0.02400000000000002,ZFM-04300,d47ad5d8-5c7e-4ec6-9a94-0d2a23033dda,Midbrain
3.55,0.08399999999999999,-0.02400000000000002,ZFM-04300,d47ad5d8-5c7e-4ec6-9a94-0d2a23033dda,Midbrain
3.6500000000000004,0.064,-0.02400000000000002,ZFM-04300,d47ad5d8-5c7e-4ec6-9a94-0d2a23033dda,Midbrain
3.75,0.08399999999999999,-0.02400000000000002,ZFM-04300,d47ad5d8-5c7e-4ec6-9a94-0d2a23033dda,Midbrain
3.8500000000000005,0.10400000000000001,-0.02400000000000002,ZFM-04300,d47ad5d8-5c7e-4ec6-9a94-0d2a23033dda,Midbrain
3.95,0.10400000000000001,-0.02400000000000002,ZFM-04300,d47ad5d8-5c7e-4ec6-9a94-0d2a23033dda,Midbrain
-0.95,-0.05600000000000002,0.05000000000000002,ZFM-04300,ea75c815-b3d8-4612-89e7-4b25cfec110d,Amygdala
-0.8500000000000001,-0.03600000000000003,0.03,ZFM-04300,ea75c815-b3d8-4612-89e7-4b25cfec110d,Amygdala
-0.75,0.023999999999999966,-0.03,ZFM-04300,ea75c815-b3d8-4612-89e7-4b25cfec110d,Amygdala
-0.6500000000000001,0.043999999999999984,-0.04999999999999999,ZFM-04300,ea75c815-b3d8-4612-89e7-4b25cfec110d,Amygdala
-0.55,0.043999999999999984,-0.04999999999999999,ZFM-04300,ea75c815-b3d8-4612-89e7-4b25cfec110d,Amygdala
-0.45,0.064,-0.04999999999999999,ZFM-04300,ea75c815-b3d8-4612-89e7-4b25cfec110d,Amygdala
-0.35000000000000003,0.023999999999999966,-0.009999999999999981,ZFM-04300,ea75c815-b3d8-4612-89e7-4b25cfec110d,Amygdala
-0.25,-0.07600000000000001,0.07,ZFM-04300,ea75c815-b3d8-4612-89e7-4b25cfec110d,Amygdala
-0.15000000000000002,-0.03600000000000003,0.03,ZFM-04300,ea75c815-b3d8-4612-89e7-4b25cfec110d,Amygdala
-0.05,0.003999999999999976,0.010000000000000009,ZFM-04300,ea75c815-b3d8-4612-89e7-4b25cfec110d,Amygdala
0.05,-0.016000000000000014,0.03,ZFM-04300,ea75c815-b3d8-4612-89e7-4b25cfec110d,Amygdala
0.15000000000000002,0.043999999999999984,-0.04999999999999999,ZFM-04300,ea75c815-b3d8-4612-89e7-4b25cfec110d,Amygdala
0.25,0.023999999999999966,-0.03,ZFM-04300,ea75c815-b3d8-4612-89e7-4b25cfec110d,Amygdala
0.35000000000000003,0.08399999999999996,-0.09,ZFM-04300,ea75c815-b3d8-4612-89e7-4b25cfec110d,Amygdala
0.45,0.043999999999999984,-0.06999999999999999,ZFM-04300,ea75c815-b3d8-4612-89e7-4b25cfec110d,Amygdala
0.55,0.043999999999999984,-0.04999999999999999,ZFM-04300,ea75c815-b3d8-4612-89e7-4b25cfec110d,Amygdala
0.6500000000000001,0.043999999999999984,-0.04999999999999999,ZFM-04300,ea75c815-b3d8-4612-89e7-4b25cfec110d,Amygdala
0.75,0.043999999999999984,-0.04999999999999999,ZFM-04300,ea75c815-b3d8-4612-89e7-4b25cfec110d,Amygdala
0.8500000000000001,0.003999999999999976,-0.009999999999999981,ZFM-04300,ea75c815-b3d8-4612-89e7-4b25cfec110d,Amygdala
0.95,0.023999999999999966,-0.04999999999999999,ZFM-04300,ea75c815-b3d8-4612-89e7-4b25cfec110d,Amygdala
1.05,-0.016000000000000014,-0.009999999999999981,ZFM-04300,ea75c815-b3d8-4612-89e7-4b25cfec110d,Amygdala
1.1500000000000001,0.003999999999999976,-0.03,ZFM-04300,ea75c815-b3d8-4612-89e7-4b25cfec110d,Amygdala
1.25,0.023999999999999966,-0.06999999999999999,ZFM-04300,ea75c815-b3d8-4612-89e7-4b25cfec110d,Amygdala
1.35,-0.016000000000000014,-0.009999999999999981,ZFM-04300,ea75c815-b3d8-4612-89e7-4b25cfec110d,Amygdala
1.4500000000000002,0.003999999999999976,-0.03,ZFM-04300,ea75c815-b3d8-4612-89e7-4b25cfec110d,Amygdala
1.55,-0.016000000000000014,-0.009999999999999981,ZFM-04300,ea75c815-b3d8-4612-89e7-4b25cfec110d,Amygdala
1.6500000000000001,-0.016000000000000014,-0.009999999999999981,ZFM-04300,ea75c815-b3d8-4612-89e7-4b25cfec110d,Amygdala
1.75,-0.016000000000000014,-0.009999999999999981,ZFM-04300,ea75c815-b3d8-4612-89e7-4b25cfec110d,Amygdala
1.85,-0.016000000000000014,-0.03,ZFM-04300,ea75c815-b3d8-4612-89e7-4b25cfec110d,Amygdala
1.9500000000000002,-0.016000000000000014,-0.03,ZFM-04300,ea75c815-b3d8-4612-89e7-4b25cfec110d,Amygdala
2.05,-0.016000000000000014,-0.03,ZFM-04300,ea75c815-b3d8-4612-89e7-4b25cfec110d,Amygdala
2.1500000000000004,0.064,-0.10999999999999999,ZFM-04300,ea75c815-b3d8-4612-89e7-4b25cfec110d,Amygdala
2.25,0.003999999999999976,-0.04999999999999999,ZFM-04300,ea75c815-b3d8-4612-89e7-4b25cfec110d,Amygdala
2.3500000000000005,0.043999999999999984,-0.06999999999999999,ZFM-04300,ea75c815-b3d8-4612-89e7-4b25cfec110d,Amygdala
2.45,0.023999999999999966,-0.04999999999999999,ZFM-04300,ea75c815-b3d8-4612-89e7-4b25cfec110d,Amygdala
2.55,0.023999999999999966,-0.06999999999999999,ZFM-04300,ea75c815-b3d8-4612-89e7-4b25cfec110d,Amygdala
2.6500000000000004,0.023999999999999966,-0.04999999999999999,ZFM-04300,ea75c815-b3d8-4612-89e7-4b25cfec110d,Amygdala
2.75,0.003999999999999976,-0.009999999999999981,ZFM-04300,ea75c815-b3d8-4612-89e7-4b25cfec110d,Amygdala
2.8500000000000005,-0.03600000000000003,0.03,ZFM-04300,ea75c815-b3d8-4612-89e7-4b25cfec110d,Amygdala
2.95,0.003999999999999976,-0.009999999999999981,ZFM-04300,ea75c815-b3d8-4612-89e7-4b25cfec110d,Amygdala
3.05,0.003999999999999976,-0.03,ZFM-04300,ea75c815-b3d8-4612-89e7-4b25cfec110d,Amygdala
3.1500000000000004,0.003999999999999976,0.010000000000000009,ZFM-04300,ea75c815-b3d8-4612-89e7-4b25cfec110d,Amygdala
3.25,0.043999999999999984,-0.03,ZFM-04300,ea75c815-b3d8-4612-89e7-4b25cfec110d,Amygdala
3.3500000000000005,0.023999999999999966,-0.009999999999999981,ZFM-04300,ea75c815-b3d8-4612-89e7-4b25cfec110d,Amygdala
3.45,0.003999999999999976,-0.009999999999999981,ZFM-04300,ea75c815-b3d8-4612-89e7-4b25cfec110d,Amygdala
3.55,0.003999999999999976,-0.009999999999999981,ZFM-04300,ea75c815-b3d8-4612-89e7-4b25cfec110d,Amygdala
3.6500000000000004,0.043999999999999984,-0.06999999999999999,ZFM-04300,ea75c815-b3d8-4612-89e7-4b25cfec110d,Amygdala
3.75,0.023999999999999966,-0.04999999999999999,ZFM-04300,ea75c815-b3d8-4612-89e7-4b25cfec110d,Amygdala
3.8500000000000005,0.003999999999999976,-0.03,ZFM-04300,ea75c815-b3d8-4612-89e7-4b25cfec110d,Amygdala
3.95,-0.016000000000000014,-0.009999999999999981,ZFM-04300,ea75c815-b3d8-4612-89e7-4b25cfec110d,Amygdala
-0.95,-0.02999999999999997,-1.3877787807814457e-17,ZFM-04300,ea75c815-b3d8-4612-89e7-4b25cfec110d,Hippocampus
-0.8500000000000001,-0.02999999999999997,-1.3877787807814457e-17,ZFM-04300,ea75c815-b3d8-4612-89e7-4b25cfec110d,Hippocampus
-0.75,-0.04999999999999996,-1.3877787807814457e-17,ZFM-04300,ea75c815-b3d8-4612-89e7-4b25cfec110d,Hippocampus
-0.6500000000000001,0.010000000000000037,-1.3877787807814457e-17,ZFM-04300,ea75c815-b3d8-4612-89e7-4b25cfec110d,Hippocampus
-0.55,0.010000000000000037,-1.3877787807814457e-17,ZFM-04300,ea75c815-b3d8-4612-89e7-4b25cfec110d,Hippocampus
-0.45,0.050000000000000044,-1.3877787807814457e-17,ZFM-04300,ea75c815-b3d8-4612-89e7-4b25cfec110d,Hippocampus
-0.35000000000000003,0.050000000000000044,-1.3877787807814457e-17,ZFM-04300,ea75c815-b3d8-4612-89e7-4b25cfec110d,Hippocampus
-0.25,-0.009999999999999953,-1.3877787807814457e-17,ZFM-04300,ea75c815-b3d8-4612-89e7-4b25cfec110d,Hippocampus
-0.15000000000000002,-0.02999999999999997,-1.3877787807814457e-17,ZFM-04300,ea75c815-b3d8-4612-89e7-4b25cfec110d,Hippocampus
-0.05,0.030000000000000027,-1.3877787807814457e-17,ZFM-04300,ea75c815-b3d8-4612-89e7-4b25cfec110d,Hippocampus
0.05,0.010000000000000037,-1.3877787807814457e-17,ZFM-04300,ea75c815-b3d8-4612-89e7-4b25cfec110d,Hippocampus
0.15000000000000002,-0.02999999999999997,-1.3877787807814457e-17,ZFM-04300,ea75c815-b3d8-4612-89e7-4b25cfec110d,Hippocampus
0.25,-0.009999999999999953,-0.02000000000000001,ZFM-04300,ea75c815-b3d8-4612-89e7-4b25cfec110d,Hippocampus
0.35000000000000003,0.010000000000000037,-1.3877787807814457e-17,ZFM-04300,ea75c815-b3d8-4612-89e7-4b25cfec110d,Hippocampus
0.45,0.030000000000000027,-0.02000000000000001,ZFM-04300,ea75c815-b3d8-4612-89e7-4b25cfec110d,Hippocampus
0.55,0.030000000000000027,-0.02000000000000001,ZFM-04300,ea75c815-b3d8-4612-89e7-4b25cfec110d,Hippocampus
0.6500000000000001,0.030000000000000027,-1.3877787807814457e-17,ZFM-04300,ea75c815-b3d8-4612-89e7-4b25cfec110d,Hippocampus
0.75,0.07000000000000003,-0.02000000000000001,ZFM-04300,ea75c815-b3d8-4612-89e7-4b25cfec110d,Hippocampus
0.8500000000000001,0.050000000000000044,-0.02000000000000001,ZFM-04300,ea75c815-b3d8-4612-89e7-4b25cfec110d,Hippocampus
0.95,-0.009999999999999953,-0.02000000000000001,ZFM-04300,ea75c815-b3d8-4612-89e7-4b25cfec110d,Hippocampus
1.05,-0.009999999999999953,-0.02000000000000001,ZFM-04300,ea75c815-b3d8-4612-89e7-4b25cfec110d,Hippocampus
1.1500000000000001,-0.04999999999999996,-0.02000000000000001,ZFM-04300,ea75c815-b3d8-4612-89e7-4b25cfec110d,Hippocampus
1.25,0.030000000000000027,-0.02000000000000001,ZFM-04300,ea75c815-b3d8-4612-89e7-4b25cfec110d,Hippocampus
1.35,0.09000000000000002,-0.02000000000000001,ZFM-04300,ea75c815-b3d8-4612-89e7-4b25cfec110d,Hippocampus
1.4500000000000002,0.030000000000000027,-0.02000000000000001,ZFM-04300,ea75c815-b3d8-4612-89e7-4b25cfec110d,Hippocampus
1.55,-0.009999999999999953,-1.3877787807814457e-17,ZFM-04300,ea75c815-b3d8-4612-89e7-4b25cfec110d,Hippocampus
1.6500000000000001,0.030000000000000027,-1.3877787807814457e-17,ZFM-04300,ea75c815-b3d8-4612-89e7-4b25cfec110d,Hippocampus
1.75,0.09000000000000002,-1.3877787807814457e-17,ZFM-04300,ea75c815-b3d8-4612-89e7-4b25cfec110d,Hippocampus
1.85,0.09000000000000002,-1.3877787807814457e-17,ZFM-04300,ea75c815-b3d8-4612-89e7-4b25cfec110d,Hippocampus
1.9500000000000002,0.07000000000000003,-1.3877787807814457e-17,ZFM-04300,ea75c815-b3d8-4612-89e7-4b25cfec110d,Hippocampus
2.05,0.07000000000000003,-1.3877787807814457e-17,ZFM-04300,ea75c815-b3d8-4612-89e7-4b25cfec110d,Hippocampus
2.1500000000000004,0.030000000000000027,-0.02000000000000001,ZFM-04300,ea75c815-b3d8-4612-89e7-4b25cfec110d,Hippocampus
2.25,0.010000000000000037,-0.02000000000000001,ZFM-04300,ea75c815-b3d8-4612-89e7-4b25cfec110d,Hippocampus
2.3500000000000005,0.010000000000000037,-1.3877787807814457e-17,ZFM-04300,ea75c815-b3d8-4612-89e7-4b25cfec110d,Hippocampus
2.45,0.030000000000000027,-1.3877787807814457e-17,ZFM-04300,ea75c815-b3d8-4612-89e7-4b25cfec110d,Hippocampus
2.55,0.010000000000000037,-0.02000000000000001,ZFM-04300,ea75c815-b3d8-4612-89e7-4b25cfec110d,Hippocampus
2.6500000000000004,-0.009999999999999953,-0.02000000000000001,ZFM-04300,ea75c815-b3d8-4612-89e7-4b25cfec110d,Hippocampus
2.75,-0.02999999999999997,-0.04000000000000001,ZFM-04300,ea75c815-b3d8-4612-89e7-4b25cfec110d,Hippocampus
2.8500000000000005,-0.06999999999999997,-0.02000000000000001,ZFM-04300,ea75c815-b3d8-4612-89e7-4b25cfec110d,Hippocampus
2.95,-0.04999999999999996,-0.04000000000000001,ZFM-04300,ea75c815-b3d8-4612-89e7-4b25cfec110d,Hippocampus
3.05,-0.04999999999999996,-0.04000000000000001,ZFM-04300,ea75c815-b3d8-4612-89e7-4b25cfec110d,Hippocampus
3.1500000000000004,-0.08999999999999997,-0.04000000000000001,ZFM-04300,ea75c815-b3d8-4612-89e7-4b25cfec110d,Hippocampus
3.25,-0.08999999999999997,-0.04000000000000001,ZFM-04300,ea75c815-b3d8-4612-89e7-4b25cfec110d,Hippocampus
3.3500000000000005,-0.04999999999999996,-0.02000000000000001,ZFM-04300,ea75c815-b3d8-4612-89e7-4b25cfec110d,Hippocampus
3.45,0.010000000000000037,-0.02000000000000001,ZFM-04300,ea75c815-b3d8-4612-89e7-4b25cfec110d,Hippocampus
3.55,-0.009999999999999953,-0.02000000000000001,ZFM-04300,ea75c815-b3d8-4612-89e7-4b25cfec110d,Hippocampus
3.6500000000000004,0.09000000000000002,-0.02000000000000001,ZFM-04300,ea75c815-b3d8-4612-89e7-4b25cfec110d,Hippocampus
3.75,0.07000000000000003,-0.02000000000000001,ZFM-04300,ea75c815-b3d8-4612-89e7-4b25cfec110d,Hippocampus
3.8500000000000005,0.07000000000000003,-1.3877787807814457e-17,ZFM-04300,ea75c815-b3d8-4612-89e7-4b25cfec110d,Hippocampus
3.95,0.010000000000000037,-0.02000000000000001,ZFM-04300,ea75c815-b3d8-4612-89e7-4b25cfec110d,Hippocampus
-0.95,-0.0040000000000000036,-0.04000000000000002,ZFM-04300,3c2e0334-d7d7-4843-a43b-bd71758c7d33,Midbrain
-0.8500000000000001,0.015999999999999986,-0.020000000000000018,ZFM-04300,3c2e0334-d7d7-4843-a43b-bd71758c7d33,Midbrain
-0.75,0.036000000000000004,-0.020000000000000018,ZFM-04300,3c2e0334-d7d7-4843-a43b-bd71758c7d33,Midbrain
-0.6500000000000001,0.036000000000000004,-2.7755575615628914e-17,ZFM-04300,3c2e0334-d7d7-4843-a43b-bd71758c7d33,Midbrain
-0.55,0.015999999999999986,-2.7755575615628914e-17,ZFM-04300,3c2e0334-d7d7-4843-a43b-bd71758c7d33,Midbrain
-0.45,0.015999999999999986,-2.7755575615628914e-17,ZFM-04300,3c2e0334-d7d7-4843-a43b-bd71758c7d33,Midbrain
-0.35000000000000003,-0.023999999999999994,0.01999999999999999,ZFM-04300,3c2e0334-d7d7-4843-a43b-bd71758c7d33,Midbrain
-0.25,-0.023999999999999994,0.01999999999999999,ZFM-04300,3c2e0334-d7d7-4843-a43b-bd71758c7d33,Midbrain
-0.15000000000000002,-0.023999999999999994,0.03999999999999998,ZFM-04300,3c2e0334-d7d7-4843-a43b-bd71758c7d33,Midbrain
-0.05,-0.04400000000000001,-2.7755575615628914e-17,ZFM-04300,3c2e0334-d7d7-4843-a43b-bd71758c7d33,Midbrain
0.05,0.015999999999999986,0.01999999999999999,ZFM-04300,3c2e0334-d7d7-4843-a43b-bd71758c7d33,Midbrain
0.15000000000000002,-0.0040000000000000036,-2.7755575615628914e-17,ZFM-04300,3c2e0334-d7d7-4843-a43b-bd71758c7d33,Midbrain
0.25,-0.0040000000000000036,-0.04000000000000002,ZFM-04300,3c2e0334-d7d7-4843-a43b-bd71758c7d33,Midbrain
0.35000000000000003,0.036000000000000004,-0.020000000000000018,ZFM-04300,3c2e0334-d7d7-4843-a43b-bd71758c7d33,Midbrain
0.45,0.055999999999999994,-0.020000000000000018,ZFM-04300,3c2e0334-d7d7-4843-a43b-bd71758c7d33,Midbrain
0.55,-0.0040000000000000036,-0.04000000000000002,ZFM-04300,3c2e0334-d7d7-4843-a43b-bd71758c7d33,Midbrain
0.6500000000000001,0.015999999999999986,-0.04000000000000002,ZFM-04300,3c2e0334-d7d7-4843-a43b-bd71758c7d33,Midbrain
0.75,0.036000000000000004,-0.04000000000000002,ZFM-04300,3c2e0334-d7d7-4843-a43b-bd71758c7d33,Midbrain
0.8500000000000001,0.036000000000000004,-0.060000000000000026,ZFM-04300,3c2e0334-d7d7-4843-a43b-bd71758c7d33,Midbrain
0.95,0.015999999999999986,-0.060000000000000026,ZFM-04300,3c2e0334-d7d7-4843-a43b-bd71758c7d33,Midbrain
1.05,0.055999999999999994,-0.08000000000000002,ZFM-04300,3c2e0334-d7d7-4843-a43b-bd71758c7d33,Midbrain
1.1500000000000001,0.015999999999999986,-0.020000000000000018,ZFM-04300,3c2e0334-d7d7-4843-a43b-bd71758c7d33,Midbrain
1.25,0.07599999999999998,-2.7755575615628914e-17,ZFM-04300,3c2e0334-d7d7-4843-a43b-bd71758c7d33,Midbrain
1.35,0.055999999999999994,0.03999999999999998,ZFM-04300,3c2e0334-d7d7-4843-a43b-bd71758c7d33,Midbrain
1.4500000000000002,0.07599999999999998,0.01999999999999999,ZFM-04300,3c2e0334-d7d7-4843-a43b-bd71758c7d33,Midbrain
1.55,0.055999999999999994,0.01999999999999999,ZFM-04300,3c2e0334-d7d7-4843-a43b-bd71758c7d33,Midbrain
1.6500000000000001,0.036000000000000004,0.01999999999999999,ZFM-04300,3c2e0334-d7d7-4843-a43b-bd71758c7d33,Midbrain
1.75,-0.0040000000000000036,-2.7755575615628914e-17,ZFM-04300,3c2e0334-d7d7-4843-a43b-bd71758c7d33,Midbrain
1.85,-0.0040000000000000036,0.01999999999999999,ZFM-04300,3c2e0334-d7d7-4843-a43b-bd71758c7d33,Midbrain
1.9500000000000002,-0.0040000000000000036,-2.7755575615628914e-17,ZFM-04300,3c2e0334-d7d7-4843-a43b-bd71758c7d33,Midbrain
2.05,-0.023999999999999994,0.03999999999999998,ZFM-04300,3c2e0334-d7d7-4843-a43b-bd71758c7d33,Midbrain
2.1500000000000004,-0.064,0.05999999999999997,ZFM-04300,3c2e0334-d7d7-4843-a43b-bd71758c7d33,Midbrain
2.25,-0.10400000000000001,0.03999999999999998,ZFM-04300,3c2e0334-d7d7-4843-a43b-bd71758c7d33,Midbrain
2.3500000000000005,-0.04400000000000001,0.01999999999999999,ZFM-04300,3c2e0334-d7d7-4843-a43b-bd71758c7d33,Midbrain
2.45,-0.04400000000000001,0.01999999999999999,ZFM-04300,3c2e0334-d7d7-4843-a43b-bd71758c7d33,Midbrain
2.55,-0.0040000000000000036,-2.7755575615628914e-17,ZFM-04300,3c2e0334-d7d7-4843-a43b-bd71758c7d33,Midbrain
2.6500000000000004,-0.084,-2.7755575615628914e-17,ZFM-04300,3c2e0334-d7d7-4843-a43b-bd71758c7d33,Midbrain
2.75,-0.084,0.01999999999999999,ZFM-04300,3c2e0334-d7d7-4843-a43b-bd71758c7d33,Midbrain
2.8500000000000005,-0.064,-0.020000000000000018,ZFM-04300,3c2e0334-d7d7-4843-a43b-bd71758c7d33,Midbrain
2.95,-0.064,-0.04000000000000002,ZFM-04300,3c2e0334-d7d7-4843-a43b-bd71758c7d33,Midbrain
3.05,-0.04400000000000001,-2.7755575615628914e-17,ZFM-04300,3c2e0334-d7d7-4843-a43b-bd71758c7d33,Midbrain
3.1500000000000004,-0.023999999999999994,-2.7755575615628914e-17,ZFM-04300,3c2e0334-d7d7-4843-a43b-bd71758c7d33,Midbrain
3.25,-0.023999999999999994,-0.020000000000000018,ZFM-04300,3c2e0334-d7d7-4843-a43b-bd71758c7d33,Midbrain
3.3500000000000005,-0.04400000000000001,-0.020000000000000018,ZFM-04300,3c2e0334-d7d7-4843-a43b-bd71758c7d33,Midbrain
3.45,-0.064,-0.04000000000000002,ZFM-04300,3c2e0334-d7d7-4843-a43b-bd71758c7d33,Midbrain
3.55,-0.04400000000000001,-0.020000000000000018,ZFM-04300,3c2e0334-d7d7-4843-a43b-bd71758c7d33,Midbrain
3.6500000000000004,-0.023999999999999994,-0.04000000000000002,ZFM-04300,3c2e0334-d7d7-4843-a43b-bd71758c7d33,Midbrain
3.75,-0.023999999999999994,-0.04000000000000002,ZFM-04300,3c2e0334-d7d7-4843-a43b-bd71758c7d33,Midbrain
3.8500000000000005,-0.0040000000000000036,-0.020000000000000018,ZFM-04300,3c2e0334-d7d7-4843-a43b-bd71758c7d33,Midbrain
3.95,-0.023999999999999994,0.01999999999999999,ZFM-04300,3c2e0334-d7d7-4843-a43b-bd71758c7d33,Midbrain
-0.95,-0.0040000000000000036,0.07200000000000001,ZFM-04300,6b68ff0d-9014-4a81-b2c2-915ddfdba3a3,Hippocampus
-0.8500000000000001,0.015999999999999986,0.03199999999999997,ZFM-04300,6b68ff0d-9014-4a81-b2c2-915ddfdba3a3,Hippocampus
-0.75,-0.064,-0.068,ZFM-04300,6b68ff0d-9014-4a81-b2c2-915ddfdba3a3,Hippocampus
-0.6500000000000001,-0.04400000000000001,-0.008000000000000007,ZFM-04300,6b68ff0d-9014-4a81-b2c2-915ddfdba3a3,Hippocampus
-0.55,0.07600000000000001,0.03199999999999997,ZFM-04300,6b68ff0d-9014-4a81-b2c2-915ddfdba3a3,Hippocampus
-0.45,0.15599999999999997,0.07200000000000001,ZFM-04300,6b68ff0d-9014-4a81-b2c2-915ddfdba3a3,Hippocampus
-0.35000000000000003,-0.02400000000000002,-0.068,ZFM-04300,6b68ff0d-9014-4a81-b2c2-915ddfdba3a3,Hippocampus
-0.25,-0.02400000000000002,-0.008000000000000007,ZFM-04300,6b68ff0d-9014-4a81-b2c2-915ddfdba3a3,Hippocampus
-0.15000000000000002,-0.04400000000000001,-0.008000000000000007,ZFM-04300,6b68ff0d-9014-4a81-b2c2-915ddfdba3a3,Hippocampus
-0.05,-0.04400000000000001,-0.048000000000000015,ZFM-04300,6b68ff0d-9014-4a81-b2c2-915ddfdba3a3,Hippocampus
0.05,0.015999999999999986,-0.068,ZFM-04300,6b68ff0d-9014-4a81-b2c2-915ddfdba3a3,Hippocampus
0.15000000000000002,0.035999999999999976,-0.048000000000000015,ZFM-04300,6b68ff0d-9014-4a81-b2c2-915ddfdba3a3,Hippocampus
0.25,0.055999999999999994,-0.028000000000000025,ZFM-04300,6b68ff0d-9014-4a81-b2c2-915ddfdba3a3,Hippocampus
0.35000000000000003,0.015999999999999986,-0.028000000000000025,ZFM-04300,6b68ff0d-9014-4a81-b2c2-915ddfdba3a3,Hippocampus
0.45,0.09599999999999997,-0.10800000000000001,ZFM-04300,6b68ff0d-9014-4a81-b2c2-915ddfdba3a3,Hippocampus
0.55,0.196,-0.10800000000000001,ZFM-04300,6b68ff0d-9014-4a81-b2c2-915ddfdba3a3,Hippocampus
0.6500000000000001,-0.02400000000000002,-0.008000000000000007,ZFM-04300,6b68ff0d-9014-4a81-b2c2-915ddfdba3a3,Hippocampus
0.75,-0.02400000000000002,-0.008000000000000007,ZFM-04300,6b68ff0d-9014-4a81-b2c2-915ddfdba3a3,Hippocampus
0.8500000000000001,0.07600000000000001,-0.08800000000000002,ZFM-04300,6b68ff0d-9014-4a81-b2c2-915ddfdba3a3,Hippocampus
0.95,0.11599999999999999,-0.14800000000000002,ZFM-04300,6b68ff0d-9014-4a81-b2c2-915ddfdba3a3,Hippocampus
1.05,0.15599999999999997,-0.10800000000000001,ZFM-04300,6b68ff0d-9014-4a81-b2c2-915ddfdba3a3,Hippocampus
1.1500000000000001,0.055999999999999994,-0.08800000000000002,ZFM-04300,6b68ff0d-9014-4a81-b2c2-915ddfdba3a3,Hippocampus
1.25,-0.02400000000000002,-0.068,ZFM-04300,6b68ff0d-9014-4a81-b2c2-915ddfdba3a3,Hippocampus
1.35,-0.04400000000000001,0.07200000000000001,ZFM-04300,6b68ff0d-9014-4a81-b2c2-915ddfdba3a3,Hippocampus
1.4500000000000002,0.035999999999999976,0.07200000000000001,ZFM-04300,6b68ff0d-9014-4a81-b2c2-915ddfdba3a3,Hippocampus
1.55,-0.0040000000000000036,-0.028000000000000025,ZFM-04300,6b68ff0d-9014-4a81-b2c2-915ddfdba3a3,Hippocampus
1.6500000000000001,0.015999999999999986,-0.08800000000000002,ZFM-04300,6b68ff0d-9014-4a81-b2c2-915ddfdba3a3,Hippocampus
1.75,0.015999999999999986,-0.028000000000000025,ZFM-04300,6b68ff0d-9014-4a81-b2c2-915ddfdba3a3,Hippocampus
1.85,-0.10400000000000001,-0.028000000000000025,ZFM-04300,6b68ff0d-9014-4a81-b2c2-915ddfdba3a3,Hippocampus
1.9500000000000002,-0.02400000000000002,-0.008000000000000007,ZFM-04300,6b68ff0d-9014-4a81-b2c2-915ddfdba3a3,Hippocampus
2.05,-0.04400000000000001,-0.008000000000000007,ZFM-04300,6b68ff0d-9014-4a81-b2c2-915ddfdba3a3,Hippocampus
2.1500000000000004,-0.064,-0.008000000000000007,ZFM-04300,6b68ff0d-9014-4a81-b2c2-915ddfdba3a3,Hippocampus
2.25,0.035999999999999976,0.011999999999999983,ZFM-04300,6b68ff0d-9014-4a81-b2c2-915ddfdba3a3,Hippocampus
2.3500000000000005,-0.10400000000000001,-0.028000000000000025,ZFM-04300,6b68ff0d-9014-4a81-b2c2-915ddfdba3a3,Hippocampus
2.45,-0.064,-0.008000000000000007,ZFM-04300,6b68ff0d-9014-4a81-b2c2-915ddfdba3a3,Hippocampus
2.55,0.015999999999999986,-0.028000000000000025,ZFM-04300,6b68ff0d-9014-4a81-b2c2-915ddfdba3a3,Hippocampus
2.6500000000000004,-0.064,-0.068,ZFM-04300,6b68ff0d-9014-4a81-b2c2-915ddfdba3a3,Hippocampus
2.75,0.015999999999999986,-0.028000000000000025,ZFM-04300,6b68ff0d-9014-4a81-b2c2-915ddfdba3a3,Hippocampus
2.8500000000000005,-0.04400000000000001,0.011999999999999983,ZFM-04300,6b68ff0d-9014-4a81-b2c2-915ddfdba3a3,Hippocampus
2.95,0.035999999999999976,-0.008000000000000007,ZFM-04300,6b68ff0d-9014-4a81-b2c2-915ddfdba3a3,Hippocampus
3.05,0.07600000000000001,-0.028000000000000025,ZFM-04300,6b68ff0d-9014-4a81-b2c2-915ddfdba3a3,Hippocampus
3.1500000000000004,0.035999999999999976,-0.028000000000000025,ZFM-04300,6b68ff0d-9014-4a81-b2c2-915ddfdba3a3,Hippocampus
3.25,-0.04400000000000001,-0.008000000000000007,ZFM-04300,6b68ff0d-9014-4a81-b2c2-915ddfdba3a3,Hippocampus
3.3500000000000005,-0.02400000000000002,0.03199999999999997,ZFM-04300,6b68ff0d-9014-4a81-b2c2-915ddfdba3a3,Hippocampus
3.45,0.015999999999999986,-0.08800000000000002,ZFM-04300,6b68ff0d-9014-4a81-b2c2-915ddfdba3a3,Hippocampus
3.55,0.07600000000000001,-0.08800000000000002,ZFM-04300,6b68ff0d-9014-4a81-b2c2-915ddfdba3a3,Hippocampus
3.6500000000000004,0.09599999999999997,-0.008000000000000007,ZFM-04300,6b68ff0d-9014-4a81-b2c2-915ddfdba3a3,Hippocampus
3.75,0.055999999999999994,-0.068,ZFM-04300,6b68ff0d-9014-4a81-b2c2-915ddfdba3a3,Hippocampus
3.8500000000000005,-0.0040000000000000036,0.05199999999999999,ZFM-04300,6b68ff0d-9014-4a81-b2c2-915ddfdba3a3,Hippocampus
3.95,-0.0040000000000000036,0.03199999999999997,ZFM-04300,6b68ff0d-9014-4a81-b2c2-915ddfdba3a3,Hippocampus
-0.95,0.048,-0.03199999999999997,ZFM-04300,6b68ff0d-9014-4a81-b2c2-915ddfdba3a3,Thalamus
-0.8500000000000001,-0.012000000000000004,0.008000000000000063,ZFM-04300,6b68ff0d-9014-4a81-b2c2-915ddfdba3a3,Thalamus
-0.75,-0.012000000000000004,-0.05199999999999996,ZFM-04300,6b68ff0d-9014-4a81-b2c2-915ddfdba3a3,Thalamus
-0.6500000000000001,0.007999999999999993,-0.07199999999999995,ZFM-04300,6b68ff0d-9014-4a81-b2c2-915ddfdba3a3,Thalamus
-0.55,0.027999999999999997,-0.03199999999999997,ZFM-04300,6b68ff0d-9014-4a81-b2c2-915ddfdba3a3,Thalamus
-0.45,0.027999999999999997,0.028000000000000025,ZFM-04300,6b68ff0d-9014-4a81-b2c2-915ddfdba3a3,Thalamus
-0.35000000000000003,-0.012000000000000004,0.06800000000000006,ZFM-04300,6b68ff0d-9014-4a81-b2c2-915ddfdba3a3,Thalamus
-0.25,-0.032,0.04800000000000004,ZFM-04300,6b68ff0d-9014-4a81-b2c2-915ddfdba3a3,Thalamus
-0.15000000000000002,-0.052000000000000005,0.028000000000000025,ZFM-04300,6b68ff0d-9014-4a81-b2c2-915ddfdba3a3,Thalamus
-0.05,0.007999999999999993,0.008000000000000063,ZFM-04300,6b68ff0d-9014-4a81-b2c2-915ddfdba3a3,Thalamus
0.05,0.06799999999999999,-0.011999999999999955,ZFM-04300,6b68ff0d-9014-4a81-b2c2-915ddfdba3a3,Thalamus
0.15000000000000002,0.027999999999999997,-0.03199999999999997,ZFM-04300,6b68ff0d-9014-4a81-b2c2-915ddfdba3a3,Thalamus
0.25,0.048,-0.05199999999999996,ZFM-04300,6b68ff0d-9014-4a81-b2c2-915ddfdba3a3,Thalamus
0.35000000000000003,0.048,-0.07199999999999995,ZFM-04300,6b68ff0d-9014-4a81-b2c2-915ddfdba3a3,Thalamus
0.45,-0.012000000000000004,-0.05199999999999996,ZFM-04300,6b68ff0d-9014-4a81-b2c2-915ddfdba3a3,Thalamus
0.55,-0.012000000000000004,0.028000000000000025,ZFM-04300,6b68ff0d-9014-4a81-b2c2-915ddfdba3a3,Thalamus
0.6500000000000001,0.007999999999999993,-0.011999999999999955,ZFM-04300,6b68ff0d-9014-4a81-b2c2-915ddfdba3a3,Thalamus
0.75,0.007999999999999993,-0.05199999999999996,ZFM-04300,6b68ff0d-9014-4a81-b2c2-915ddfdba3a3,Thalamus
0.8500000000000001,0.007999999999999993,-0.09199999999999997,ZFM-04300,6b68ff0d-9014-4a81-b2c2-915ddfdba3a3,Thalamus
0.95,0.108,-0.17199999999999996,ZFM-04300,6b68ff0d-9014-4a81-b2c2-915ddfdba3a3,Thalamus
1.05,0.108,-0.19199999999999995,ZFM-04300,6b68ff0d-9014-4a81-b2c2-915ddfdba3a3,Thalamus
1.1500000000000001,0.08800000000000001,-0.13199999999999995,ZFM-04300,6b68ff0d-9014-4a81-b2c2-915ddfdba3a3,Thalamus
1.25,0.027999999999999997,-0.13199999999999995,ZFM-04300,6b68ff0d-9014-4a81-b2c2-915ddfdba3a3,Thalamus
1.35,0.027999999999999997,-0.15199999999999997,ZFM-04300,6b68ff0d-9014-4a81-b2c2-915ddfdba3a3,Thalamus
1.4500000000000002,-0.012000000000000004,-0.13199999999999995,ZFM-04300,6b68ff0d-9014-4a81-b2c2-915ddfdba3a3,Thalamus
1.55,-0.032,-0.05199999999999996,ZFM-04300,6b68ff0d-9014-4a81-b2c2-915ddfdba3a3,Thalamus
1.6500000000000001,-0.032,-0.03199999999999997,ZFM-04300,6b68ff0d-9014-4a81-b2c2-915ddfdba3a3,Thalamus
1.75,-0.012000000000000004,0.008000000000000063,ZFM-04300,6b68ff0d-9014-4a81-b2c2-915ddfdba3a3,Thalamus
1.85,-0.012000000000000004,-0.07199999999999995,ZFM-04300,6b68ff0d-9014-4a81-b2c2-915ddfdba3a3,Thalamus
1.9500000000000002,-0.012000000000000004,-0.05199999999999996,ZFM-04300,6b68ff0d-9014-4a81-b2c2-915ddfdba3a3,Thalamus
2.05,0.027999999999999997,-0.05199999999999996,ZFM-04300,6b68ff0d-9014-4a81-b2c2-915ddfdba3a3,Thalamus
2.1500000000000004,-0.012000000000000004,0.008000000000000063,ZFM-04300,6b68ff0d-9014-4a81-b2c2-915ddfdba3a3,Thalamus
2.25,0.007999999999999993,-0.03199999999999997,ZFM-04300,6b68ff0d-9014-4a81-b2c2-915ddfdba3a3,Thalamus
2.3500000000000005,0.048,0.028000000000000025,ZFM-04300,6b68ff0d-9014-4a81-b2c2-915ddfdba3a3,Thalamus
2.45,0.048,0.028000000000000025,ZFM-04300,6b68ff0d-9014-4a81-b2c2-915ddfdba3a3,Thalamus
2.55,0.108,-0.03199999999999997,ZFM-04300,6b68ff0d-9014-4a81-b2c2-915ddfdba3a3,Thalamus
2.6500000000000004,-0.012000000000000004,0.028000000000000025,ZFM-04300,6b68ff0d-9014-4a81-b2c2-915ddfdba3a3,Thalamus
2.75,0.007999999999999993,-0.05199999999999996,ZFM-04300,6b68ff0d-9014-4a81-b2c2-915ddfdba3a3,Thalamus
2.8500000000000005,0.027999999999999997,-0.03199999999999997,ZFM-04300,6b68ff0d-9014-4a81-b2c2-915ddfdba3a3,Thalamus
2.95,0.048,-0.05199999999999996,ZFM-04300,6b68ff0d-9014-4a81-b2c2-915ddfdba3a3,Thalamus
3.05,0.007999999999999993,0.04800000000000004,ZFM-04300,6b68ff0d-9014-4a81-b2c2-915ddfdba3a3,Thalamus
3.1500000000000004,-0.012000000000000004,0.08800000000000002,ZFM-04300,6b68ff0d-9014-4a81-b2c2-915ddfdba3a3,Thalamus
3.25,-0.012000000000000004,0.04800000000000004,ZFM-04300,6b68ff0d-9014-4a81-b2c2-915ddfdba3a3,Thalamus
3.3500000000000005,0.007999999999999993,-0.03199999999999997,ZFM-04300,6b68ff0d-9014-4a81-b2c2-915ddfdba3a3,Thalamus
3.45,0.06799999999999999,-0.05199999999999996,ZFM-04300,6b68ff0d-9014-4a81-b2c2-915ddfdba3a3,Thalamus
3.55,0.06799999999999999,-0.05199999999999996,ZFM-04300,6b68ff0d-9014-4a81-b2c2-915ddfdba3a3,Thalamus
3.6500000000000004,0.06799999999999999,-0.05199999999999996,ZFM-04300,6b68ff0d-9014-4a81-b2c2-915ddfdba3a3,Thalamus
3.75,0.048,-0.05199999999999996,ZFM-04300,6b68ff0d-9014-4a81-b2c2-915ddfdba3a3,Thalamus
3.8500000000000005,0.048,-0.03199999999999997,ZFM-04300,6b68ff0d-9014-4a81-b2c2-915ddfdba3a3,Thalamus
3.95,-0.032,-0.07199999999999995,ZFM-04300,6b68ff0d-9014-4a81-b2c2-915ddfdba3a3,Thalamus
