,r,r_baseline,time,region_1,region_2,region_pair,subject,eid,date,sert-cre
0,-0.011355432340172373,-0.010409487303643735,-0.9,Amygdala,Hippocampus,Amygdala-Hippocampus,ZFM-04080,08371a0c-22d9-4f6e-ac22-c15788b39180,2022-07-06,1
1,-0.012615386679439745,-0.011669441642911107,-0.7000000000000001,Amygdala,Hippocampus,Amygdala-Hippocampus,ZFM-04080,08371a0c-22d9-4f6e-ac22-c15788b39180,2022-07-06,1
2,0.0051283493251697955,0.006074294361698433,-0.5,Amygdala,Hippocampus,Amygdala-Hippocampus,ZFM-04080,08371a0c-22d9-4f6e-ac22-c15788b39180,2022-07-06,1
3,0.0115698881670852,0.012515833203613838,-0.30000000000000004,Amygdala,Hippocampus,Amygdala-Hippocampus,ZFM-04080,08371a0c-22d9-4f6e-ac22-c15788b39180,2022-07-06,1
4,0.002542856344713932,0.00348880138124257,-0.1,Amygdala,Hippocampus,Amygdala-Hippocampus,ZFM-04080,08371a0c-22d9-4f6e-ac22-c15788b39180,2022-07-06,1
5,-0.012893083441623307,-0.011947138405094669,0.1,Amygdala,Hippocampus,Amygdala-Hippocampus,ZFM-04080,08371a0c-22d9-4f6e-ac22-c15788b39180,2022-07-06,1
6,0.0010005982251886983,0.0019465432617173364,0.30000000000000004,Amygdala,Hippocampus,Amygdala-Hippocampus,ZFM-04080,08371a0c-22d9-4f6e-ac22-c15788b39180,2022-07-06,1
7,0.03948143783041056,0.0404273828669392,0.5,Amygdala,Hippocampus,Amygdala-Hippocampus,ZFM-04080,08371a0c-22d9-4f6e-ac22-c15788b39180,2022-07-06,1
8,0.004879225618110277,0.005825170654638915,0.7000000000000001,Amygdala,Hippocampus,Amygdala-Hippocampus,ZFM-04080,08371a0c-22d9-4f6e-ac22-c15788b39180,2022-07-06,1
9,0.046807301629426444,0.04775324666595508,0.9,Amygdala,Hippocampus,Amygdala-Hippocampus,ZFM-04080,08371a0c-22d9-4f6e-ac22-c15788b39180,2022-07-06,1
10,0.03289156096800051,0.03383750600452915,1.1,Amygdala,Hippocampus,Amygdala-Hippocampus,ZFM-04080,08371a0c-22d9-4f6e-ac22-c15788b39180,2022-07-06,1
11,0.07137170632241753,0.07231765135894618,1.3000000000000003,Amygdala,Hippocampus,Amygdala-Hippocampus,ZFM-04080,08371a0c-22d9-4f6e-ac22-c15788b39180,2022-07-06,1
12,0.052617179100155766,0.053563124136684404,1.5,Amygdala,Hippocampus,Amygdala-Hippocampus,ZFM-04080,08371a0c-22d9-4f6e-ac22-c15788b39180,2022-07-06,1
13,-0.026196204750990125,-0.025250259714461487,1.7000000000000002,Amygdala,Hippocampus,Amygdala-Hippocampus,ZFM-04080,08371a0c-22d9-4f6e-ac22-c15788b39180,2022-07-06,1
14,0.03704827145926271,0.03799421649579135,1.9,Amygdala,Hippocampus,Amygdala-Hippocampus,ZFM-04080,08371a0c-22d9-4f6e-ac22-c15788b39180,2022-07-06,1
15,0.01617963420407271,0.017125579240601346,2.1,Amygdala,Hippocampus,Amygdala-Hippocampus,ZFM-04080,08371a0c-22d9-4f6e-ac22-c15788b39180,2022-07-06,1
16,-0.02849940880276856,-0.027553463766239922,2.3000000000000003,Amygdala,Hippocampus,Amygdala-Hippocampus,ZFM-04080,08371a0c-22d9-4f6e-ac22-c15788b39180,2022-07-06,1
17,0.05408021946413862,0.05502616450066726,2.5,Amygdala,Hippocampus,Amygdala-Hippocampus,ZFM-04080,08371a0c-22d9-4f6e-ac22-c15788b39180,2022-07-06,1
18,0.0007922444078896293,0.0017381894444182676,2.7,Amygdala,Hippocampus,Amygdala-Hippocampus,ZFM-04080,08371a0c-22d9-4f6e-ac22-c15788b39180,2022-07-06,1
19,0.021674236759741092,0.02262018179626973,2.9000000000000004,Amygdala,Hippocampus,Amygdala-Hippocampus,ZFM-04080,08371a0c-22d9-4f6e-ac22-c15788b39180,2022-07-06,1
20,0.006443306610570421,0.007389251647099059,3.1,Amygdala,Hippocampus,Amygdala-Hippocampus,ZFM-04080,08371a0c-22d9-4f6e-ac22-c15788b39180,2022-07-06,1
21,0.014140149520822385,0.015086094557351023,3.3000000000000003,Amygdala,Hippocampus,Amygdala-Hippocampus,ZFM-04080,08371a0c-22d9-4f6e-ac22-c15788b39180,2022-07-06,1
22,0.032428400769937984,0.03337434580646662,3.5,Amygdala,Hippocampus,Amygdala-Hippocampus,ZFM-04080,08371a0c-22d9-4f6e-ac22-c15788b39180,2022-07-06,1
23,-0.0054704972351459534,-0.0045245521986173156,3.7,Amygdala,Hippocampus,Amygdala-Hippocampus,ZFM-04080,08371a0c-22d9-4f6e-ac22-c15788b39180,2022-07-06,1
24,0.02295252325104415,0.023898468287572788,3.9000000000000004,Amygdala,Hippocampus,Amygdala-Hippocampus,ZFM-04080,08371a0c-22d9-4f6e-ac22-c15788b39180,2022-07-06,1
25,0.009892126087974564,0.017027929188295383,-0.9,Amygdala,Thalamus,Amygdala-Thalamus,ZFM-04080,08371a0c-22d9-4f6e-ac22-c15788b39180,2022-07-06,1
26,-0.0517281340924722,-0.04459233099215138,-0.7000000000000001,Amygdala,Thalamus,Amygdala-Thalamus,ZFM-04080,08371a0c-22d9-4f6e-ac22-c15788b39180,2022-07-06,1
27,-0.014769079773968309,-0.007633276673647489,-0.5,Amygdala,Thalamus,Amygdala-Thalamus,ZFM-04080,08371a0c-22d9-4f6e-ac22-c15788b39180,2022-07-06,1
28,0.04323521289224321,0.05037101599256403,-0.30000000000000004,Amygdala,Thalamus,Amygdala-Thalamus,ZFM-04080,08371a0c-22d9-4f6e-ac22-c15788b39180,2022-07-06,1
29,-0.022309140615381372,-0.015173337515060552,-0.1,Amygdala,Thalamus,Amygdala-Thalamus,ZFM-04080,08371a0c-22d9-4f6e-ac22-c15788b39180,2022-07-06,1
30,0.016770299365776464,0.023906102466097284,0.1,Amygdala,Thalamus,Amygdala-Thalamus,ZFM-04080,08371a0c-22d9-4f6e-ac22-c15788b39180,2022-07-06,1
31,-0.0754739146288695,-0.06833811152854868,0.30000000000000004,Amygdala,Thalamus,Amygdala-Thalamus,ZFM-04080,08371a0c-22d9-4f6e-ac22-c15788b39180,2022-07-06,1
32,0.025725564661821205,0.032861367762142026,0.5,Amygdala,Thalamus,Amygdala-Thalamus,ZFM-04080,08371a0c-22d9-4f6e-ac22-c15788b39180,2022-07-06,1
33,-0.039164434078166076,-0.03202863097784526,0.7000000000000001,Amygdala,Thalamus,Amygdala-Thalamus,ZFM-04080,08371a0c-22d9-4f6e-ac22-c15788b39180,2022-07-06,1
34,0.01618560863323989,0.023321411733560712,0.9,Amygdala,Thalamus,Amygdala-Thalamus,ZFM-04080,08371a0c-22d9-4f6e-ac22-c15788b39180,2022-07-06,1
35,0.042371410106981096,0.04950721320730191,1.1,Amygdala,Thalamus,Amygdala-Thalamus,ZFM-04080,08371a0c-22d9-4f6e-ac22-c15788b39180,2022-07-06,1
36,-0.026287427303391574,-0.019151624203070754,1.3000000000000003,Amygdala,Thalamus,Amygdala-Thalamus,ZFM-04080,08371a0c-22d9-4f6e-ac22-c15788b39180,2022-07-06,1
37,0.05114475977125438,0.058280562871575195,1.5,Amygdala,Thalamus,Amygdala-Thalamus,ZFM-04080,08371a0c-22d9-4f6e-ac22-c15788b39180,2022-07-06,1
38,0.018341796094673086,0.025477599194993907,1.7000000000000002,Amygdala,Thalamus,Amygdala-Thalamus,ZFM-04080,08371a0c-22d9-4f6e-ac22-c15788b39180,2022-07-06,1
39,-0.017488002804028336,-0.010352199703707515,1.9,Amygdala,Thalamus,Amygdala-Thalamus,ZFM-04080,08371a0c-22d9-4f6e-ac22-c15788b39180,2022-07-06,1
40,0.017726549337806683,0.024862352438127504,2.1,Amygdala,Thalamus,Amygdala-Thalamus,ZFM-04080,08371a0c-22d9-4f6e-ac22-c15788b39180,2022-07-06,1
41,0.037801916379699464,0.04493771948002028,2.3000000000000003,Amygdala,Thalamus,Amygdala-Thalamus,ZFM-04080,08371a0c-22d9-4f6e-ac22-c15788b39180,2022-07-06,1
42,-0.01613454718499419,-0.008998744084673369,2.5,Amygdala,Thalamus,Amygdala-Thalamus,ZFM-04080,08371a0c-22d9-4f6e-ac22-c15788b39180,2022-07-06,1
43,-0.04083254197073364,-0.03369673887041282,2.7,Amygdala,Thalamus,Amygdala-Thalamus,ZFM-04080,08371a0c-22d9-4f6e-ac22-c15788b39180,2022-07-06,1
44,0.06508234551735914,0.07221814861767996,2.9000000000000004,Amygdala,Thalamus,Amygdala-Thalamus,ZFM-04080,08371a0c-22d9-4f6e-ac22-c15788b39180,2022-07-06,1
45,0.04195999879395679,0.049095801894277605,3.1,Amygdala,Thalamus,Amygdala-Thalamus,ZFM-04080,08371a0c-22d9-4f6e-ac22-c15788b39180,2022-07-06,1
46,-0.01464634336381467,-0.0075105402634938504,3.3000000000000003,Amygdala,Thalamus,Amygdala-Thalamus,ZFM-04080,08371a0c-22d9-4f6e-ac22-c15788b39180,2022-07-06,1
47,0.011833255171231826,0.018969058271552645,3.5,Amygdala,Thalamus,Amygdala-Thalamus,ZFM-04080,08371a0c-22d9-4f6e-ac22-c15788b39180,2022-07-06,1
48,-0.0022167842068592284,0.004919018893461592,3.7,Amygdala,Thalamus,Amygdala-Thalamus,ZFM-04080,08371a0c-22d9-4f6e-ac22-c15788b39180,2022-07-06,1
49,0.0161379389841844,0.023273742084505222,3.9000000000000004,Amygdala,Thalamus,Amygdala-Thalamus,ZFM-04080,08371a0c-22d9-4f6e-ac22-c15788b39180,2022-07-06,1
50,0.03699084274087139,-0.003599084010363039,-0.9,Hippocampus,Thalamus,Hippocampus-Thalamus,ZFM-04080,08371a0c-22d9-4f6e-ac22-c15788b39180,2022-07-06,1
51,0.08288790128514636,0.04229797453391194,-0.7000000000000001,Hippocampus,Thalamus,Hippocampus-Thalamus,ZFM-04080,08371a0c-22d9-4f6e-ac22-c15788b39180,2022-07-06,1
52,0.05308277230172429,0.012492845550489864,-0.5,Hippocampus,Thalamus,Hippocampus-Thalamus,ZFM-04080,08371a0c-22d9-4f6e-ac22-c15788b39180,2022-07-06,1
53,0.07659931490072659,0.036009388149492165,-0.30000000000000004,Hippocampus,Thalamus,Hippocampus-Thalamus,ZFM-04080,08371a0c-22d9-4f6e-ac22-c15788b39180,2022-07-06,1
54,-0.04661119747229646,-0.08720112422353088,-0.1,Hippocampus,Thalamus,Hippocampus-Thalamus,ZFM-04080,08371a0c-22d9-4f6e-ac22-c15788b39180,2022-07-06,1
55,0.0359881927601757,-0.004601733991058725,0.1,Hippocampus,Thalamus,Hippocampus-Thalamus,ZFM-04080,08371a0c-22d9-4f6e-ac22-c15788b39180,2022-07-06,1
56,0.029992859974651224,-0.010597066776583203,0.30000000000000004,Hippocampus,Thalamus,Hippocampus-Thalamus,ZFM-04080,08371a0c-22d9-4f6e-ac22-c15788b39180,2022-07-06,1
57,0.023963715886358847,-0.01662621086487558,0.5,Hippocampus,Thalamus,Hippocampus-Thalamus,ZFM-04080,08371a0c-22d9-4f6e-ac22-c15788b39180,2022-07-06,1
58,0.0511732643061286,0.01058333755489417,0.7000000000000001,Hippocampus,Thalamus,Hippocampus-Thalamus,ZFM-04080,08371a0c-22d9-4f6e-ac22-c15788b39180,2022-07-06,1
59,0.07956053318733294,0.038970606436098516,0.9,Hippocampus,Thalamus,Hippocampus-Thalamus,ZFM-04080,08371a0c-22d9-4f6e-ac22-c15788b39180,2022-07-06,1
60,0.09453764248180827,0.05394771573057384,1.1,Hippocampus,Thalamus,Hippocampus-Thalamus,ZFM-04080,08371a0c-22d9-4f6e-ac22-c15788b39180,2022-07-06,1
61,0.03589244621606432,-0.0046974805351701066,1.3000000000000003,Hippocampus,Thalamus,Hippocampus-Thalamus,ZFM-04080,08371a0c-22d9-4f6e-ac22-c15788b39180,2022-07-06,1
62,0.036183159039204625,-0.004406767712029802,1.5,Hippocampus,Thalamus,Hippocampus-Thalamus,ZFM-04080,08371a0c-22d9-4f6e-ac22-c15788b39180,2022-07-06,1
63,0.052303912607254865,0.011713985856020438,1.7000000000000002,Hippocampus,Thalamus,Hippocampus-Thalamus,ZFM-04080,08371a0c-22d9-4f6e-ac22-c15788b39180,2022-07-06,1
64,0.08084174529135561,0.040251818540121186,1.9,Hippocampus,Thalamus,Hippocampus-Thalamus,ZFM-04080,08371a0c-22d9-4f6e-ac22-c15788b39180,2022-07-06,1
65,-0.0008691774527239952,-0.04145910420395842,2.1,Hippocampus,Thalamus,Hippocampus-Thalamus,ZFM-04080,08371a0c-22d9-4f6e-ac22-c15788b39180,2022-07-06,1
66,-0.02902152672486005,-0.06961145347609447,2.3000000000000003,Hippocampus,Thalamus,Hippocampus-Thalamus,ZFM-04080,08371a0c-22d9-4f6e-ac22-c15788b39180,2022-07-06,1
67,0.013109510860910743,-0.027480415890323684,2.5,Hippocampus,Thalamus,Hippocampus-Thalamus,ZFM-04080,08371a0c-22d9-4f6e-ac22-c15788b39180,2022-07-06,1
68,0.0477660627583256,0.0071761360070911745,2.7,Hippocampus,Thalamus,Hippocampus-Thalamus,ZFM-04080,08371a0c-22d9-4f6e-ac22-c15788b39180,2022-07-06,1
69,0.0011429498255351121,-0.03944697692569932,2.9000000000000004,Hippocampus,Thalamus,Hippocampus-Thalamus,ZFM-04080,08371a0c-22d9-4f6e-ac22-c15788b39180,2022-07-06,1
70,0.003498214625332128,-0.0370917121259023,3.1,Hippocampus,Thalamus,Hippocampus-Thalamus,ZFM-04080,08371a0c-22d9-4f6e-ac22-c15788b39180,2022-07-06,1
71,0.00623308406975932,-0.03435684268147511,3.3000000000000003,Hippocampus,Thalamus,Hippocampus-Thalamus,ZFM-04080,08371a0c-22d9-4f6e-ac22-c15788b39180,2022-07-06,1
72,0.018602844297244358,-0.02198708245399007,3.5,Hippocampus,Thalamus,Hippocampus-Thalamus,ZFM-04080,08371a0c-22d9-4f6e-ac22-c15788b39180,2022-07-06,1
73,0.011839359303346201,-0.028750567447888224,3.7,Hippocampus,Thalamus,Hippocampus-Thalamus,ZFM-04080,08371a0c-22d9-4f6e-ac22-c15788b39180,2022-07-06,1
74,0.02299067632120085,-0.01759925043003358,3.9000000000000004,Hippocampus,Thalamus,Hippocampus-Thalamus,ZFM-04080,08371a0c-22d9-4f6e-ac22-c15788b39180,2022-07-06,1
75,0.012636043045849409,-0.0020242343777160873,-0.9,Frontal cortex,Sensory cortex,Frontal cortex-Sensory cortex,ZFM-03332,0d04401a-2e75-4449-b699-252000ed2b76,2022-02-16,0
76,0.010820735224417304,-0.0038395421991481923,-0.7000000000000001,Frontal cortex,Sensory cortex,Frontal cortex-Sensory cortex,ZFM-03332,0d04401a-2e75-4449-b699-252000ed2b76,2022-02-16,0
77,0.027126946972716427,0.012466669549150931,-0.5,Frontal cortex,Sensory cortex,Frontal cortex-Sensory cortex,ZFM-03332,0d04401a-2e75-4449-b699-252000ed2b76,2022-02-16,0
78,0.009495406526810782,-0.005164870896754714,-0.30000000000000004,Frontal cortex,Sensory cortex,Frontal cortex-Sensory cortex,ZFM-03332,0d04401a-2e75-4449-b699-252000ed2b76,2022-02-16,0
79,0.01322225534803355,-0.0014380220755319459,-0.1,Frontal cortex,Sensory cortex,Frontal cortex-Sensory cortex,ZFM-03332,0d04401a-2e75-4449-b699-252000ed2b76,2022-02-16,0
80,0.01381588774674487,-0.0008443896768206265,0.1,Frontal cortex,Sensory cortex,Frontal cortex-Sensory cortex,ZFM-03332,0d04401a-2e75-4449-b699-252000ed2b76,2022-02-16,0
81,0.024683644692911594,0.010023367269346098,0.30000000000000004,Frontal cortex,Sensory cortex,Frontal cortex-Sensory cortex,ZFM-03332,0d04401a-2e75-4449-b699-252000ed2b76,2022-02-16,0
82,0.01786051525708234,0.0032002378335168422,0.5,Frontal cortex,Sensory cortex,Frontal cortex-Sensory cortex,ZFM-03332,0d04401a-2e75-4449-b699-252000ed2b76,2022-02-16,0
83,0.019212897508204253,0.004552620084638756,0.7000000000000001,Frontal cortex,Sensory cortex,Frontal cortex-Sensory cortex,ZFM-03332,0d04401a-2e75-4449-b699-252000ed2b76,2022-02-16,0
84,0.020717545759456217,0.006057268335890721,0.9,Frontal cortex,Sensory cortex,Frontal cortex-Sensory cortex,ZFM-03332,0d04401a-2e75-4449-b699-252000ed2b76,2022-02-16,0
85,0.018204878081237306,0.0035446006576718096,1.1,Frontal cortex,Sensory cortex,Frontal cortex-Sensory cortex,ZFM-03332,0d04401a-2e75-4449-b699-252000ed2b76,2022-02-16,0
86,0.014823856168077753,0.0001635787445122567,1.3000000000000003,Frontal cortex,Sensory cortex,Frontal cortex-Sensory cortex,ZFM-03332,0d04401a-2e75-4449-b699-252000ed2b76,2022-02-16,0
87,0.019615017401913064,0.0049547399783475676,1.5,Frontal cortex,Sensory cortex,Frontal cortex-Sensory cortex,ZFM-03332,0d04401a-2e75-4449-b699-252000ed2b76,2022-02-16,0
88,0.01717915765744821,0.0025188802338827147,1.7000000000000002,Frontal cortex,Sensory cortex,Frontal cortex-Sensory cortex,ZFM-03332,0d04401a-2e75-4449-b699-252000ed2b76,2022-02-16,0
89,0.01566466385213164,0.0010043864285661421,1.9,Frontal cortex,Sensory cortex,Frontal cortex-Sensory cortex,ZFM-03332,0d04401a-2e75-4449-b699-252000ed2b76,2022-02-16,0
90,0.011372546513190843,-0.0032877309103746533,2.1,Frontal cortex,Sensory cortex,Frontal cortex-Sensory cortex,ZFM-03332,0d04401a-2e75-4449-b699-252000ed2b76,2022-02-16,0
91,0.016350298892345298,0.0016900214687798013,2.3000000000000003,Frontal cortex,Sensory cortex,Frontal cortex-Sensory cortex,ZFM-03332,0d04401a-2e75-4449-b699-252000ed2b76,2022-02-16,0
92,0.007519066927118586,-0.00714121049644691,2.5,Frontal cortex,Sensory cortex,Frontal cortex-Sensory cortex,ZFM-03332,0d04401a-2e75-4449-b699-252000ed2b76,2022-02-16,0
93,-0.001683105488220399,-0.016343382911785897,2.7,Frontal cortex,Sensory cortex,Frontal cortex-Sensory cortex,ZFM-03332,0d04401a-2e75-4449-b699-252000ed2b76,2022-02-16,0
94,0.0043777806532700235,-0.010282496770295472,2.9000000000000004,Frontal cortex,Sensory cortex,Frontal cortex-Sensory cortex,ZFM-03332,0d04401a-2e75-4449-b699-252000ed2b76,2022-02-16,0
95,0.011765570887316223,-0.0028947065362492728,3.1,Frontal cortex,Sensory cortex,Frontal cortex-Sensory cortex,ZFM-03332,0d04401a-2e75-4449-b699-252000ed2b76,2022-02-16,0
96,0.012090385842178008,-0.002569891581387488,3.3000000000000003,Frontal cortex,Sensory cortex,Frontal cortex-Sensory cortex,ZFM-03332,0d04401a-2e75-4449-b699-252000ed2b76,2022-02-16,0
97,0.02810453848094925,0.013444261057383755,3.5,Frontal cortex,Sensory cortex,Frontal cortex-Sensory cortex,ZFM-03332,0d04401a-2e75-4449-b699-252000ed2b76,2022-02-16,0
98,0.009141041717287381,-0.005519235706278115,3.7,Frontal cortex,Sensory cortex,Frontal cortex-Sensory cortex,ZFM-03332,0d04401a-2e75-4449-b699-252000ed2b76,2022-02-16,0
99,0.01430377181243566,-0.000356505611129836,3.9000000000000004,Frontal cortex,Sensory cortex,Frontal cortex-Sensory cortex,ZFM-03332,0d04401a-2e75-4449-b699-252000ed2b76,2022-02-16,0
100,0.0049022576728770416,0.002125194387318681,-0.9,Hippocampus,Midbrain,Hippocampus-Midbrain,ZFM-02600,0d24afce-9d3c-449e-ac9f-577eefefbd7e,2021-08-27,1
101,0.009141851263836657,0.006364787978278296,-0.7000000000000001,Hippocampus,Midbrain,Hippocampus-Midbrain,ZFM-02600,0d24afce-9d3c-449e-ac9f-577eefefbd7e,2021-08-27,1
102,-0.005322934687475703,-0.008099997973034064,-0.5,Hippocampus,Midbrain,Hippocampus-Midbrain,ZFM-02600,0d24afce-9d3c-449e-ac9f-577eefefbd7e,2021-08-27,1
103,-0.006799919611590563,-0.009576982897148922,-0.30000000000000004,Hippocampus,Midbrain,Hippocampus-Midbrain,ZFM-02600,0d24afce-9d3c-449e-ac9f-577eefefbd7e,2021-08-27,1
104,0.01196406179014437,0.00918699850458601,-0.1,Hippocampus,Midbrain,Hippocampus-Midbrain,ZFM-02600,0d24afce-9d3c-449e-ac9f-577eefefbd7e,2021-08-27,1
105,-0.004489205468849803,-0.007266268754408164,0.1,Hippocampus,Midbrain,Hippocampus-Midbrain,ZFM-02600,0d24afce-9d3c-449e-ac9f-577eefefbd7e,2021-08-27,1
106,0.006154921231924867,0.0033778579463665066,0.30000000000000004,Hippocampus,Midbrain,Hippocampus-Midbrain,ZFM-02600,0d24afce-9d3c-449e-ac9f-577eefefbd7e,2021-08-27,1
107,0.0014850542684891564,-0.0012920090170692041,0.5,Hippocampus,Midbrain,Hippocampus-Midbrain,ZFM-02600,0d24afce-9d3c-449e-ac9f-577eefefbd7e,2021-08-27,1
108,-0.006541032881951445,-0.009318096167509806,0.7000000000000001,Hippocampus,Midbrain,Hippocampus-Midbrain,ZFM-02600,0d24afce-9d3c-449e-ac9f-577eefefbd7e,2021-08-27,1
109,0.0056190991950985794,0.002842035909540219,0.9,Hippocampus,Midbrain,Hippocampus-Midbrain,ZFM-02600,0d24afce-9d3c-449e-ac9f-577eefefbd7e,2021-08-27,1
110,0.00020189575489464582,-0.002575167530663715,1.1,Hippocampus,Midbrain,Hippocampus-Midbrain,ZFM-02600,0d24afce-9d3c-449e-ac9f-577eefefbd7e,2021-08-27,1
111,-0.015323438536463832,-0.01810050182202219,1.3000000000000003,Hippocampus,Midbrain,Hippocampus-Midbrain,ZFM-02600,0d24afce-9d3c-449e-ac9f-577eefefbd7e,2021-08-27,1
112,0.008757231984328297,0.005980168698769936,1.5,Hippocampus,Midbrain,Hippocampus-Midbrain,ZFM-02600,0d24afce-9d3c-449e-ac9f-577eefefbd7e,2021-08-27,1
113,0.014647500945627397,0.011870437660069035,1.7000000000000002,Hippocampus,Midbrain,Hippocampus-Midbrain,ZFM-02600,0d24afce-9d3c-449e-ac9f-577eefefbd7e,2021-08-27,1
114,0.025157805814630032,0.02238074252907167,1.9,Hippocampus,Midbrain,Hippocampus-Midbrain,ZFM-02600,0d24afce-9d3c-449e-ac9f-577eefefbd7e,2021-08-27,1
115,-0.0076485158177511505,-0.010425579103309511,2.1,Hippocampus,Midbrain,Hippocampus-Midbrain,ZFM-02600,0d24afce-9d3c-449e-ac9f-577eefefbd7e,2021-08-27,1
116,0.023318557469586207,0.020541494184027845,2.3000000000000003,Hippocampus,Midbrain,Hippocampus-Midbrain,ZFM-02600,0d24afce-9d3c-449e-ac9f-577eefefbd7e,2021-08-27,1
117,-0.01942388648971804,-0.0222009497752764,2.5,Hippocampus,Midbrain,Hippocampus-Midbrain,ZFM-02600,0d24afce-9d3c-449e-ac9f-577eefefbd7e,2021-08-27,1
118,-0.002826645313246486,-0.005603708598804847,2.7,Hippocampus,Midbrain,Hippocampus-Midbrain,ZFM-02600,0d24afce-9d3c-449e-ac9f-577eefefbd7e,2021-08-27,1
119,0.013770545020005942,0.010993481734447582,2.9000000000000004,Hippocampus,Midbrain,Hippocampus-Midbrain,ZFM-02600,0d24afce-9d3c-449e-ac9f-577eefefbd7e,2021-08-27,1
120,0.01606123669757972,0.013284173412021358,3.1,Hippocampus,Midbrain,Hippocampus-Midbrain,ZFM-02600,0d24afce-9d3c-449e-ac9f-577eefefbd7e,2021-08-27,1
121,-0.00316809769409388,-0.005945160979652241,3.3000000000000003,Hippocampus,Midbrain,Hippocampus-Midbrain,ZFM-02600,0d24afce-9d3c-449e-ac9f-577eefefbd7e,2021-08-27,1
122,-0.0006950842459796053,-0.0034721475315379656,3.5,Hippocampus,Midbrain,Hippocampus-Midbrain,ZFM-02600,0d24afce-9d3c-449e-ac9f-577eefefbd7e,2021-08-27,1
123,-0.0018244064864491561,-0.0046014697720075165,3.7,Hippocampus,Midbrain,Hippocampus-Midbrain,ZFM-02600,0d24afce-9d3c-449e-ac9f-577eefefbd7e,2021-08-27,1
124,0.003306041617199784,0.0005289783316414234,3.9000000000000004,Hippocampus,Midbrain,Hippocampus-Midbrain,ZFM-02600,0d24afce-9d3c-449e-ac9f-577eefefbd7e,2021-08-27,1
125,-0.01037959848034401,0.00242518638734349,-0.9,Hippocampus,Thalamus,Hippocampus-Thalamus,ZFM-02600,0d24afce-9d3c-449e-ac9f-577eefefbd7e,2021-08-27,1
126,-0.015601888493773959,-0.002797103626086459,-0.7000000000000001,Hippocampus,Thalamus,Hippocampus-Thalamus,ZFM-02600,0d24afce-9d3c-449e-ac9f-577eefefbd7e,2021-08-27,1
127,-0.003069838782514655,0.009734946085172844,-0.5,Hippocampus,Thalamus,Hippocampus-Thalamus,ZFM-02600,0d24afce-9d3c-449e-ac9f-577eefefbd7e,2021-08-27,1
128,-0.027655605690493912,-0.014850820822806412,-0.30000000000000004,Hippocampus,Thalamus,Hippocampus-Thalamus,ZFM-02600,0d24afce-9d3c-449e-ac9f-577eefefbd7e,2021-08-27,1
129,-0.00731699289131097,0.00548779197637653,-0.1,Hippocampus,Thalamus,Hippocampus-Thalamus,ZFM-02600,0d24afce-9d3c-449e-ac9f-577eefefbd7e,2021-08-27,1
130,-0.01181440749076202,0.0009903773769254793,0.1,Hippocampus,Thalamus,Hippocampus-Thalamus,ZFM-02600,0d24afce-9d3c-449e-ac9f-577eefefbd7e,2021-08-27,1
131,0.013308657205855444,0.026113442073542943,0.30000000000000004,Hippocampus,Thalamus,Hippocampus-Thalamus,ZFM-02600,0d24afce-9d3c-449e-ac9f-577eefefbd7e,2021-08-27,1
132,-0.012769706535176973,3.5078332510526944e-05,0.5,Hippocampus,Thalamus,Hippocampus-Thalamus,ZFM-02600,0d24afce-9d3c-449e-ac9f-577eefefbd7e,2021-08-27,1
133,0.01654198087223881,0.02934676573992631,0.7000000000000001,Hippocampus,Thalamus,Hippocampus-Thalamus,ZFM-02600,0d24afce-9d3c-449e-ac9f-577eefefbd7e,2021-08-27,1
134,0.004999233961603444,0.017804018829290943,0.9,Hippocampus,Thalamus,Hippocampus-Thalamus,ZFM-02600,0d24afce-9d3c-449e-ac9f-577eefefbd7e,2021-08-27,1
135,-0.0016976101747200787,0.01110717469296742,1.1,Hippocampus,Thalamus,Hippocampus-Thalamus,ZFM-02600,0d24afce-9d3c-449e-ac9f-577eefefbd7e,2021-08-27,1
136,0.002877914769227806,0.015682699636915307,1.3000000000000003,Hippocampus,Thalamus,Hippocampus-Thalamus,ZFM-02600,0d24afce-9d3c-449e-ac9f-577eefefbd7e,2021-08-27,1
137,0.0014482672483482086,0.014253052116035708,1.5,Hippocampus,Thalamus,Hippocampus-Thalamus,ZFM-02600,0d24afce-9d3c-449e-ac9f-577eefefbd7e,2021-08-27,1
138,-0.020183918993473833,-0.0073791341257863335,1.7000000000000002,Hippocampus,Thalamus,Hippocampus-Thalamus,ZFM-02600,0d24afce-9d3c-449e-ac9f-577eefefbd7e,2021-08-27,1
139,-0.007914532289252978,0.004890252578434522,1.9,Hippocampus,Thalamus,Hippocampus-Thalamus,ZFM-02600,0d24afce-9d3c-449e-ac9f-577eefefbd7e,2021-08-27,1
140,0.004618990867631672,0.017423775735319173,2.1,Hippocampus,Thalamus,Hippocampus-Thalamus,ZFM-02600,0d24afce-9d3c-449e-ac9f-577eefefbd7e,2021-08-27,1
141,0.005505044619840181,0.01830982948752768,2.3000000000000003,Hippocampus,Thalamus,Hippocampus-Thalamus,ZFM-02600,0d24afce-9d3c-449e-ac9f-577eefefbd7e,2021-08-27,1
142,-0.009546971680656343,0.003257813187031156,2.5,Hippocampus,Thalamus,Hippocampus-Thalamus,ZFM-02600,0d24afce-9d3c-449e-ac9f-577eefefbd7e,2021-08-27,1
143,0.017704938820562857,0.030509723688250355,2.7,Hippocampus,Thalamus,Hippocampus-Thalamus,ZFM-02600,0d24afce-9d3c-449e-ac9f-577eefefbd7e,2021-08-27,1
144,-0.008483485710924126,0.004321299156763374,2.9000000000000004,Hippocampus,Thalamus,Hippocampus-Thalamus,ZFM-02600,0d24afce-9d3c-449e-ac9f-577eefefbd7e,2021-08-27,1
145,-0.0017116862475859977,0.011093098620101502,3.1,Hippocampus,Thalamus,Hippocampus-Thalamus,ZFM-02600,0d24afce-9d3c-449e-ac9f-577eefefbd7e,2021-08-27,1
146,0.015268195777634198,0.028072980645321696,3.3000000000000003,Hippocampus,Thalamus,Hippocampus-Thalamus,ZFM-02600,0d24afce-9d3c-449e-ac9f-577eefefbd7e,2021-08-27,1
147,0.019075851160635846,0.03188063602832335,3.5,Hippocampus,Thalamus,Hippocampus-Thalamus,ZFM-02600,0d24afce-9d3c-449e-ac9f-577eefefbd7e,2021-08-27,1
148,0.007410314363181081,0.02021509923086858,3.7,Hippocampus,Thalamus,Hippocampus-Thalamus,ZFM-02600,0d24afce-9d3c-449e-ac9f-577eefefbd7e,2021-08-27,1
149,0.011082064175211329,0.02388684904289883,3.9000000000000004,Hippocampus,Thalamus,Hippocampus-Thalamus,ZFM-02600,0d24afce-9d3c-449e-ac9f-577eefefbd7e,2021-08-27,1
150,0.003938273985732018,-0.0016159602284900763,-0.9,Hippocampus,Sensory cortex,Hippocampus-Sensory cortex,ZFM-02600,0d24afce-9d3c-449e-ac9f-577eefefbd7e,2021-08-27,1
151,0.011944401047556225,0.006390166833334131,-0.7000000000000001,Hippocampus,Sensory cortex,Hippocampus-Sensory cortex,ZFM-02600,0d24afce-9d3c-449e-ac9f-577eefefbd7e,2021-08-27,1
152,0.02158162849090991,0.016027394276687815,-0.5,Hippocampus,Sensory cortex,Hippocampus-Sensory cortex,ZFM-02600,0d24afce-9d3c-449e-ac9f-577eefefbd7e,2021-08-27,1
153,0.001199573187963475,-0.004354661026258619,-0.30000000000000004,Hippocampus,Sensory cortex,Hippocampus-Sensory cortex,ZFM-02600,0d24afce-9d3c-449e-ac9f-577eefefbd7e,2021-08-27,1
154,-0.01089270564105115,-0.016446939855273245,-0.1,Hippocampus,Sensory cortex,Hippocampus-Sensory cortex,ZFM-02600,0d24afce-9d3c-449e-ac9f-577eefefbd7e,2021-08-27,1
155,0.017411299041299615,0.011857064827077522,0.1,Hippocampus,Sensory cortex,Hippocampus-Sensory cortex,ZFM-02600,0d24afce-9d3c-449e-ac9f-577eefefbd7e,2021-08-27,1
156,0.01203332827985565,0.006479094065633556,0.30000000000000004,Hippocampus,Sensory cortex,Hippocampus-Sensory cortex,ZFM-02600,0d24afce-9d3c-449e-ac9f-577eefefbd7e,2021-08-27,1
157,-0.015993745356765066,-0.02154797957098716,0.5,Hippocampus,Sensory cortex,Hippocampus-Sensory cortex,ZFM-02600,0d24afce-9d3c-449e-ac9f-577eefefbd7e,2021-08-27,1
158,0.008136318333325872,0.002582084119103778,0.7000000000000001,Hippocampus,Sensory cortex,Hippocampus-Sensory cortex,ZFM-02600,0d24afce-9d3c-449e-ac9f-577eefefbd7e,2021-08-27,1
159,-0.002252600891188729,-0.007806835105410823,0.9,Hippocampus,Sensory cortex,Hippocampus-Sensory cortex,ZFM-02600,0d24afce-9d3c-449e-ac9f-577eefefbd7e,2021-08-27,1
160,0.025573760783878387,0.020019526569656294,1.1,Hippocampus,Sensory cortex,Hippocampus-Sensory cortex,ZFM-02600,0d24afce-9d3c-449e-ac9f-577eefefbd7e,2021-08-27,1
161,0.013919829281438204,0.008365595067216111,1.3000000000000003,Hippocampus,Sensory cortex,Hippocampus-Sensory cortex,ZFM-02600,0d24afce-9d3c-449e-ac9f-577eefefbd7e,2021-08-27,1
162,0.01403909661055348,0.008484862396331387,1.5,Hippocampus,Sensory cortex,Hippocampus-Sensory cortex,ZFM-02600,0d24afce-9d3c-449e-ac9f-577eefefbd7e,2021-08-27,1
163,0.00978379736497591,0.004229563150753815,1.7000000000000002,Hippocampus,Sensory cortex,Hippocampus-Sensory cortex,ZFM-02600,0d24afce-9d3c-449e-ac9f-577eefefbd7e,2021-08-27,1
164,0.003739846742915578,-0.0018143874713065162,1.9,Hippocampus,Sensory cortex,Hippocampus-Sensory cortex,ZFM-02600,0d24afce-9d3c-449e-ac9f-577eefefbd7e,2021-08-27,1
165,0.006649775061053492,0.0010955408468313983,2.1,Hippocampus,Sensory cortex,Hippocampus-Sensory cortex,ZFM-02600,0d24afce-9d3c-449e-ac9f-577eefefbd7e,2021-08-27,1
166,-0.010438812587247796,-0.01599304680146989,2.3000000000000003,Hippocampus,Sensory cortex,Hippocampus-Sensory cortex,ZFM-02600,0d24afce-9d3c-449e-ac9f-577eefefbd7e,2021-08-27,1
167,0.02849143696433095,0.022937202750108857,2.5,Hippocampus,Sensory cortex,Hippocampus-Sensory cortex,ZFM-02600,0d24afce-9d3c-449e-ac9f-577eefefbd7e,2021-08-27,1
168,0.004515028138777681,-0.0010392060754444129,2.7,Hippocampus,Sensory cortex,Hippocampus-Sensory cortex,ZFM-02600,0d24afce-9d3c-449e-ac9f-577eefefbd7e,2021-08-27,1
169,0.012589013315768874,0.00703477910154678,2.9000000000000004,Hippocampus,Sensory cortex,Hippocampus-Sensory cortex,ZFM-02600,0d24afce-9d3c-449e-ac9f-577eefefbd7e,2021-08-27,1
170,0.02736201313164772,0.02180777891742563,3.1,Hippocampus,Sensory cortex,Hippocampus-Sensory cortex,ZFM-02600,0d24afce-9d3c-449e-ac9f-577eefefbd7e,2021-08-27,1
171,0.04551071785955807,0.03995648364533597,3.3000000000000003,Hippocampus,Sensory cortex,Hippocampus-Sensory cortex,ZFM-02600,0d24afce-9d3c-449e-ac9f-577eefefbd7e,2021-08-27,1
172,0.03580916433311604,0.030254930118893946,3.5,Hippocampus,Sensory cortex,Hippocampus-Sensory cortex,ZFM-02600,0d24afce-9d3c-449e-ac9f-577eefefbd7e,2021-08-27,1
173,0.0022660763574838855,-0.0032881578567382085,3.7,Hippocampus,Sensory cortex,Hippocampus-Sensory cortex,ZFM-02600,0d24afce-9d3c-449e-ac9f-577eefefbd7e,2021-08-27,1
174,0.04175459064880979,0.036200356434587695,3.9000000000000004,Hippocampus,Sensory cortex,Hippocampus-Sensory cortex,ZFM-02600,0d24afce-9d3c-449e-ac9f-577eefefbd7e,2021-08-27,1
175,-0.010421219132374019,-0.003310140437636642,-0.9,Midbrain,Thalamus,Midbrain-Thalamus,ZFM-02600,0d24afce-9d3c-449e-ac9f-577eefefbd7e,2021-08-27,1
176,-0.011946114136774953,-0.004835035442037576,-0.7000000000000001,Midbrain,Thalamus,Midbrain-Thalamus,ZFM-02600,0d24afce-9d3c-449e-ac9f-577eefefbd7e,2021-08-27,1
177,-0.00500816298300524,0.002102915711732137,-0.5,Midbrain,Thalamus,Midbrain-Thalamus,ZFM-02600,0d24afce-9d3c-449e-ac9f-577eefefbd7e,2021-08-27,1
178,-0.00507345166173483,0.002037627033002547,-0.30000000000000004,Midbrain,Thalamus,Midbrain-Thalamus,ZFM-02600,0d24afce-9d3c-449e-ac9f-577eefefbd7e,2021-08-27,1
179,-0.0031064455597978437,0.004004633134939533,-0.1,Midbrain,Thalamus,Midbrain-Thalamus,ZFM-02600,0d24afce-9d3c-449e-ac9f-577eefefbd7e,2021-08-27,1
180,0.001180635488790752,0.008291714183528129,0.1,Midbrain,Thalamus,Midbrain-Thalamus,ZFM-02600,0d24afce-9d3c-449e-ac9f-577eefefbd7e,2021-08-27,1
181,-0.012419037284087385,-0.005307958589350008,0.30000000000000004,Midbrain,Thalamus,Midbrain-Thalamus,ZFM-02600,0d24afce-9d3c-449e-ac9f-577eefefbd7e,2021-08-27,1
182,-0.03312330657633901,-0.02601222788160163,0.5,Midbrain,Thalamus,Midbrain-Thalamus,ZFM-02600,0d24afce-9d3c-449e-ac9f-577eefefbd7e,2021-08-27,1
183,-0.03364956926168874,-0.02653849056695136,0.7000000000000001,Midbrain,Thalamus,Midbrain-Thalamus,ZFM-02600,0d24afce-9d3c-449e-ac9f-577eefefbd7e,2021-08-27,1
184,-0.019216279238599254,-0.012105200543861877,0.9,Midbrain,Thalamus,Midbrain-Thalamus,ZFM-02600,0d24afce-9d3c-449e-ac9f-577eefefbd7e,2021-08-27,1
185,-0.023478670157389435,-0.016367591462652056,1.1,Midbrain,Thalamus,Midbrain-Thalamus,ZFM-02600,0d24afce-9d3c-449e-ac9f-577eefefbd7e,2021-08-27,1
186,-0.017239445541321136,-0.01012836684658376,1.3000000000000003,Midbrain,Thalamus,Midbrain-Thalamus,ZFM-02600,0d24afce-9d3c-449e-ac9f-577eefefbd7e,2021-08-27,1
187,-0.019143849019110617,-0.01203277032437324,1.5,Midbrain,Thalamus,Midbrain-Thalamus,ZFM-02600,0d24afce-9d3c-449e-ac9f-577eefefbd7e,2021-08-27,1
188,-0.014726791587872176,-0.007615712893134799,1.7000000000000002,Midbrain,Thalamus,Midbrain-Thalamus,ZFM-02600,0d24afce-9d3c-449e-ac9f-577eefefbd7e,2021-08-27,1
189,-0.000465215709509418,0.006645862985227959,1.9,Midbrain,Thalamus,Midbrain-Thalamus,ZFM-02600,0d24afce-9d3c-449e-ac9f-577eefefbd7e,2021-08-27,1
190,-0.00930924187948172,-0.0021981631847443426,2.1,Midbrain,Thalamus,Midbrain-Thalamus,ZFM-02600,0d24afce-9d3c-449e-ac9f-577eefefbd7e,2021-08-27,1
191,0.0014880842762481348,0.008599162970985511,2.3000000000000003,Midbrain,Thalamus,Midbrain-Thalamus,ZFM-02600,0d24afce-9d3c-449e-ac9f-577eefefbd7e,2021-08-27,1
192,0.011002221397077646,0.018113300091815023,2.5,Midbrain,Thalamus,Midbrain-Thalamus,ZFM-02600,0d24afce-9d3c-449e-ac9f-577eefefbd7e,2021-08-27,1
193,0.015225293912768122,0.022336372607505497,2.7,Midbrain,Thalamus,Midbrain-Thalamus,ZFM-02600,0d24afce-9d3c-449e-ac9f-577eefefbd7e,2021-08-27,1
194,-0.002948159085427723,0.004162919609309654,2.9000000000000004,Midbrain,Thalamus,Midbrain-Thalamus,ZFM-02600,0d24afce-9d3c-449e-ac9f-577eefefbd7e,2021-08-27,1
195,-0.004335649696381141,0.002775428998356236,3.1,Midbrain,Thalamus,Midbrain-Thalamus,ZFM-02600,0d24afce-9d3c-449e-ac9f-577eefefbd7e,2021-08-27,1
196,0.010951918484482522,0.0180629971792199,3.3000000000000003,Midbrain,Thalamus,Midbrain-Thalamus,ZFM-02600,0d24afce-9d3c-449e-ac9f-577eefefbd7e,2021-08-27,1
197,0.016551512422898252,0.023662591117635627,3.5,Midbrain,Thalamus,Midbrain-Thalamus,ZFM-02600,0d24afce-9d3c-449e-ac9f-577eefefbd7e,2021-08-27,1
198,0.01864349042654459,0.02575456912128197,3.7,Midbrain,Thalamus,Midbrain-Thalamus,ZFM-02600,0d24afce-9d3c-449e-ac9f-577eefefbd7e,2021-08-27,1
199,0.014648289701576856,0.021759368396314233,3.9000000000000004,Midbrain,Thalamus,Midbrain-Thalamus,ZFM-02600,0d24afce-9d3c-449e-ac9f-577eefefbd7e,2021-08-27,1
200,-0.032597700163543464,-0.015893999970349123,-0.9,Midbrain,Sensory cortex,Midbrain-Sensory cortex,ZFM-02600,0d24afce-9d3c-449e-ac9f-577eefefbd7e,2021-08-27,1
201,-0.017175991164280452,-0.00047229097108611104,-0.7000000000000001,Midbrain,Sensory cortex,Midbrain-Sensory cortex,ZFM-02600,0d24afce-9d3c-449e-ac9f-577eefefbd7e,2021-08-27,1
202,-0.006197273453426594,0.010506426739767746,-0.5,Midbrain,Sensory cortex,Midbrain-Sensory cortex,ZFM-02600,0d24afce-9d3c-449e-ac9f-577eefefbd7e,2021-08-27,1
203,-0.016529944876149442,0.0001737553170448984,-0.30000000000000004,Midbrain,Sensory cortex,Midbrain-Sensory cortex,ZFM-02600,0d24afce-9d3c-449e-ac9f-577eefefbd7e,2021-08-27,1
204,-0.011017591308571762,0.005686108884622579,-0.1,Midbrain,Sensory cortex,Midbrain-Sensory cortex,ZFM-02600,0d24afce-9d3c-449e-ac9f-577eefefbd7e,2021-08-27,1
205,-0.01029676709385389,0.006406933099340451,0.1,Midbrain,Sensory cortex,Midbrain-Sensory cortex,ZFM-02600,0d24afce-9d3c-449e-ac9f-577eefefbd7e,2021-08-27,1
206,-0.019962039115248284,-0.003258338922053943,0.30000000000000004,Midbrain,Sensory cortex,Midbrain-Sensory cortex,ZFM-02600,0d24afce-9d3c-449e-ac9f-577eefefbd7e,2021-08-27,1
207,-0.02795816261941365,-0.01125446242621931,0.5,Midbrain,Sensory cortex,Midbrain-Sensory cortex,ZFM-02600,0d24afce-9d3c-449e-ac9f-577eefefbd7e,2021-08-27,1
208,-0.02199181306660844,-0.005288112873414099,0.7000000000000001,Midbrain,Sensory cortex,Midbrain-Sensory cortex,ZFM-02600,0d24afce-9d3c-449e-ac9f-577eefefbd7e,2021-08-27,1
209,-0.023690248127455547,-0.006986547934261206,0.9,Midbrain,Sensory cortex,Midbrain-Sensory cortex,ZFM-02600,0d24afce-9d3c-449e-ac9f-577eefefbd7e,2021-08-27,1
210,-0.03496311457959156,-0.018259414386397218,1.1,Midbrain,Sensory cortex,Midbrain-Sensory cortex,ZFM-02600,0d24afce-9d3c-449e-ac9f-577eefefbd7e,2021-08-27,1
211,-0.04455530724519305,-0.027851607051998708,1.3000000000000003,Midbrain,Sensory cortex,Midbrain-Sensory cortex,ZFM-02600,0d24afce-9d3c-449e-ac9f-577eefefbd7e,2021-08-27,1
212,-0.02102388592667085,-0.004320185733476509,1.5,Midbrain,Sensory cortex,Midbrain-Sensory cortex,ZFM-02600,0d24afce-9d3c-449e-ac9f-577eefefbd7e,2021-08-27,1
213,-0.02436861125153256,-0.00766491105833822,1.7000000000000002,Midbrain,Sensory cortex,Midbrain-Sensory cortex,ZFM-02600,0d24afce-9d3c-449e-ac9f-577eefefbd7e,2021-08-27,1
214,-0.006467681125491116,0.010236019067703224,1.9,Midbrain,Sensory cortex,Midbrain-Sensory cortex,ZFM-02600,0d24afce-9d3c-449e-ac9f-577eefefbd7e,2021-08-27,1
215,-0.022832670952222356,-0.006128970759028015,2.1,Midbrain,Sensory cortex,Midbrain-Sensory cortex,ZFM-02600,0d24afce-9d3c-449e-ac9f-577eefefbd7e,2021-08-27,1
216,-0.022813276662837816,-0.006109576469643475,2.3000000000000003,Midbrain,Sensory cortex,Midbrain-Sensory cortex,ZFM-02600,0d24afce-9d3c-449e-ac9f-577eefefbd7e,2021-08-27,1
217,-0.020209694298454307,-0.003505994105259966,2.5,Midbrain,Sensory cortex,Midbrain-Sensory cortex,ZFM-02600,0d24afce-9d3c-449e-ac9f-577eefefbd7e,2021-08-27,1
218,-0.019046954875720706,-0.0023432546825263648,2.7,Midbrain,Sensory cortex,Midbrain-Sensory cortex,ZFM-02600,0d24afce-9d3c-449e-ac9f-577eefefbd7e,2021-08-27,1
219,-0.022023001445537854,-0.005319301252343513,2.9000000000000004,Midbrain,Sensory cortex,Midbrain-Sensory cortex,ZFM-02600,0d24afce-9d3c-449e-ac9f-577eefefbd7e,2021-08-27,1
220,-0.01625157187205381,0.0004521283211405304,3.1,Midbrain,Sensory cortex,Midbrain-Sensory cortex,ZFM-02600,0d24afce-9d3c-449e-ac9f-577eefefbd7e,2021-08-27,1
221,-0.006949626005013544,0.009754074188180797,3.3000000000000003,Midbrain,Sensory cortex,Midbrain-Sensory cortex,ZFM-02600,0d24afce-9d3c-449e-ac9f-577eefefbd7e,2021-08-27,1
222,0.01153496150332712,0.02823866169652146,3.5,Midbrain,Sensory cortex,Midbrain-Sensory cortex,ZFM-02600,0d24afce-9d3c-449e-ac9f-577eefefbd7e,2021-08-27,1
223,-0.009512298510182052,0.007191401683012289,3.7,Midbrain,Sensory cortex,Midbrain-Sensory cortex,ZFM-02600,0d24afce-9d3c-449e-ac9f-577eefefbd7e,2021-08-27,1
224,-0.0015280261168632808,0.01517567407633106,3.9000000000000004,Midbrain,Sensory cortex,Midbrain-Sensory cortex,ZFM-02600,0d24afce-9d3c-449e-ac9f-577eefefbd7e,2021-08-27,1
225,0.016361528267905958,-0.005692729723055481,-0.9,Thalamus,Sensory cortex,Thalamus-Sensory cortex,ZFM-02600,0d24afce-9d3c-449e-ac9f-577eefefbd7e,2021-08-27,1
226,0.025089644056669504,0.003035386065708065,-0.7000000000000001,Thalamus,Sensory cortex,Thalamus-Sensory cortex,ZFM-02600,0d24afce-9d3c-449e-ac9f-577eefefbd7e,2021-08-27,1
227,0.024559232525627313,0.002504974534665874,-0.5,Thalamus,Sensory cortex,Thalamus-Sensory cortex,ZFM-02600,0d24afce-9d3c-449e-ac9f-577eefefbd7e,2021-08-27,1
228,0.019892582764490838,-0.002161675226470601,-0.30000000000000004,Thalamus,Sensory cortex,Thalamus-Sensory cortex,ZFM-02600,0d24afce-9d3c-449e-ac9f-577eefefbd7e,2021-08-27,1
229,0.0243683023401136,0.00231404434915216,-0.1,Thalamus,Sensory cortex,Thalamus-Sensory cortex,ZFM-02600,0d24afce-9d3c-449e-ac9f-577eefefbd7e,2021-08-27,1
230,0.034108663099873024,0.012054405108911585,0.1,Thalamus,Sensory cortex,Thalamus-Sensory cortex,ZFM-02600,0d24afce-9d3c-449e-ac9f-577eefefbd7e,2021-08-27,1
231,0.04383995727020568,0.021785699279244244,0.30000000000000004,Thalamus,Sensory cortex,Thalamus-Sensory cortex,ZFM-02600,0d24afce-9d3c-449e-ac9f-577eefefbd7e,2021-08-27,1
232,0.050914691217927265,0.028860433226965826,0.5,Thalamus,Sensory cortex,Thalamus-Sensory cortex,ZFM-02600,0d24afce-9d3c-449e-ac9f-577eefefbd7e,2021-08-27,1
233,0.04733811790097861,0.02528385991001717,0.7000000000000001,Thalamus,Sensory cortex,Thalamus-Sensory cortex,ZFM-02600,0d24afce-9d3c-449e-ac9f-577eefefbd7e,2021-08-27,1
234,0.05227635833694208,0.03022210034598064,0.9,Thalamus,Sensory cortex,Thalamus-Sensory cortex,ZFM-02600,0d24afce-9d3c-449e-ac9f-577eefefbd7e,2021-08-27,1
235,0.04185550557141479,0.019801247580453353,1.1,Thalamus,Sensory cortex,Thalamus-Sensory cortex,ZFM-02600,0d24afce-9d3c-449e-ac9f-577eefefbd7e,2021-08-27,1
236,0.024493517645012605,0.0024392596540511666,1.3000000000000003,Thalamus,Sensory cortex,Thalamus-Sensory cortex,ZFM-02600,0d24afce-9d3c-449e-ac9f-577eefefbd7e,2021-08-27,1
237,0.03446515407886944,0.012410896087907998,1.5,Thalamus,Sensory cortex,Thalamus-Sensory cortex,ZFM-02600,0d24afce-9d3c-449e-ac9f-577eefefbd7e,2021-08-27,1
238,0.024529747913605255,0.0024754899226438164,1.7000000000000002,Thalamus,Sensory cortex,Thalamus-Sensory cortex,ZFM-02600,0d24afce-9d3c-449e-ac9f-577eefefbd7e,2021-08-27,1
239,0.041530639249934324,0.019476381258972886,1.9,Thalamus,Sensory cortex,Thalamus-Sensory cortex,ZFM-02600,0d24afce-9d3c-449e-ac9f-577eefefbd7e,2021-08-27,1
240,0.03963622625439141,0.01758196826342997,2.1,Thalamus,Sensory cortex,Thalamus-Sensory cortex,ZFM-02600,0d24afce-9d3c-449e-ac9f-577eefefbd7e,2021-08-27,1
241,0.03154452535628295,0.009490267365321513,2.3000000000000003,Thalamus,Sensory cortex,Thalamus-Sensory cortex,ZFM-02600,0d24afce-9d3c-449e-ac9f-577eefefbd7e,2021-08-27,1
242,0.02428635044252013,0.0022320924515586912,2.5,Thalamus,Sensory cortex,Thalamus-Sensory cortex,ZFM-02600,0d24afce-9d3c-449e-ac9f-577eefefbd7e,2021-08-27,1
243,0.02639855336813077,0.004344295377169332,2.7,Thalamus,Sensory cortex,Thalamus-Sensory cortex,ZFM-02600,0d24afce-9d3c-449e-ac9f-577eefefbd7e,2021-08-27,1
244,0.01697142027616992,-0.005082837714791517,2.9000000000000004,Thalamus,Sensory cortex,Thalamus-Sensory cortex,ZFM-02600,0d24afce-9d3c-449e-ac9f-577eefefbd7e,2021-08-27,1
245,0.023136966437925843,0.0010827084469644047,3.1,Thalamus,Sensory cortex,Thalamus-Sensory cortex,ZFM-02600,0d24afce-9d3c-449e-ac9f-577eefefbd7e,2021-08-27,1
246,0.02823704899333141,0.006182791002369972,3.3000000000000003,Thalamus,Sensory cortex,Thalamus-Sensory cortex,ZFM-02600,0d24afce-9d3c-449e-ac9f-577eefefbd7e,2021-08-27,1
247,0.027636193927209028,0.0055819359362475895,3.5,Thalamus,Sensory cortex,Thalamus-Sensory cortex,ZFM-02600,0d24afce-9d3c-449e-ac9f-577eefefbd7e,2021-08-27,1
248,0.038563398587092096,0.016509140596130657,3.7,Thalamus,Sensory cortex,Thalamus-Sensory cortex,ZFM-02600,0d24afce-9d3c-449e-ac9f-577eefefbd7e,2021-08-27,1
249,0.03645974526839255,0.014405487277431114,3.9000000000000004,Thalamus,Sensory cortex,Thalamus-Sensory cortex,ZFM-02600,0d24afce-9d3c-449e-ac9f-577eefefbd7e,2021-08-27,1
250,0.00038116796522239677,-0.004052826080079343,-0.9,Midbrain,Frontal cortex,Midbrain-Frontal cortex,ZFM-04811,126cf6e8-fc3a-4fab-aad4-75772af0aa5d,2022-11-09,1
251,-0.0017146266341305418,-0.006148620679432282,-0.7000000000000001,Midbrain,Frontal cortex,Midbrain-Frontal cortex,ZFM-04811,126cf6e8-fc3a-4fab-aad4-75772af0aa5d,2022-11-09,1
252,-9.180499203086332e-05,-0.004525799037332604,-0.5,Midbrain,Frontal cortex,Midbrain-Frontal cortex,ZFM-04811,126cf6e8-fc3a-4fab-aad4-75772af0aa5d,2022-11-09,1
253,0.0035259531539085795,-0.0009080408913931604,-0.30000000000000004,Midbrain,Frontal cortex,Midbrain-Frontal cortex,ZFM-04811,126cf6e8-fc3a-4fab-aad4-75772af0aa5d,2022-11-09,1
254,0.020069280733539127,0.01563528668823739,-0.1,Midbrain,Frontal cortex,Midbrain-Frontal cortex,ZFM-04811,126cf6e8-fc3a-4fab-aad4-75772af0aa5d,2022-11-09,1
255,0.004945312794629175,0.0005113187493274354,0.1,Midbrain,Frontal cortex,Midbrain-Frontal cortex,ZFM-04811,126cf6e8-fc3a-4fab-aad4-75772af0aa5d,2022-11-09,1
256,0.010086318788328934,0.005652324743027194,0.30000000000000004,Midbrain,Frontal cortex,Midbrain-Frontal cortex,ZFM-04811,126cf6e8-fc3a-4fab-aad4-75772af0aa5d,2022-11-09,1
257,0.00796305232641387,0.00352905828111213,0.5,Midbrain,Frontal cortex,Midbrain-Frontal cortex,ZFM-04811,126cf6e8-fc3a-4fab-aad4-75772af0aa5d,2022-11-09,1
258,0.003064881904997094,-0.001369112140304646,0.7000000000000001,Midbrain,Frontal cortex,Midbrain-Frontal cortex,ZFM-04811,126cf6e8-fc3a-4fab-aad4-75772af0aa5d,2022-11-09,1
259,0.00020882858341431573,-0.0042251654618874245,0.9,Midbrain,Frontal cortex,Midbrain-Frontal cortex,ZFM-04811,126cf6e8-fc3a-4fab-aad4-75772af0aa5d,2022-11-09,1
260,0.01059314862950071,0.0061591545841989705,1.1,Midbrain,Frontal cortex,Midbrain-Frontal cortex,ZFM-04811,126cf6e8-fc3a-4fab-aad4-75772af0aa5d,2022-11-09,1
261,0.01815511084554216,0.01372111680024042,1.3000000000000003,Midbrain,Frontal cortex,Midbrain-Frontal cortex,ZFM-04811,126cf6e8-fc3a-4fab-aad4-75772af0aa5d,2022-11-09,1
262,0.01093045507687567,0.0064964610315739295,1.5,Midbrain,Frontal cortex,Midbrain-Frontal cortex,ZFM-04811,126cf6e8-fc3a-4fab-aad4-75772af0aa5d,2022-11-09,1
263,0.007651527385697735,0.003217533340395995,1.7000000000000002,Midbrain,Frontal cortex,Midbrain-Frontal cortex,ZFM-04811,126cf6e8-fc3a-4fab-aad4-75772af0aa5d,2022-11-09,1
264,0.010679743761408332,0.0062457497161065925,1.9,Midbrain,Frontal cortex,Midbrain-Frontal cortex,ZFM-04811,126cf6e8-fc3a-4fab-aad4-75772af0aa5d,2022-11-09,1
265,0.007742266186561066,0.0033082721412593264,2.1,Midbrain,Frontal cortex,Midbrain-Frontal cortex,ZFM-04811,126cf6e8-fc3a-4fab-aad4-75772af0aa5d,2022-11-09,1
266,0.010632098772264254,0.006198104726962514,2.3000000000000003,Midbrain,Frontal cortex,Midbrain-Frontal cortex,ZFM-04811,126cf6e8-fc3a-4fab-aad4-75772af0aa5d,2022-11-09,1
267,0.009839024599370846,0.0054050305540691065,2.5,Midbrain,Frontal cortex,Midbrain-Frontal cortex,ZFM-04811,126cf6e8-fc3a-4fab-aad4-75772af0aa5d,2022-11-09,1
268,0.00392611990274279,-0.0005078741425589501,2.7,Midbrain,Frontal cortex,Midbrain-Frontal cortex,ZFM-04811,126cf6e8-fc3a-4fab-aad4-75772af0aa5d,2022-11-09,1
269,0.0050558531128612125,0.0006218590675594726,2.9000000000000004,Midbrain,Frontal cortex,Midbrain-Frontal cortex,ZFM-04811,126cf6e8-fc3a-4fab-aad4-75772af0aa5d,2022-11-09,1
270,0.007531821611191223,0.003097827565889483,3.1,Midbrain,Frontal cortex,Midbrain-Frontal cortex,ZFM-04811,126cf6e8-fc3a-4fab-aad4-75772af0aa5d,2022-11-09,1
271,0.004080869355322172,-0.00035312468997956807,3.3000000000000003,Midbrain,Frontal cortex,Midbrain-Frontal cortex,ZFM-04811,126cf6e8-fc3a-4fab-aad4-75772af0aa5d,2022-11-09,1
272,0.002126037919949508,-0.002307956125352232,3.5,Midbrain,Frontal cortex,Midbrain-Frontal cortex,ZFM-04811,126cf6e8-fc3a-4fab-aad4-75772af0aa5d,2022-11-09,1
273,0.017434067496602576,0.013000073451300836,3.7,Midbrain,Frontal cortex,Midbrain-Frontal cortex,ZFM-04811,126cf6e8-fc3a-4fab-aad4-75772af0aa5d,2022-11-09,1
274,0.014407154855175042,0.009973160809873302,3.9000000000000004,Midbrain,Frontal cortex,Midbrain-Frontal cortex,ZFM-04811,126cf6e8-fc3a-4fab-aad4-75772af0aa5d,2022-11-09,1
275,-0.011460360362327365,-0.00972551734687337,-0.9,Midbrain,Sensory cortex,Midbrain-Sensory cortex,ZFM-04811,126cf6e8-fc3a-4fab-aad4-75772af0aa5d,2022-11-09,1
276,-0.005745757676751047,-0.004010914661297052,-0.7000000000000001,Midbrain,Sensory cortex,Midbrain-Sensory cortex,ZFM-04811,126cf6e8-fc3a-4fab-aad4-75772af0aa5d,2022-11-09,1
277,0.0020646013911191276,0.003799444406573123,-0.5,Midbrain,Sensory cortex,Midbrain-Sensory cortex,ZFM-04811,126cf6e8-fc3a-4fab-aad4-75772af0aa5d,2022-11-09,1
278,-0.0006680472587213417,0.0010667957567326537,-0.30000000000000004,Midbrain,Sensory cortex,Midbrain-Sensory cortex,ZFM-04811,126cf6e8-fc3a-4fab-aad4-75772af0aa5d,2022-11-09,1
279,0.007135348829410651,0.008870191844864646,-0.1,Midbrain,Sensory cortex,Midbrain-Sensory cortex,ZFM-04811,126cf6e8-fc3a-4fab-aad4-75772af0aa5d,2022-11-09,1
280,-0.01938576787503469,-0.017650924859580693,0.1,Midbrain,Sensory cortex,Midbrain-Sensory cortex,ZFM-04811,126cf6e8-fc3a-4fab-aad4-75772af0aa5d,2022-11-09,1
281,-0.01925535784344952,-0.017520514827995524,0.30000000000000004,Midbrain,Sensory cortex,Midbrain-Sensory cortex,ZFM-04811,126cf6e8-fc3a-4fab-aad4-75772af0aa5d,2022-11-09,1
282,-0.006863209130841706,-0.00512836611538771,0.5,Midbrain,Sensory cortex,Midbrain-Sensory cortex,ZFM-04811,126cf6e8-fc3a-4fab-aad4-75772af0aa5d,2022-11-09,1
283,-0.001430875272033304,0.0003039677434206916,0.7000000000000001,Midbrain,Sensory cortex,Midbrain-Sensory cortex,ZFM-04811,126cf6e8-fc3a-4fab-aad4-75772af0aa5d,2022-11-09,1
284,-0.001597461777195447,0.00013738123825854853,0.9,Midbrain,Sensory cortex,Midbrain-Sensory cortex,ZFM-04811,126cf6e8-fc3a-4fab-aad4-75772af0aa5d,2022-11-09,1
285,-0.012994158994587444,-0.011259315979133449,1.1,Midbrain,Sensory cortex,Midbrain-Sensory cortex,ZFM-04811,126cf6e8-fc3a-4fab-aad4-75772af0aa5d,2022-11-09,1
286,0.008456456370007363,0.010191299385461358,1.3000000000000003,Midbrain,Sensory cortex,Midbrain-Sensory cortex,ZFM-04811,126cf6e8-fc3a-4fab-aad4-75772af0aa5d,2022-11-09,1
287,-0.0032603100931573813,-0.0015254670777033858,1.5,Midbrain,Sensory cortex,Midbrain-Sensory cortex,ZFM-04811,126cf6e8-fc3a-4fab-aad4-75772af0aa5d,2022-11-09,1
288,-0.002827387394303416,-0.0010925443788494206,1.7000000000000002,Midbrain,Sensory cortex,Midbrain-Sensory cortex,ZFM-04811,126cf6e8-fc3a-4fab-aad4-75772af0aa5d,2022-11-09,1
289,-0.005203694606588368,-0.0034688515911343726,1.9,Midbrain,Sensory cortex,Midbrain-Sensory cortex,ZFM-04811,126cf6e8-fc3a-4fab-aad4-75772af0aa5d,2022-11-09,1
290,0.0034382777832375534,0.0051731207986915485,2.1,Midbrain,Sensory cortex,Midbrain-Sensory cortex,ZFM-04811,126cf6e8-fc3a-4fab-aad4-75772af0aa5d,2022-11-09,1
291,-0.012456814901987377,-0.010721971886533382,2.3000000000000003,Midbrain,Sensory cortex,Midbrain-Sensory cortex,ZFM-04811,126cf6e8-fc3a-4fab-aad4-75772af0aa5d,2022-11-09,1
292,-0.002735543492121805,-0.0010007004766678096,2.5,Midbrain,Sensory cortex,Midbrain-Sensory cortex,ZFM-04811,126cf6e8-fc3a-4fab-aad4-75772af0aa5d,2022-11-09,1
293,-0.004091119218806107,-0.0023562762033521112,2.7,Midbrain,Sensory cortex,Midbrain-Sensory cortex,ZFM-04811,126cf6e8-fc3a-4fab-aad4-75772af0aa5d,2022-11-09,1
294,-0.018948960430273026,-0.01721411741481903,2.9000000000000004,Midbrain,Sensory cortex,Midbrain-Sensory cortex,ZFM-04811,126cf6e8-fc3a-4fab-aad4-75772af0aa5d,2022-11-09,1
295,-0.00010759910014710084,0.0016272439153068947,3.1,Midbrain,Sensory cortex,Midbrain-Sensory cortex,ZFM-04811,126cf6e8-fc3a-4fab-aad4-75772af0aa5d,2022-11-09,1
296,-0.016450815854874068,-0.014715972839420072,3.3000000000000003,Midbrain,Sensory cortex,Midbrain-Sensory cortex,ZFM-04811,126cf6e8-fc3a-4fab-aad4-75772af0aa5d,2022-11-09,1
297,-0.010430129838361875,-0.008695286822907879,3.5,Midbrain,Sensory cortex,Midbrain-Sensory cortex,ZFM-04811,126cf6e8-fc3a-4fab-aad4-75772af0aa5d,2022-11-09,1
298,-0.000584122616729189,0.0011507203987248067,3.7,Midbrain,Sensory cortex,Midbrain-Sensory cortex,ZFM-04811,126cf6e8-fc3a-4fab-aad4-75772af0aa5d,2022-11-09,1
299,-0.0021496052265677925,-0.00041476221111379696,3.9000000000000004,Midbrain,Sensory cortex,Midbrain-Sensory cortex,ZFM-04811,126cf6e8-fc3a-4fab-aad4-75772af0aa5d,2022-11-09,1
300,0.004698569107105312,0.0021646997143951667,-0.9,Frontal cortex,Sensory cortex,Frontal cortex-Sensory cortex,ZFM-04811,126cf6e8-fc3a-4fab-aad4-75772af0aa5d,2022-11-09,1
301,-0.0017354942601529259,-0.004269363652863071,-0.7000000000000001,Frontal cortex,Sensory cortex,Frontal cortex-Sensory cortex,ZFM-04811,126cf6e8-fc3a-4fab-aad4-75772af0aa5d,2022-11-09,1
302,0.0006294084051219058,-0.0019044609875882397,-0.5,Frontal cortex,Sensory cortex,Frontal cortex-Sensory cortex,ZFM-04811,126cf6e8-fc3a-4fab-aad4-75772af0aa5d,2022-11-09,1
303,0.0022547573406363716,-0.0002791120520737739,-0.30000000000000004,Frontal cortex,Sensory cortex,Frontal cortex-Sensory cortex,ZFM-04811,126cf6e8-fc3a-4fab-aad4-75772af0aa5d,2022-11-09,1
304,0.006822106370840064,0.004288236978129918,-0.1,Frontal cortex,Sensory cortex,Frontal cortex-Sensory cortex,ZFM-04811,126cf6e8-fc3a-4fab-aad4-75772af0aa5d,2022-11-09,1
305,-0.00591016608447933,-0.008444035477189476,0.1,Frontal cortex,Sensory cortex,Frontal cortex-Sensory cortex,ZFM-04811,126cf6e8-fc3a-4fab-aad4-75772af0aa5d,2022-11-09,1
306,0.007153828761765382,0.004619959369055236,0.30000000000000004,Frontal cortex,Sensory cortex,Frontal cortex-Sensory cortex,ZFM-04811,126cf6e8-fc3a-4fab-aad4-75772af0aa5d,2022-11-09,1
307,0.004819149764545792,0.0022852803718356467,0.5,Frontal cortex,Sensory cortex,Frontal cortex-Sensory cortex,ZFM-04811,126cf6e8-fc3a-4fab-aad4-75772af0aa5d,2022-11-09,1
308,0.001096518223700167,-0.0014373511690099784,0.7000000000000001,Frontal cortex,Sensory cortex,Frontal cortex-Sensory cortex,ZFM-04811,126cf6e8-fc3a-4fab-aad4-75772af0aa5d,2022-11-09,1
309,-0.0033737618088448803,-0.005907631201555026,0.9,Frontal cortex,Sensory cortex,Frontal cortex-Sensory cortex,ZFM-04811,126cf6e8-fc3a-4fab-aad4-75772af0aa5d,2022-11-09,1
310,-0.0060685854722631735,-0.00860245486497332,1.1,Frontal cortex,Sensory cortex,Frontal cortex-Sensory cortex,ZFM-04811,126cf6e8-fc3a-4fab-aad4-75772af0aa5d,2022-11-09,1
311,0.003995446278517476,0.0014615768858073307,1.3000000000000003,Frontal cortex,Sensory cortex,Frontal cortex-Sensory cortex,ZFM-04811,126cf6e8-fc3a-4fab-aad4-75772af0aa5d,2022-11-09,1
312,0.00025735041070789586,-0.0022765189820022494,1.5,Frontal cortex,Sensory cortex,Frontal cortex-Sensory cortex,ZFM-04811,126cf6e8-fc3a-4fab-aad4-75772af0aa5d,2022-11-09,1
313,0.003474202202380884,0.0009403328096707388,1.7000000000000002,Frontal cortex,Sensory cortex,Frontal cortex-Sensory cortex,ZFM-04811,126cf6e8-fc3a-4fab-aad4-75772af0aa5d,2022-11-09,1
314,-0.0030448687818242265,-0.005578738174534372,1.9,Frontal cortex,Sensory cortex,Frontal cortex-Sensory cortex,ZFM-04811,126cf6e8-fc3a-4fab-aad4-75772af0aa5d,2022-11-09,1
315,0.0033459097523192574,0.000812040359609112,2.1,Frontal cortex,Sensory cortex,Frontal cortex-Sensory cortex,ZFM-04811,126cf6e8-fc3a-4fab-aad4-75772af0aa5d,2022-11-09,1
316,-0.007020815594713665,-0.00955468498742381,2.3000000000000003,Frontal cortex,Sensory cortex,Frontal cortex-Sensory cortex,ZFM-04811,126cf6e8-fc3a-4fab-aad4-75772af0aa5d,2022-11-09,1
317,7.349943994709115e-05,-0.0024603699527630542,2.5,Frontal cortex,Sensory cortex,Frontal cortex-Sensory cortex,ZFM-04811,126cf6e8-fc3a-4fab-aad4-75772af0aa5d,2022-11-09,1
318,0.0004896568407257564,-0.002044212551984389,2.7,Frontal cortex,Sensory cortex,Frontal cortex-Sensory cortex,ZFM-04811,126cf6e8-fc3a-4fab-aad4-75772af0aa5d,2022-11-09,1
319,-0.0017069860804098651,-0.00424085547312001,2.9000000000000004,Frontal cortex,Sensory cortex,Frontal cortex-Sensory cortex,ZFM-04811,126cf6e8-fc3a-4fab-aad4-75772af0aa5d,2022-11-09,1
320,-0.00398700914378335,-0.006520878536493496,3.1,Frontal cortex,Sensory cortex,Frontal cortex-Sensory cortex,ZFM-04811,126cf6e8-fc3a-4fab-aad4-75772af0aa5d,2022-11-09,1
321,0.0010804395261242896,-0.0014534298665858558,3.3000000000000003,Frontal cortex,Sensory cortex,Frontal cortex-Sensory cortex,ZFM-04811,126cf6e8-fc3a-4fab-aad4-75772af0aa5d,2022-11-09,1
322,-0.004299796538096913,-0.006833665930807059,3.5,Frontal cortex,Sensory cortex,Frontal cortex-Sensory cortex,ZFM-04811,126cf6e8-fc3a-4fab-aad4-75772af0aa5d,2022-11-09,1
323,-0.0013885587258573196,-0.003922428118567465,3.7,Frontal cortex,Sensory cortex,Frontal cortex-Sensory cortex,ZFM-04811,126cf6e8-fc3a-4fab-aad4-75772af0aa5d,2022-11-09,1
324,-0.002692797675546446,-0.005226667068256591,3.9000000000000004,Frontal cortex,Sensory cortex,Frontal cortex-Sensory cortex,ZFM-04811,126cf6e8-fc3a-4fab-aad4-75772af0aa5d,2022-11-09,1
325,0.018435469089753857,0.004127069126502757,-0.9,Frontal cortex,Striatum,Frontal cortex-Striatum,ZFM-04083,27c5e5e6-0359-4375-b53e-677aa57a73c0,2022-07-20,1
326,-0.012895353921774927,-0.02720375388502603,-0.7000000000000001,Frontal cortex,Striatum,Frontal cortex-Striatum,ZFM-04083,27c5e5e6-0359-4375-b53e-677aa57a73c0,2022-07-20,1
327,0.0019022476764769627,-0.012406152286774138,-0.5,Frontal cortex,Striatum,Frontal cortex-Striatum,ZFM-04083,27c5e5e6-0359-4375-b53e-677aa57a73c0,2022-07-20,1
328,0.045349469726918175,0.031041069763667075,-0.30000000000000004,Frontal cortex,Striatum,Frontal cortex-Striatum,ZFM-04083,27c5e5e6-0359-4375-b53e-677aa57a73c0,2022-07-20,1
329,0.018750167244881426,0.004441767281630326,-0.1,Frontal cortex,Striatum,Frontal cortex-Striatum,ZFM-04083,27c5e5e6-0359-4375-b53e-677aa57a73c0,2022-07-20,1
330,-0.01629734530604102,-0.03060574526929212,0.1,Frontal cortex,Striatum,Frontal cortex-Striatum,ZFM-04083,27c5e5e6-0359-4375-b53e-677aa57a73c0,2022-07-20,1
331,0.024479105791558233,0.010170705828307133,0.30000000000000004,Frontal cortex,Striatum,Frontal cortex-Striatum,ZFM-04083,27c5e5e6-0359-4375-b53e-677aa57a73c0,2022-07-20,1
332,0.06898036706541484,0.05467196710216374,0.5,Frontal cortex,Striatum,Frontal cortex-Striatum,ZFM-04083,27c5e5e6-0359-4375-b53e-677aa57a73c0,2022-07-20,1
333,0.02078016326870804,0.006471763305456939,0.7000000000000001,Frontal cortex,Striatum,Frontal cortex-Striatum,ZFM-04083,27c5e5e6-0359-4375-b53e-677aa57a73c0,2022-07-20,1
334,0.05625700696484776,0.041948607001596666,0.9,Frontal cortex,Striatum,Frontal cortex-Striatum,ZFM-04083,27c5e5e6-0359-4375-b53e-677aa57a73c0,2022-07-20,1
335,-0.0005968872799248356,-0.014905287243175936,1.1,Frontal cortex,Striatum,Frontal cortex-Striatum,ZFM-04083,27c5e5e6-0359-4375-b53e-677aa57a73c0,2022-07-20,1
336,0.046747612085740985,0.03243921212248989,1.3000000000000003,Frontal cortex,Striatum,Frontal cortex-Striatum,ZFM-04083,27c5e5e6-0359-4375-b53e-677aa57a73c0,2022-07-20,1
337,0.043218205801009095,0.028909805837757995,1.5,Frontal cortex,Striatum,Frontal cortex-Striatum,ZFM-04083,27c5e5e6-0359-4375-b53e-677aa57a73c0,2022-07-20,1
338,0.048025173390202784,0.03371677342695169,1.7000000000000002,Frontal cortex,Striatum,Frontal cortex-Striatum,ZFM-04083,27c5e5e6-0359-4375-b53e-677aa57a73c0,2022-07-20,1
339,0.03171195828732594,0.01740355832407484,1.9,Frontal cortex,Striatum,Frontal cortex-Striatum,ZFM-04083,27c5e5e6-0359-4375-b53e-677aa57a73c0,2022-07-20,1
340,-0.010253334759921226,-0.024561734723172326,2.1,Frontal cortex,Striatum,Frontal cortex-Striatum,ZFM-04083,27c5e5e6-0359-4375-b53e-677aa57a73c0,2022-07-20,1
341,0.011334053711429143,-0.0029743462518219566,2.3000000000000003,Frontal cortex,Striatum,Frontal cortex-Striatum,ZFM-04083,27c5e5e6-0359-4375-b53e-677aa57a73c0,2022-07-20,1
342,0.03014864326722112,0.01584024330397002,2.5,Frontal cortex,Striatum,Frontal cortex-Striatum,ZFM-04083,27c5e5e6-0359-4375-b53e-677aa57a73c0,2022-07-20,1
343,-0.0009120347459140876,-0.015220434709165188,2.7,Frontal cortex,Striatum,Frontal cortex-Striatum,ZFM-04083,27c5e5e6-0359-4375-b53e-677aa57a73c0,2022-07-20,1
344,-0.03416640865755967,-0.04847480862081077,2.9000000000000004,Frontal cortex,Striatum,Frontal cortex-Striatum,ZFM-04083,27c5e5e6-0359-4375-b53e-677aa57a73c0,2022-07-20,1
345,-0.015232512904920063,-0.029540912868171162,3.1,Frontal cortex,Striatum,Frontal cortex-Striatum,ZFM-04083,27c5e5e6-0359-4375-b53e-677aa57a73c0,2022-07-20,1
346,-0.021475760272410358,-0.03578416023566146,3.3000000000000003,Frontal cortex,Striatum,Frontal cortex-Striatum,ZFM-04083,27c5e5e6-0359-4375-b53e-677aa57a73c0,2022-07-20,1
347,0.018917687575773275,0.0046092876125221754,3.5,Frontal cortex,Striatum,Frontal cortex-Striatum,ZFM-04083,27c5e5e6-0359-4375-b53e-677aa57a73c0,2022-07-20,1
348,-0.03044654897306798,-0.04475494893631908,3.7,Frontal cortex,Striatum,Frontal cortex-Striatum,ZFM-04083,27c5e5e6-0359-4375-b53e-677aa57a73c0,2022-07-20,1
349,-0.013024510495687584,-0.027332910458938684,3.9000000000000004,Frontal cortex,Striatum,Frontal cortex-Striatum,ZFM-04083,27c5e5e6-0359-4375-b53e-677aa57a73c0,2022-07-20,1
350,-0.019742068115626878,-0.015139440177256458,-0.9,Frontal cortex,Hippocampus,Frontal cortex-Hippocampus,ZFM-04083,27c5e5e6-0359-4375-b53e-677aa57a73c0,2022-07-20,1
351,-0.0011293514394744937,0.0034732764988959254,-0.7000000000000001,Frontal cortex,Hippocampus,Frontal cortex-Hippocampus,ZFM-04083,27c5e5e6-0359-4375-b53e-677aa57a73c0,2022-07-20,1
352,0.005561245770917712,0.010163873709288132,-0.5,Frontal cortex,Hippocampus,Frontal cortex-Hippocampus,ZFM-04083,27c5e5e6-0359-4375-b53e-677aa57a73c0,2022-07-20,1
353,0.013221394665070016,0.017824022603440435,-0.30000000000000004,Frontal cortex,Hippocampus,Frontal cortex-Hippocampus,ZFM-04083,27c5e5e6-0359-4375-b53e-677aa57a73c0,2022-07-20,1
354,-0.020924360572738457,-0.016321732634368036,-0.1,Frontal cortex,Hippocampus,Frontal cortex-Hippocampus,ZFM-04083,27c5e5e6-0359-4375-b53e-677aa57a73c0,2022-07-20,1
355,-0.028392703037549292,-0.023790075099178874,0.1,Frontal cortex,Hippocampus,Frontal cortex-Hippocampus,ZFM-04083,27c5e5e6-0359-4375-b53e-677aa57a73c0,2022-07-20,1
356,-0.00986105436280337,-0.005258426424432951,0.30000000000000004,Frontal cortex,Hippocampus,Frontal cortex-Hippocampus,ZFM-04083,27c5e5e6-0359-4375-b53e-677aa57a73c0,2022-07-20,1
357,-0.015263905340029235,-0.010661277401658816,0.5,Frontal cortex,Hippocampus,Frontal cortex-Hippocampus,ZFM-04083,27c5e5e6-0359-4375-b53e-677aa57a73c0,2022-07-20,1
358,-0.0026547991751113957,0.0019478287632590237,0.7000000000000001,Frontal cortex,Hippocampus,Frontal cortex-Hippocampus,ZFM-04083,27c5e5e6-0359-4375-b53e-677aa57a73c0,2022-07-20,1
359,0.013625788697758132,0.01822841663612855,0.9,Frontal cortex,Hippocampus,Frontal cortex-Hippocampus,ZFM-04083,27c5e5e6-0359-4375-b53e-677aa57a73c0,2022-07-20,1
360,0.04607960365623978,0.0506822315946102,1.1,Frontal cortex,Hippocampus,Frontal cortex-Hippocampus,ZFM-04083,27c5e5e6-0359-4375-b53e-677aa57a73c0,2022-07-20,1
361,0.019128840747721112,0.02373146868609153,1.3000000000000003,Frontal cortex,Hippocampus,Frontal cortex-Hippocampus,ZFM-04083,27c5e5e6-0359-4375-b53e-677aa57a73c0,2022-07-20,1
362,0.05226716451422963,0.05686979245260005,1.5,Frontal cortex,Hippocampus,Frontal cortex-Hippocampus,ZFM-04083,27c5e5e6-0359-4375-b53e-677aa57a73c0,2022-07-20,1
363,0.06027547304370994,0.06487810098208036,1.7000000000000002,Frontal cortex,Hippocampus,Frontal cortex-Hippocampus,ZFM-04083,27c5e5e6-0359-4375-b53e-677aa57a73c0,2022-07-20,1
364,0.044405663599772924,0.049008291538143345,1.9,Frontal cortex,Hippocampus,Frontal cortex-Hippocampus,ZFM-04083,27c5e5e6-0359-4375-b53e-677aa57a73c0,2022-07-20,1
365,0.06440467247592269,0.06900730041429311,2.1,Frontal cortex,Hippocampus,Frontal cortex-Hippocampus,ZFM-04083,27c5e5e6-0359-4375-b53e-677aa57a73c0,2022-07-20,1
366,0.07679478219124303,0.08139741012961345,2.3000000000000003,Frontal cortex,Hippocampus,Frontal cortex-Hippocampus,ZFM-04083,27c5e5e6-0359-4375-b53e-677aa57a73c0,2022-07-20,1
367,0.010614972677171979,0.015217600615542398,2.5,Frontal cortex,Hippocampus,Frontal cortex-Hippocampus,ZFM-04083,27c5e5e6-0359-4375-b53e-677aa57a73c0,2022-07-20,1
368,-0.020428337107964236,-0.01582570916959382,2.7,Frontal cortex,Hippocampus,Frontal cortex-Hippocampus,ZFM-04083,27c5e5e6-0359-4375-b53e-677aa57a73c0,2022-07-20,1
369,-0.007689004897757412,-0.0030863769593869926,2.9000000000000004,Frontal cortex,Hippocampus,Frontal cortex-Hippocampus,ZFM-04083,27c5e5e6-0359-4375-b53e-677aa57a73c0,2022-07-20,1
370,0.02201831881839143,0.026620946756761847,3.1,Frontal cortex,Hippocampus,Frontal cortex-Hippocampus,ZFM-04083,27c5e5e6-0359-4375-b53e-677aa57a73c0,2022-07-20,1
371,0.012064429255612765,0.016667057193983183,3.3000000000000003,Frontal cortex,Hippocampus,Frontal cortex-Hippocampus,ZFM-04083,27c5e5e6-0359-4375-b53e-677aa57a73c0,2022-07-20,1
372,0.0025866183735827005,0.007189246311953119,3.5,Frontal cortex,Hippocampus,Frontal cortex-Hippocampus,ZFM-04083,27c5e5e6-0359-4375-b53e-677aa57a73c0,2022-07-20,1
373,0.006556085839243909,0.011158713777614328,3.7,Frontal cortex,Hippocampus,Frontal cortex-Hippocampus,ZFM-04083,27c5e5e6-0359-4375-b53e-677aa57a73c0,2022-07-20,1
374,0.017953153656115058,0.02255578159448548,3.9000000000000004,Frontal cortex,Hippocampus,Frontal cortex-Hippocampus,ZFM-04083,27c5e5e6-0359-4375-b53e-677aa57a73c0,2022-07-20,1
375,-0.007687218708616151,-0.007515115799427617,-0.9,Frontal cortex,Thalamus,Frontal cortex-Thalamus,ZFM-04083,27c5e5e6-0359-4375-b53e-677aa57a73c0,2022-07-20,1
376,0.017410058679180627,0.01758216158836916,-0.7000000000000001,Frontal cortex,Thalamus,Frontal cortex-Thalamus,ZFM-04083,27c5e5e6-0359-4375-b53e-677aa57a73c0,2022-07-20,1
377,-0.0007508945347342174,-0.0005787916255456832,-0.5,Frontal cortex,Thalamus,Frontal cortex-Thalamus,ZFM-04083,27c5e5e6-0359-4375-b53e-677aa57a73c0,2022-07-20,1
378,-0.004841998877377934,-0.0046698959681894005,-0.30000000000000004,Frontal cortex,Thalamus,Frontal cortex-Thalamus,ZFM-04083,27c5e5e6-0359-4375-b53e-677aa57a73c0,2022-07-20,1
379,-0.004990461104394996,-0.004818358195206462,-0.1,Frontal cortex,Thalamus,Frontal cortex-Thalamus,ZFM-04083,27c5e5e6-0359-4375-b53e-677aa57a73c0,2022-07-20,1
380,-0.02143493736936078,-0.021262834460172245,0.1,Frontal cortex,Thalamus,Frontal cortex-Thalamus,ZFM-04083,27c5e5e6-0359-4375-b53e-677aa57a73c0,2022-07-20,1
381,-0.020370098768985132,-0.0201979958597966,0.30000000000000004,Frontal cortex,Thalamus,Frontal cortex-Thalamus,ZFM-04083,27c5e5e6-0359-4375-b53e-677aa57a73c0,2022-07-20,1
382,0.015481361323960007,0.01565346423314854,0.5,Frontal cortex,Thalamus,Frontal cortex-Thalamus,ZFM-04083,27c5e5e6-0359-4375-b53e-677aa57a73c0,2022-07-20,1
383,0.0013760607937515058,0.0015481637029400401,0.7000000000000001,Frontal cortex,Thalamus,Frontal cortex-Thalamus,ZFM-04083,27c5e5e6-0359-4375-b53e-677aa57a73c0,2022-07-20,1
384,0.01792333758802025,0.018095440497208785,0.9,Frontal cortex,Thalamus,Frontal cortex-Thalamus,ZFM-04083,27c5e5e6-0359-4375-b53e-677aa57a73c0,2022-07-20,1
385,0.008083447017200355,0.008255549926388888,1.1,Frontal cortex,Thalamus,Frontal cortex-Thalamus,ZFM-04083,27c5e5e6-0359-4375-b53e-677aa57a73c0,2022-07-20,1
386,-0.01209314811586558,-0.011921045206677047,1.3000000000000003,Frontal cortex,Thalamus,Frontal cortex-Thalamus,ZFM-04083,27c5e5e6-0359-4375-b53e-677aa57a73c0,2022-07-20,1
387,-0.027705175108899218,-0.027533072199710684,1.5,Frontal cortex,Thalamus,Frontal cortex-Thalamus,ZFM-04083,27c5e5e6-0359-4375-b53e-677aa57a73c0,2022-07-20,1
388,0.008478923738737454,0.008651026647925988,1.7000000000000002,Frontal cortex,Thalamus,Frontal cortex-Thalamus,ZFM-04083,27c5e5e6-0359-4375-b53e-677aa57a73c0,2022-07-20,1
389,-0.001232510211851869,-0.0010604073026633347,1.9,Frontal cortex,Thalamus,Frontal cortex-Thalamus,ZFM-04083,27c5e5e6-0359-4375-b53e-677aa57a73c0,2022-07-20,1
390,-0.022883803680982178,-0.022711700771793644,2.1,Frontal cortex,Thalamus,Frontal cortex-Thalamus,ZFM-04083,27c5e5e6-0359-4375-b53e-677aa57a73c0,2022-07-20,1
391,0.0050365540069256,0.005208656916114134,2.3000000000000003,Frontal cortex,Thalamus,Frontal cortex-Thalamus,ZFM-04083,27c5e5e6-0359-4375-b53e-677aa57a73c0,2022-07-20,1
392,0.0168398074629617,0.017011910372150232,2.5,Frontal cortex,Thalamus,Frontal cortex-Thalamus,ZFM-04083,27c5e5e6-0359-4375-b53e-677aa57a73c0,2022-07-20,1
393,-0.005160029957129628,-0.004987927047941094,2.7,Frontal cortex,Thalamus,Frontal cortex-Thalamus,ZFM-04083,27c5e5e6-0359-4375-b53e-677aa57a73c0,2022-07-20,1
394,-0.0016001221898766479,-0.0014280192806881136,2.9000000000000004,Frontal cortex,Thalamus,Frontal cortex-Thalamus,ZFM-04083,27c5e5e6-0359-4375-b53e-677aa57a73c0,2022-07-20,1
395,0.003688595921959692,0.0038606988311482263,3.1,Frontal cortex,Thalamus,Frontal cortex-Thalamus,ZFM-04083,27c5e5e6-0359-4375-b53e-677aa57a73c0,2022-07-20,1
396,0.0024819201323959,0.0026540230415844344,3.3000000000000003,Frontal cortex,Thalamus,Frontal cortex-Thalamus,ZFM-04083,27c5e5e6-0359-4375-b53e-677aa57a73c0,2022-07-20,1
397,-0.015460697860542771,-0.015288594951354238,3.5,Frontal cortex,Thalamus,Frontal cortex-Thalamus,ZFM-04083,27c5e5e6-0359-4375-b53e-677aa57a73c0,2022-07-20,1
398,0.005932713027868474,0.006104815937057008,3.7,Frontal cortex,Thalamus,Frontal cortex-Thalamus,ZFM-04083,27c5e5e6-0359-4375-b53e-677aa57a73c0,2022-07-20,1
399,-0.001963557312755467,-0.0017914544035669325,3.9000000000000004,Frontal cortex,Thalamus,Frontal cortex-Thalamus,ZFM-04083,27c5e5e6-0359-4375-b53e-677aa57a73c0,2022-07-20,1
400,-0.0027524711721187995,-0.009704513644795437,-0.9,Striatum,Hippocampus,Striatum-Hippocampus,ZFM-04083,27c5e5e6-0359-4375-b53e-677aa57a73c0,2022-07-20,1
401,0.07012483501026308,0.06317279253758644,-0.7000000000000001,Striatum,Hippocampus,Striatum-Hippocampus,ZFM-04083,27c5e5e6-0359-4375-b53e-677aa57a73c0,2022-07-20,1
402,-0.05693565606333016,-0.0638876985360068,-0.5,Striatum,Hippocampus,Striatum-Hippocampus,ZFM-04083,27c5e5e6-0359-4375-b53e-677aa57a73c0,2022-07-20,1
403,0.03083619922150139,0.023884156748824752,-0.30000000000000004,Striatum,Hippocampus,Striatum-Hippocampus,ZFM-04083,27c5e5e6-0359-4375-b53e-677aa57a73c0,2022-07-20,1
404,-0.006512694632932322,-0.01346473710560896,-0.1,Striatum,Hippocampus,Striatum-Hippocampus,ZFM-04083,27c5e5e6-0359-4375-b53e-677aa57a73c0,2022-07-20,1
405,-0.01714445420923379,-0.024096496681910426,0.1,Striatum,Hippocampus,Striatum-Hippocampus,ZFM-04083,27c5e5e6-0359-4375-b53e-677aa57a73c0,2022-07-20,1
406,-0.014923966629080857,-0.021876009101757493,0.30000000000000004,Striatum,Hippocampus,Striatum-Hippocampus,ZFM-04083,27c5e5e6-0359-4375-b53e-677aa57a73c0,2022-07-20,1
407,0.004855461662006056,-0.002096580810670581,0.5,Striatum,Hippocampus,Striatum-Hippocampus,ZFM-04083,27c5e5e6-0359-4375-b53e-677aa57a73c0,2022-07-20,1
408,0.07444286274551756,0.06749082027284092,0.7000000000000001,Striatum,Hippocampus,Striatum-Hippocampus,ZFM-04083,27c5e5e6-0359-4375-b53e-677aa57a73c0,2022-07-20,1
409,0.13724690537880826,0.13029486290613163,0.9,Striatum,Hippocampus,Striatum-Hippocampus,ZFM-04083,27c5e5e6-0359-4375-b53e-677aa57a73c0,2022-07-20,1
410,0.06116119622564586,0.05420915375296922,1.1,Striatum,Hippocampus,Striatum-Hippocampus,ZFM-04083,27c5e5e6-0359-4375-b53e-677aa57a73c0,2022-07-20,1
411,0.12168189459795728,0.11472985212528064,1.3000000000000003,Striatum,Hippocampus,Striatum-Hippocampus,ZFM-04083,27c5e5e6-0359-4375-b53e-677aa57a73c0,2022-07-20,1
412,0.054124821892660255,0.047172779419983615,1.5,Striatum,Hippocampus,Striatum-Hippocampus,ZFM-04083,27c5e5e6-0359-4375-b53e-677aa57a73c0,2022-07-20,1
413,0.027034552000784202,0.020082509528107566,1.7000000000000002,Striatum,Hippocampus,Striatum-Hippocampus,ZFM-04083,27c5e5e6-0359-4375-b53e-677aa57a73c0,2022-07-20,1
414,0.07293903275494165,0.06598699028226501,1.9,Striatum,Hippocampus,Striatum-Hippocampus,ZFM-04083,27c5e5e6-0359-4375-b53e-677aa57a73c0,2022-07-20,1
415,0.061457290917811144,0.054505248445134505,2.1,Striatum,Hippocampus,Striatum-Hippocampus,ZFM-04083,27c5e5e6-0359-4375-b53e-677aa57a73c0,2022-07-20,1
416,0.06119310841468518,0.05424106594200854,2.3000000000000003,Striatum,Hippocampus,Striatum-Hippocampus,ZFM-04083,27c5e5e6-0359-4375-b53e-677aa57a73c0,2022-07-20,1
417,0.10835411336353398,0.10140207089085734,2.5,Striatum,Hippocampus,Striatum-Hippocampus,ZFM-04083,27c5e5e6-0359-4375-b53e-677aa57a73c0,2022-07-20,1
418,0.10883438065322672,0.10188233818055008,2.7,Striatum,Hippocampus,Striatum-Hippocampus,ZFM-04083,27c5e5e6-0359-4375-b53e-677aa57a73c0,2022-07-20,1
419,0.08433373722234107,0.07738169474966443,2.9000000000000004,Striatum,Hippocampus,Striatum-Hippocampus,ZFM-04083,27c5e5e6-0359-4375-b53e-677aa57a73c0,2022-07-20,1
420,0.0454927645990801,0.038540722126403464,3.1,Striatum,Hippocampus,Striatum-Hippocampus,ZFM-04083,27c5e5e6-0359-4375-b53e-677aa57a73c0,2022-07-20,1
421,0.026207668537568545,0.01925562606489191,3.3000000000000003,Striatum,Hippocampus,Striatum-Hippocampus,ZFM-04083,27c5e5e6-0359-4375-b53e-677aa57a73c0,2022-07-20,1
422,0.0804433739007005,0.07349133142802386,3.5,Striatum,Hippocampus,Striatum-Hippocampus,ZFM-04083,27c5e5e6-0359-4375-b53e-677aa57a73c0,2022-07-20,1
423,0.11251770562548857,0.10556566315281193,3.7,Striatum,Hippocampus,Striatum-Hippocampus,ZFM-04083,27c5e5e6-0359-4375-b53e-677aa57a73c0,2022-07-20,1
424,-0.0018385373075226557,-0.008790579780199292,3.9000000000000004,Striatum,Hippocampus,Striatum-Hippocampus,ZFM-04083,27c5e5e6-0359-4375-b53e-677aa57a73c0,2022-07-20,1
425,-0.002719316594800188,-0.006920740774211523,-0.9,Striatum,Thalamus,Striatum-Thalamus,ZFM-04083,27c5e5e6-0359-4375-b53e-677aa57a73c0,2022-07-20,1
426,0.04841832014531204,0.044216895965900706,-0.7000000000000001,Striatum,Thalamus,Striatum-Thalamus,ZFM-04083,27c5e5e6-0359-4375-b53e-677aa57a73c0,2022-07-20,1
427,-0.02046169666013173,-0.024663120839543064,-0.5,Striatum,Thalamus,Striatum-Thalamus,ZFM-04083,27c5e5e6-0359-4375-b53e-677aa57a73c0,2022-07-20,1
428,0.016851172986659738,0.012649748807248402,-0.30000000000000004,Striatum,Thalamus,Striatum-Thalamus,ZFM-04083,27c5e5e6-0359-4375-b53e-677aa57a73c0,2022-07-20,1
429,-0.02108135897998319,-0.025282783159394525,-0.1,Striatum,Thalamus,Striatum-Thalamus,ZFM-04083,27c5e5e6-0359-4375-b53e-677aa57a73c0,2022-07-20,1
430,0.01575150863735615,0.011550084457944816,0.1,Striatum,Thalamus,Striatum-Thalamus,ZFM-04083,27c5e5e6-0359-4375-b53e-677aa57a73c0,2022-07-20,1
431,-0.029453064775617325,-0.03365448895502866,0.30000000000000004,Striatum,Thalamus,Striatum-Thalamus,ZFM-04083,27c5e5e6-0359-4375-b53e-677aa57a73c0,2022-07-20,1
432,-0.0015264001744385782,-0.005727824353849912,0.5,Striatum,Thalamus,Striatum-Thalamus,ZFM-04083,27c5e5e6-0359-4375-b53e-677aa57a73c0,2022-07-20,1
433,0.02456782945569733,0.020366405276285995,0.7000000000000001,Striatum,Thalamus,Striatum-Thalamus,ZFM-04083,27c5e5e6-0359-4375-b53e-677aa57a73c0,2022-07-20,1
434,-0.005840193053646187,-0.01004161723305752,0.9,Striatum,Thalamus,Striatum-Thalamus,ZFM-04083,27c5e5e6-0359-4375-b53e-677aa57a73c0,2022-07-20,1
435,-0.01847151146425433,-0.022672935643665664,1.1,Striatum,Thalamus,Striatum-Thalamus,ZFM-04083,27c5e5e6-0359-4375-b53e-677aa57a73c0,2022-07-20,1
436,-0.00992498217753993,-0.014126406356951265,1.3000000000000003,Striatum,Thalamus,Striatum-Thalamus,ZFM-04083,27c5e5e6-0359-4375-b53e-677aa57a73c0,2022-07-20,1
437,-0.01463969437267006,-0.018841118552081395,1.5,Striatum,Thalamus,Striatum-Thalamus,ZFM-04083,27c5e5e6-0359-4375-b53e-677aa57a73c0,2022-07-20,1
438,-0.02502074812894334,-0.029222172308354676,1.7000000000000002,Striatum,Thalamus,Striatum-Thalamus,ZFM-04083,27c5e5e6-0359-4375-b53e-677aa57a73c0,2022-07-20,1
439,0.02525681359046558,0.021055389411054243,1.9,Striatum,Thalamus,Striatum-Thalamus,ZFM-04083,27c5e5e6-0359-4375-b53e-677aa57a73c0,2022-07-20,1
440,0.03863858059365676,0.034437156414245426,2.1,Striatum,Thalamus,Striatum-Thalamus,ZFM-04083,27c5e5e6-0359-4375-b53e-677aa57a73c0,2022-07-20,1
441,0.012311734547462722,0.008110310368051387,2.3000000000000003,Striatum,Thalamus,Striatum-Thalamus,ZFM-04083,27c5e5e6-0359-4375-b53e-677aa57a73c0,2022-07-20,1
442,0.03454850237401897,0.030347078194607635,2.5,Striatum,Thalamus,Striatum-Thalamus,ZFM-04083,27c5e5e6-0359-4375-b53e-677aa57a73c0,2022-07-20,1
443,-0.027529085040274893,-0.031730509219686225,2.7,Striatum,Thalamus,Striatum-Thalamus,ZFM-04083,27c5e5e6-0359-4375-b53e-677aa57a73c0,2022-07-20,1
444,0.006886225218542337,0.002684801039131003,2.9000000000000004,Striatum,Thalamus,Striatum-Thalamus,ZFM-04083,27c5e5e6-0359-4375-b53e-677aa57a73c0,2022-07-20,1
445,0.031615334621648165,0.02741391044223683,3.1,Striatum,Thalamus,Striatum-Thalamus,ZFM-04083,27c5e5e6-0359-4375-b53e-677aa57a73c0,2022-07-20,1
446,-0.03272031118974089,-0.03692173536915223,3.3000000000000003,Striatum,Thalamus,Striatum-Thalamus,ZFM-04083,27c5e5e6-0359-4375-b53e-677aa57a73c0,2022-07-20,1
447,-0.014565781159445408,-0.018767205338856743,3.5,Striatum,Thalamus,Striatum-Thalamus,ZFM-04083,27c5e5e6-0359-4375-b53e-677aa57a73c0,2022-07-20,1
448,-0.052106192133050296,-0.05630761631246163,3.7,Striatum,Thalamus,Striatum-Thalamus,ZFM-04083,27c5e5e6-0359-4375-b53e-677aa57a73c0,2022-07-20,1
449,-0.015955350462513344,-0.02015677464192468,3.9000000000000004,Striatum,Thalamus,Striatum-Thalamus,ZFM-04083,27c5e5e6-0359-4375-b53e-677aa57a73c0,2022-07-20,1
450,0.012802378978627672,0.021355249976850385,-0.9,Hippocampus,Thalamus,Hippocampus-Thalamus,ZFM-04083,27c5e5e6-0359-4375-b53e-677aa57a73c0,2022-07-20,1
451,0.03482541113997175,0.04337828213819446,-0.7000000000000001,Hippocampus,Thalamus,Hippocampus-Thalamus,ZFM-04083,27c5e5e6-0359-4375-b53e-677aa57a73c0,2022-07-20,1
452,-0.022009234659980732,-0.01345636366175802,-0.5,Hippocampus,Thalamus,Hippocampus-Thalamus,ZFM-04083,27c5e5e6-0359-4375-b53e-677aa57a73c0,2022-07-20,1
453,-0.053528841572598955,-0.044975970574376245,-0.30000000000000004,Hippocampus,Thalamus,Hippocampus-Thalamus,ZFM-04083,27c5e5e6-0359-4375-b53e-677aa57a73c0,2022-07-20,1
454,-0.014854068877133291,-0.006301197878910579,-0.1,Hippocampus,Thalamus,Hippocampus-Thalamus,ZFM-04083,27c5e5e6-0359-4375-b53e-677aa57a73c0,2022-07-20,1
455,0.00394908049898275,0.012501951497205462,0.1,Hippocampus,Thalamus,Hippocampus-Thalamus,ZFM-04083,27c5e5e6-0359-4375-b53e-677aa57a73c0,2022-07-20,1
456,0.035765033294521034,0.044317904292743744,0.30000000000000004,Hippocampus,Thalamus,Hippocampus-Thalamus,ZFM-04083,27c5e5e6-0359-4375-b53e-677aa57a73c0,2022-07-20,1
457,-0.004169224560574994,0.004383646437647717,0.5,Hippocampus,Thalamus,Hippocampus-Thalamus,ZFM-04083,27c5e5e6-0359-4375-b53e-677aa57a73c0,2022-07-20,1
458,0.036990297693337205,0.045543168691559915,0.7000000000000001,Hippocampus,Thalamus,Hippocampus-Thalamus,ZFM-04083,27c5e5e6-0359-4375-b53e-677aa57a73c0,2022-07-20,1
459,0.02843743125426941,0.03699030225249212,0.9,Hippocampus,Thalamus,Hippocampus-Thalamus,ZFM-04083,27c5e5e6-0359-4375-b53e-677aa57a73c0,2022-07-20,1
460,0.007842927737263933,0.016395798735486647,1.1,Hippocampus,Thalamus,Hippocampus-Thalamus,ZFM-04083,27c5e5e6-0359-4375-b53e-677aa57a73c0,2022-07-20,1
461,0.0062707713217041525,0.014823642319926864,1.3000000000000003,Hippocampus,Thalamus,Hippocampus-Thalamus,ZFM-04083,27c5e5e6-0359-4375-b53e-677aa57a73c0,2022-07-20,1
462,-0.04273130349807621,-0.0341784324998535,1.5,Hippocampus,Thalamus,Hippocampus-Thalamus,ZFM-04083,27c5e5e6-0359-4375-b53e-677aa57a73c0,2022-07-20,1
463,-0.025293477696327758,-0.016740606698105044,1.7000000000000002,Hippocampus,Thalamus,Hippocampus-Thalamus,ZFM-04083,27c5e5e6-0359-4375-b53e-677aa57a73c0,2022-07-20,1
464,-0.05842029894989635,-0.04986742795167364,1.9,Hippocampus,Thalamus,Hippocampus-Thalamus,ZFM-04083,27c5e5e6-0359-4375-b53e-677aa57a73c0,2022-07-20,1
465,-0.043464604528872464,-0.034911733530649754,2.1,Hippocampus,Thalamus,Hippocampus-Thalamus,ZFM-04083,27c5e5e6-0359-4375-b53e-677aa57a73c0,2022-07-20,1
466,0.021882559987540944,0.030435430985763658,2.3000000000000003,Hippocampus,Thalamus,Hippocampus-Thalamus,ZFM-04083,27c5e5e6-0359-4375-b53e-677aa57a73c0,2022-07-20,1
467,-0.025543124618436473,-0.01699025362021376,2.5,Hippocampus,Thalamus,Hippocampus-Thalamus,ZFM-04083,27c5e5e6-0359-4375-b53e-677aa57a73c0,2022-07-20,1
468,0.013776300834662686,0.022329171832885398,2.7,Hippocampus,Thalamus,Hippocampus-Thalamus,ZFM-04083,27c5e5e6-0359-4375-b53e-677aa57a73c0,2022-07-20,1
469,-0.01286703384035264,-0.004314162842129928,2.9000000000000004,Hippocampus,Thalamus,Hippocampus-Thalamus,ZFM-04083,27c5e5e6-0359-4375-b53e-677aa57a73c0,2022-07-20,1
470,-0.011041097452229299,-0.002488226454006587,3.1,Hippocampus,Thalamus,Hippocampus-Thalamus,ZFM-04083,27c5e5e6-0359-4375-b53e-677aa57a73c0,2022-07-20,1
471,0.0024541111019239373,0.01100698210014665,3.3000000000000003,Hippocampus,Thalamus,Hippocampus-Thalamus,ZFM-04083,27c5e5e6-0359-4375-b53e-677aa57a73c0,2022-07-20,1
472,-0.015635344948743884,-0.007082473950521173,3.5,Hippocampus,Thalamus,Hippocampus-Thalamus,ZFM-04083,27c5e5e6-0359-4375-b53e-677aa57a73c0,2022-07-20,1
473,-0.06495866091370278,-0.05640578991548007,3.7,Hippocampus,Thalamus,Hippocampus-Thalamus,ZFM-04083,27c5e5e6-0359-4375-b53e-677aa57a73c0,2022-07-20,1
474,-0.049964987706046876,-0.041412116707824166,3.9000000000000004,Hippocampus,Thalamus,Hippocampus-Thalamus,ZFM-04083,27c5e5e6-0359-4375-b53e-677aa57a73c0,2022-07-20,1
