state,r,p,subject,date,region,file_name
0,0.1496354414205785,0.0003806727548226569,ZFM-02600,2021-08-25,Amyg.,ZFM-02600_2021-08-25_Amyg..pickle
1,-0.18816797845012348,7.359264781596053e-06,ZFM-02600,2021-08-25,Amyg.,ZFM-02600_2021-08-25_Amyg..pickle
2,0.22471721704705588,7.667237056178055e-08,ZFM-02600,2021-08-25,Amyg.,ZFM-02600_2021-08-25_Amyg..pickle
3,-0.1415717768261739,0.0007804130101282294,ZFM-02600,2021-08-25,Amyg.,ZFM-02600_2021-08-25_Amyg..pickle
4,-0.034681096972498916,0.4127195724512772,ZFM-02600,2021-08-25,Amyg.,ZFM-02600_2021-08-25_Amyg..pickle
5,-0.19604321412450584,2.9496409449101364e-06,ZFM-02600,2021-08-25,Amyg.,ZFM-02600_2021-08-25_Amyg..pickle
6,-0.024116704580481593,0.5690080353819565,ZFM-02600,2021-08-25,Amyg.,ZFM-02600_2021-08-25_Amyg..pickle
0,-0.3702479977142158,1.2315726754183605e-19,ZFM-02600,2021-08-25,mPFC,ZFM-02600_2021-08-25_mPFC.pickle
1,-0.09472424847010097,0.024986041211821446,ZFM-02600,2021-08-25,mPFC,ZFM-02600_2021-08-25_mPFC.pickle
2,-0.2633330032827261,2.4559507384509094e-10,ZFM-02600,2021-08-25,mPFC,ZFM-02600_2021-08-25_mPFC.pickle
3,0.23484507808468272,1.8672547256807283e-08,ZFM-02600,2021-08-25,mPFC,ZFM-02600_2021-08-25_mPFC.pickle
4,-0.32755318208656414,1.7987496735929703e-15,ZFM-02600,2021-08-25,mPFC,ZFM-02600_2021-08-25_mPFC.pickle
5,-0.11878110224611735,0.004884353108379669,ZFM-02600,2021-08-25,mPFC,ZFM-02600_2021-08-25_mPFC.pickle
6,0.628457095529411,7.031845802374864e-63,ZFM-02600,2021-08-25,mPFC,ZFM-02600_2021-08-25_mPFC.pickle
0,0.06487405795219772,0.12518085154291314,ZFM-02600,2021-08-25,OFC,ZFM-02600_2021-08-25_OFC.pickle
1,-0.38676060758706887,2.013183572601171e-21,ZFM-02600,2021-08-25,OFC,ZFM-02600_2021-08-25_OFC.pickle
2,0.4837386114825978,3.4726426322865786e-34,ZFM-02600,2021-08-25,OFC,ZFM-02600_2021-08-25_OFC.pickle
3,-0.05827982314299816,0.16843759482998008,ZFM-02600,2021-08-25,OFC,ZFM-02600_2021-08-25_OFC.pickle
4,-0.028605834369538972,0.49931796580865206,ZFM-02600,2021-08-25,OFC,ZFM-02600_2021-08-25_OFC.pickle
5,-0.16100075688650836,0.0001300042353894092,ZFM-02600,2021-08-25,OFC,ZFM-02600_2021-08-25_OFC.pickle
6,0.09580972178636363,0.02336433748701562,ZFM-02600,2021-08-25,OFC,ZFM-02600_2021-08-25_OFC.pickle
0,-0.1934562533679277,3.999385201308004e-06,ZFM-02600,2021-08-25,OLF,ZFM-02600_2021-08-25_OLF.pickle
1,0.35547788305437716,4.013769452307363e-18,ZFM-02600,2021-08-25,OLF,ZFM-02600_2021-08-25_OLF.pickle
2,-0.28227977857669595,1.0183706039757636e-11,ZFM-02600,2021-08-25,OLF,ZFM-02600_2021-08-25_OLF.pickle
3,-0.1301991775160794,0.0020195531548330087,ZFM-02600,2021-08-25,OLF,ZFM-02600_2021-08-25_OLF.pickle
4,0.3660831845194258,3.350435811129445e-19,ZFM-02600,2021-08-25,OLF,ZFM-02600_2021-08-25_OLF.pickle
5,0.12268570969408377,0.0036400608487016472,ZFM-02600,2021-08-25,OLF,ZFM-02600_2021-08-25_OLF.pickle
6,-0.1560816968418757,0.00020885027530771142,ZFM-02600,2021-08-25,OLF,ZFM-02600_2021-08-25_OLF.pickle
0,0.01311128787925121,0.757084244445488,ZFM-02600,2021-08-26,M2,ZFM-02600_2021-08-26_M2.pickle
1,-0.09732434596057853,0.021370616142369875,ZFM-02600,2021-08-26,M2,ZFM-02600_2021-08-26_M2.pickle
2,0.1960217145081479,3.018171626300877e-06,ZFM-02600,2021-08-26,M2,ZFM-02600_2021-08-26_M2.pickle
3,0.1322534447098146,0.0017263600157572413,ZFM-02600,2021-08-26,M2,ZFM-02600_2021-08-26_M2.pickle
4,-0.28220624981408304,1.0761545876000132e-11,ZFM-02600,2021-08-26,M2,ZFM-02600_2021-08-26_M2.pickle
5,-0.31329051233305105,3.3945418277259694e-14,ZFM-02600,2021-08-26,M2,ZFM-02600_2021-08-26_M2.pickle
6,0.2275704837887115,5.328559193505916e-08,ZFM-02600,2021-08-26,M2,ZFM-02600_2021-08-26_M2.pickle
0,0.023614357563663646,0.5774273671483571,ZFM-02600,2021-08-26,OFC,ZFM-02600_2021-08-26_OFC.pickle
1,-0.14084938100573538,0.0008397942426385487,ZFM-02600,2021-08-26,OFC,ZFM-02600_2021-08-26_OFC.pickle
2,0.33022939216987074,1.0910039783050125e-15,ZFM-02600,2021-08-26,OFC,ZFM-02600_2021-08-26_OFC.pickle
3,-0.2535270059935234,1.1989410298738078e-09,ZFM-02600,2021-08-26,OFC,ZFM-02600_2021-08-26_OFC.pickle
4,0.18703804534951698,8.522515672364755e-06,ZFM-02600,2021-08-26,OFC,ZFM-02600_2021-08-26_OFC.pickle
5,-0.18135707002380172,1.6026553860883618e-05,ZFM-02600,2021-08-26,OFC,ZFM-02600_2021-08-26_OFC.pickle
6,0.2650255900863184,1.9375911525443463e-10,ZFM-02600,2021-08-26,OFC,ZFM-02600_2021-08-26_OFC.pickle
0,0.18058718441519575,1.743290712916238e-05,ZFM-02600,2021-08-26,PAG,ZFM-02600_2021-08-26_PAG.pickle
1,0.05782991458235745,0.17213823915866736,ZFM-02600,2021-08-26,PAG,ZFM-02600_2021-08-26_PAG.pickle
2,-0.10564997938528042,0.01244359950276657,ZFM-02600,2021-08-26,PAG,ZFM-02600_2021-08-26_PAG.pickle
3,0.0016087294592105254,0.9697272557506084,ZFM-02600,2021-08-26,PAG,ZFM-02600_2021-08-26_PAG.pickle
4,0.3118273045160818,4.522250180921185e-14,ZFM-02600,2021-08-26,PAG,ZFM-02600_2021-08-26_PAG.pickle
5,-0.09140597786810746,0.030709581461973796,ZFM-02600,2021-08-26,PAG,ZFM-02600_2021-08-26_PAG.pickle
6,-0.15271084778688648,0.00029034661672784374,ZFM-02600,2021-08-26,PAG,ZFM-02600_2021-08-26_PAG.pickle
0,-0.10464232051477514,0.01331100349504862,ZFM-02600,2021-08-26,Pir.,ZFM-02600_2021-08-26_Pir..pickle
1,-0.036374966110818384,0.39068328085067844,ZFM-02600,2021-08-26,Pir.,ZFM-02600_2021-08-26_Pir..pickle
2,0.0622524117623055,0.1415681482817161,ZFM-02600,2021-08-26,Pir.,ZFM-02600_2021-08-26_Pir..pickle
3,0.09346682487759594,0.027122822528616287,ZFM-02600,2021-08-26,Pir.,ZFM-02600_2021-08-26_Pir..pickle
4,0.04880136479379908,0.24935264867204587,ZFM-02600,2021-08-26,Pir.,ZFM-02600_2021-08-26_Pir..pickle
5,0.03331169137771997,0.4318384721641279,ZFM-02600,2021-08-26,Pir.,ZFM-02600_2021-08-26_Pir..pickle
6,-0.08499782347950127,0.04456292647986832,ZFM-02600,2021-08-26,Pir.,ZFM-02600_2021-08-26_Pir..pickle
0,0.2703248352335791,8.117689535126474e-11,ZFM-02600,2021-08-26,SC,ZFM-02600_2021-08-26_SC.pickle
1,-0.03320888085760445,0.4332618337367993,ZFM-02600,2021-08-26,SC,ZFM-02600_2021-08-26_SC.pickle
2,-0.02193151818480155,0.6048543552938314,ZFM-02600,2021-08-26,SC,ZFM-02600_2021-08-26_SC.pickle
3,-0.20647779415429796,8.478345192669268e-07,ZFM-02600,2021-08-26,SC,ZFM-02600_2021-08-26_SC.pickle
4,-0.04178141667892959,0.32410122685268505,ZFM-02600,2021-08-26,SC,ZFM-02600_2021-08-26_SC.pickle
5,0.09281116377264471,0.028222690841975942,ZFM-02600,2021-08-26,SC,ZFM-02600_2021-08-26_SC.pickle
6,-0.10478732983837122,0.013182982297699238,ZFM-02600,2021-08-26,SC,ZFM-02600_2021-08-26_SC.pickle
0,0.0,0.0,ZFM-02600,2021-08-27,Thal.,ZFM-02600_2021-08-27_Thal..pickle
1,0.0,0.0,ZFM-02600,2021-08-27,Thal.,ZFM-02600_2021-08-27_Thal..pickle
2,0.0,5e-324,ZFM-02600,2021-08-27,Thal.,ZFM-02600_2021-08-27_Thal..pickle
3,0.0,0.0,ZFM-02600,2021-08-27,Thal.,ZFM-02600_2021-08-27_Thal..pickle
4,0.0,5e-324,ZFM-02600,2021-08-27,Thal.,ZFM-02600_2021-08-27_Thal..pickle
5,0.0,1e-323,ZFM-02600,2021-08-27,Thal.,ZFM-02600_2021-08-27_Thal..pickle
6,0.0,1.5e-323,ZFM-02600,2021-08-27,Thal.,ZFM-02600_2021-08-27_Thal..pickle
0,0.0,0.0,ZFM-02600,2021-08-27,VIS,ZFM-02600_2021-08-27_VIS.pickle
1,0.0,0.0,ZFM-02600,2021-08-27,VIS,ZFM-02600_2021-08-27_VIS.pickle
2,0.0,5e-324,ZFM-02600,2021-08-27,VIS,ZFM-02600_2021-08-27_VIS.pickle
3,0.0,0.0,ZFM-02600,2021-08-27,VIS,ZFM-02600_2021-08-27_VIS.pickle
4,0.0,5e-324,ZFM-02600,2021-08-27,VIS,ZFM-02600_2021-08-27_VIS.pickle
5,0.0,1e-323,ZFM-02600,2021-08-27,VIS,ZFM-02600_2021-08-27_VIS.pickle
6,0.0,1.5e-323,ZFM-02600,2021-08-27,VIS,ZFM-02600_2021-08-27_VIS.pickle
0,-0.1501305338116012,0.0002525242662592675,ZFM-02600,2021-08-28,BC,ZFM-02600_2021-08-28_BC.pickle
1,0.16041113864492412,9.097533484863214e-05,ZFM-02600,2021-08-28,BC,ZFM-02600_2021-08-28_BC.pickle
2,-0.1241115573622804,0.002528164570425194,ZFM-02600,2021-08-28,BC,ZFM-02600_2021-08-28_BC.pickle
3,0.28529722310143685,1.6359200321188353e-12,ZFM-02600,2021-08-28,BC,ZFM-02600_2021-08-28_BC.pickle
4,0.1504767160295546,0.0002442427956339229,ZFM-02600,2021-08-28,BC,ZFM-02600_2021-08-28_BC.pickle
5,-0.07135055425770294,0.08333927918477817,ZFM-02600,2021-08-28,BC,ZFM-02600_2021-08-28_BC.pickle
6,-0.3013675899045903,7.475015065772898e-14,ZFM-02600,2021-08-28,BC,ZFM-02600_2021-08-28_BC.pickle
0,-0.219071595295634,7.642302544571964e-08,ZFM-02600,2021-08-28,M2,ZFM-02600_2021-08-28_M2.pickle
1,-0.08078720667775893,0.04983707359141865,ZFM-02600,2021-08-28,M2,ZFM-02600_2021-08-28_M2.pickle
2,0.07412196680385529,0.07200704980834652,ZFM-02600,2021-08-28,M2,ZFM-02600_2021-08-28_M2.pickle
3,0.105380137359934,0.01042567984731587,ZFM-02600,2021-08-28,M2,ZFM-02600_2021-08-28_M2.pickle
4,0.13161925647910724,0.0013544283863897806,ZFM-02600,2021-08-28,M2,ZFM-02600_2021-08-28_M2.pickle
5,0.12791394198108602,0.0018505329517958737,ZFM-02600,2021-08-28,M2,ZFM-02600_2021-08-28_M2.pickle
6,-0.014305456347794536,0.7287722536328708,ZFM-02600,2021-08-28,M2,ZFM-02600_2021-08-28_M2.pickle
0,0.11625241058456415,0.004693282337972648,ZFM-02600,2021-08-28,mPFC,ZFM-02600_2021-08-28_mPFC.pickle
1,0.17794055697950376,1.3754830905002152e-05,ZFM-02600,2021-08-28,mPFC,ZFM-02600_2021-08-28_mPFC.pickle
2,0.024812149131711925,0.5475073489115893,ZFM-02600,2021-08-28,mPFC,ZFM-02600_2021-08-28_mPFC.pickle
3,0.17444757564675006,2.0347242379383806e-05,ZFM-02600,2021-08-28,mPFC,ZFM-02600_2021-08-28_mPFC.pickle
4,0.044697980353749195,0.278387193789876,ZFM-02600,2021-08-28,mPFC,ZFM-02600_2021-08-28_mPFC.pickle
5,-0.3806612911178798,8.806578587616396e-22,ZFM-02600,2021-08-28,mPFC,ZFM-02600_2021-08-28_mPFC.pickle
6,-0.268853569162761,3.153794976355741e-11,ZFM-02600,2021-08-28,mPFC,ZFM-02600_2021-08-28_mPFC.pickle
0,0.06762780651489002,0.10078304817982343,ZFM-02600,2021-08-28,OFC,ZFM-02600_2021-08-28_OFC.pickle
1,0.005280271124500064,0.8981598661115372,ZFM-02600,2021-08-28,OFC,ZFM-02600_2021-08-28_OFC.pickle
2,0.025615604210255553,0.534610640652806,ZFM-02600,2021-08-28,OFC,ZFM-02600_2021-08-28_OFC.pickle
3,0.0796841811623581,0.05305238301918885,ZFM-02600,2021-08-28,OFC,ZFM-02600_2021-08-28_OFC.pickle
4,0.020326582200854666,0.622199975344829,ZFM-02600,2021-08-28,OFC,ZFM-02600_2021-08-28_OFC.pickle
5,-0.04707736828417355,0.2535731921678127,ZFM-02600,2021-08-28,OFC,ZFM-02600_2021-08-28_OFC.pickle
6,-0.019409926343793103,0.6379907222737012,ZFM-02600,2021-08-28,OFC,ZFM-02600_2021-08-28_OFC.pickle
0,-0.022775005028091138,0.5808788961944081,ZFM-02600,2021-08-28,Pir.,ZFM-02600_2021-08-28_Pir..pickle
1,-0.0027804626175718526,0.9462679615677025,ZFM-02600,2021-08-28,Pir.,ZFM-02600_2021-08-28_Pir..pickle
2,0.04187677270994211,0.30988107208076404,ZFM-02600,2021-08-28,Pir.,ZFM-02600_2021-08-28_Pir..pickle
3,0.020419726689485135,0.620604927031843,ZFM-02600,2021-08-28,Pir.,ZFM-02600_2021-08-28_Pir..pickle
4,0.09035318787315459,0.02819896598424997,ZFM-02600,2021-08-28,Pir.,ZFM-02600_2021-08-28_Pir..pickle
5,-0.06956294191855633,0.09138434306206288,ZFM-02600,2021-08-28,Pir.,ZFM-02600_2021-08-28_Pir..pickle
6,-0.04769595830564745,0.2473817548419511,ZFM-02600,2021-08-28,Pir.,ZFM-02600_2021-08-28_Pir..pickle
0,-0.05047745517890422,0.22084907767532264,ZFM-02600,2021-08-28,Str.,ZFM-02600_2021-08-28_Str..pickle
1,0.1838486282891711,6.971280820724515e-06,ZFM-02600,2021-08-28,Str.,ZFM-02600_2021-08-28_Str..pickle
2,-0.2046828029662879,5.320812203312543e-07,ZFM-02600,2021-08-28,Str.,ZFM-02600_2021-08-28_Str..pickle
3,0.2121544220087336,1.9756856335175348e-07,ZFM-02600,2021-08-28,Str.,ZFM-02600_2021-08-28_Str..pickle
4,-0.000232429680796232,0.9955049619751105,ZFM-02600,2021-08-28,Str.,ZFM-02600_2021-08-28_Str..pickle
5,0.020692518165690958,0.6159437712159609,ZFM-02600,2021-08-28,Str.,ZFM-02600_2021-08-28_Str..pickle
6,0.018075108388763632,0.6612793133474838,ZFM-02600,2021-08-28,Str.,ZFM-02600_2021-08-28_Str..pickle
0,0.21139631479739826,3.8194685152310187e-10,ZFM-02601,2021-11-16,Amyg.,ZFM-02601_2021-11-16_Amyg..pickle
1,-0.23883341596554214,1.2774082335961658e-12,ZFM-02601,2021-11-16,Amyg.,ZFM-02601_2021-11-16_Amyg..pickle
2,0.15915010513456057,2.7275888679569104e-06,ZFM-02601,2021-11-16,Amyg.,ZFM-02601_2021-11-16_Amyg..pickle
3,-0.05072092411671065,0.13722021292592626,ZFM-02601,2021-11-16,Amyg.,ZFM-02601_2021-11-16_Amyg..pickle
4,0.013568069286309978,0.6911215724021671,ZFM-02601,2021-11-16,Amyg.,ZFM-02601_2021-11-16_Amyg..pickle
5,0.2729676982238927,3.682097202173271e-16,ZFM-02601,2021-11-16,Amyg.,ZFM-02601_2021-11-16_Amyg..pickle
6,-0.26576954846386514,2.271928985806998e-15,ZFM-02601,2021-11-16,Amyg.,ZFM-02601_2021-11-16_Amyg..pickle
0,0.0944631891862264,0.005564858022402391,ZFM-02601,2021-11-16,M2,ZFM-02601_2021-11-16_M2.pickle
1,-0.17144473010010147,4.238353883516742e-07,ZFM-02601,2021-11-16,M2,ZFM-02601_2021-11-16_M2.pickle
2,-0.007868284435510395,0.8177721397038006,ZFM-02601,2021-11-16,M2,ZFM-02601_2021-11-16_M2.pickle
3,0.1339402395307856,8.149803518955992e-05,ZFM-02601,2021-11-16,M2,ZFM-02601_2021-11-16_M2.pickle
4,-0.11566878321116124,0.000677430210722099,ZFM-02601,2021-11-16,M2,ZFM-02601_2021-11-16_M2.pickle
5,0.18621293945956913,3.774789035633565e-08,ZFM-02601,2021-11-16,M2,ZFM-02601_2021-11-16_M2.pickle
6,-0.08490661686247988,0.01274456801827146,ZFM-02601,2021-11-16,M2,ZFM-02601_2021-11-16_M2.pickle
0,0.2534504236031924,4.510685340137732e-14,ZFM-02601,2021-11-16,mPFC,ZFM-02601_2021-11-16_mPFC.pickle
1,0.017741965061203752,0.6033558572973712,ZFM-02601,2021-11-16,mPFC,ZFM-02601_2021-11-16_mPFC.pickle
2,0.10491079420916845,0.002065712285267469,ZFM-02601,2021-11-16,mPFC,ZFM-02601_2021-11-16_mPFC.pickle
3,0.04173392635140729,0.2214688818525754,ZFM-02601,2021-11-16,mPFC,ZFM-02601_2021-11-16_mPFC.pickle
4,-0.10927629073820959,0.0013293596543809457,ZFM-02601,2021-11-16,mPFC,ZFM-02601_2021-11-16_mPFC.pickle
5,-0.35552659480893506,5.0590663029662214e-27,ZFM-02601,2021-11-16,mPFC,ZFM-02601_2021-11-16_mPFC.pickle
6,0.2917828110597166,2.4347363049627206e-18,ZFM-02601,2021-11-16,mPFC,ZFM-02601_2021-11-16_mPFC.pickle
0,0.014196915172410016,0.6775924466510237,ZFM-02601,2021-11-16,OFC,ZFM-02601_2021-11-16_OFC.pickle
1,0.43962312381386376,5.979375579426656e-42,ZFM-02601,2021-11-16,OFC,ZFM-02601_2021-11-16_OFC.pickle
2,-0.09904731105062686,0.003642547150634208,ZFM-02601,2021-11-16,OFC,ZFM-02601_2021-11-16_OFC.pickle
3,0.13108908548467305,0.0001155672227084849,ZFM-02601,2021-11-16,OFC,ZFM-02601_2021-11-16_OFC.pickle
4,0.0844855718257278,0.01319612416609657,ZFM-02601,2021-11-16,OFC,ZFM-02601_2021-11-16_OFC.pickle
5,-0.18496774467792518,4.6646582563004185e-08,ZFM-02601,2021-11-16,OFC,ZFM-02601_2021-11-16_OFC.pickle
6,-0.25800435536494937,1.5221255431955394e-14,ZFM-02601,2021-11-16,OFC,ZFM-02601_2021-11-16_OFC.pickle
0,-0.27951021161009265,6.714522115177161e-17,ZFM-02601,2021-11-16,Thal.,ZFM-02601_2021-11-16_Thal..pickle
1,-0.10609357159733182,0.0018360479277745258,ZFM-02601,2021-11-16,Thal.,ZFM-02601_2021-11-16_Thal..pickle
2,-0.27339138940866664,3.3024340967798495e-16,ZFM-02601,2021-11-16,Thal.,ZFM-02601_2021-11-16_Thal..pickle
3,-0.2677610504584663,1.3807722689451793e-15,ZFM-02601,2021-11-16,Thal.,ZFM-02601_2021-11-16_Thal..pickle
4,0.4566693048376978,1.577564716159032e-45,ZFM-02601,2021-11-16,Thal.,ZFM-02601_2021-11-16_Thal..pickle
5,-0.04007547674614478,0.24039263311543962,ZFM-02601,2021-11-16,Thal.,ZFM-02601_2021-11-16_Thal..pickle
6,0.3049597816787667,5.74730530445178e-20,ZFM-02601,2021-11-16,Thal.,ZFM-02601_2021-11-16_Thal..pickle
0,0.09039232145046355,0.004907849206484911,ZFM-02601,2021-11-18,HPC,ZFM-02601_2021-11-18_HPC.pickle
1,0.02609266979907074,0.41766295239904094,ZFM-02601,2021-11-18,HPC,ZFM-02601_2021-11-18_HPC.pickle
2,-0.0185276659672015,0.5649856153106064,ZFM-02601,2021-11-18,HPC,ZFM-02601_2021-11-18_HPC.pickle
3,0.0680405452643774,0.03438339033773777,ZFM-02601,2021-11-18,HPC,ZFM-02601_2021-11-18_HPC.pickle
4,-0.0076317978818068325,0.8126415556610735,ZFM-02601,2021-11-18,HPC,ZFM-02601_2021-11-18_HPC.pickle
5,-0.08424169496274553,0.008769696369112057,ZFM-02601,2021-11-18,HPC,ZFM-02601_2021-11-18_HPC.pickle
6,-0.038993867898527566,0.2257153205589196,ZFM-02601,2021-11-18,HPC,ZFM-02601_2021-11-18_HPC.pickle
0,0.03911813210643247,0.22423886885644206,ZFM-02601,2021-11-18,Thal.,ZFM-02601_2021-11-18_Thal..pickle
1,-0.057498802292477,0.07390764876516305,ZFM-02601,2021-11-18,Thal.,ZFM-02601_2021-11-18_Thal..pickle
2,0.015249592273838652,0.6357673349156552,ZFM-02601,2021-11-18,Thal.,ZFM-02601_2021-11-18_Thal..pickle
3,0.04987789131625339,0.1211432761812983,ZFM-02601,2021-11-18,Thal.,ZFM-02601_2021-11-18_Thal..pickle
4,-0.05244513937718783,0.10312705336559565,ZFM-02601,2021-11-18,Thal.,ZFM-02601_2021-11-18_Thal..pickle
5,0.001381182042178888,0.9657855806774723,ZFM-02601,2021-11-18,Thal.,ZFM-02601_2021-11-18_Thal..pickle
6,-0.04873654882529668,0.12990366312794052,ZFM-02601,2021-11-18,Thal.,ZFM-02601_2021-11-18_Thal..pickle
0,-0.10316704103453112,0.0013155181541321156,ZFM-02601,2021-11-18,VIS,ZFM-02601_2021-11-18_VIS.pickle
1,0.12042866957450897,0.00017420816556479446,ZFM-02601,2021-11-18,VIS,ZFM-02601_2021-11-18_VIS.pickle
2,-0.0914229936420433,0.004437942464361262,ZFM-02601,2021-11-18,VIS,ZFM-02601_2021-11-18_VIS.pickle
3,0.2138398523396595,1.830213050641782e-11,ZFM-02601,2021-11-18,VIS,ZFM-02601_2021-11-18_VIS.pickle
4,-0.053958282064235245,0.09354797913847603,ZFM-02601,2021-11-18,VIS,ZFM-02601_2021-11-18_VIS.pickle
5,-0.02276117676991198,0.47958397032219924,ZFM-02601,2021-11-18,VIS,ZFM-02601_2021-11-18_VIS.pickle
6,-0.12531977281690895,9.32965838334602e-05,ZFM-02601,2021-11-18,VIS,ZFM-02601_2021-11-18_VIS.pickle
0,-0.045530036616988366,0.1543784163913633,ZFM-02601,2021-11-19,PAG,ZFM-02601_2021-11-19_PAG.pickle
1,0.037563668369277,0.24005766394618058,ZFM-02601,2021-11-19,PAG,ZFM-02601_2021-11-19_PAG.pickle
2,0.011371853300890957,0.7221757422949326,ZFM-02601,2021-11-19,PAG,ZFM-02601_2021-11-19_PAG.pickle
3,-0.3741628887136311,6.326845370280001e-34,ZFM-02601,2021-11-19,PAG,ZFM-02601_2021-11-19_PAG.pickle
4,0.00385269114814567,0.9041228596464932,ZFM-02601,2021-11-19,PAG,ZFM-02601_2021-11-19_PAG.pickle
5,0.5100795894433678,5.012758168041953e-66,ZFM-02601,2021-11-19,PAG,ZFM-02601_2021-11-19_PAG.pickle
6,-0.05424030677059161,0.0896829569355382,ZFM-02601,2021-11-19,PAG,ZFM-02601_2021-11-19_PAG.pickle
0,-0.14107612403277278,4.481976850165161e-05,ZFM-03321,2022-03-22,Pir.,ZFM-03321_2022-03-22_Pir..pickle
1,-0.11429260359838478,0.0009648426655889133,ZFM-03321,2022-03-22,Pir.,ZFM-03321_2022-03-22_Pir..pickle
2,-0.13230296782785747,0.00013077617816536653,ZFM-03321,2022-03-22,Pir.,ZFM-03321_2022-03-22_Pir..pickle
3,0.04930624177783286,0.15558474031091715,ZFM-03321,2022-03-22,Pir.,ZFM-03321_2022-03-22_Pir..pickle
4,0.11101171414551836,0.0013495120035123332,ZFM-03321,2022-03-22,Pir.,ZFM-03321_2022-03-22_Pir..pickle
5,-0.1229032210523154,0.00038365719258554346,ZFM-03321,2022-03-22,Pir.,ZFM-03321_2022-03-22_Pir..pickle
6,0.12928711623720224,0.00018618927745869552,ZFM-03321,2022-03-22,Pir.,ZFM-03321_2022-03-22_Pir..pickle
0,-0.004488158820151247,0.8972101798898254,ZFM-03321,2022-03-22,Str.,ZFM-03321_2022-03-22_Str..pickle
1,-0.18026239950659048,1.6811434506595552e-07,ZFM-03321,2022-03-22,Str.,ZFM-03321_2022-03-22_Str..pickle
2,-0.01968831618157889,0.5708792215439812,ZFM-03321,2022-03-22,Str.,ZFM-03321_2022-03-22_Str..pickle
3,-0.07476926236615437,0.031149964674056976,ZFM-03321,2022-03-22,Str.,ZFM-03321_2022-03-22_Str..pickle
4,0.11971562027843671,0.0005435950577831966,ZFM-03321,2022-03-22,Str.,ZFM-03321_2022-03-22_Str..pickle
5,-0.04487690340371607,0.1962278294857647,ZFM-03321,2022-03-22,Str.,ZFM-03321_2022-03-22_Str..pickle
6,0.0798991445492354,0.02125214315078283,ZFM-03321,2022-03-22,Str.,ZFM-03321_2022-03-22_Str..pickle
0,-0.06194556848018769,0.050192269177908394,ZFM-03321,2022-03-23,Amyg.,ZFM-03321_2022-03-23_Amyg..pickle
1,-0.04385172570763449,0.16585517562602092,ZFM-03321,2022-03-23,Amyg.,ZFM-03321_2022-03-23_Amyg..pickle
2,0.039658385416280605,0.21019381348725139,ZFM-03321,2022-03-23,Amyg.,ZFM-03321_2022-03-23_Amyg..pickle
3,0.2800736851493802,1.7661148371414816e-19,ZFM-03321,2022-03-23,Amyg.,ZFM-03321_2022-03-23_Amyg..pickle
4,-0.09766379722443237,0.001988585089913187,ZFM-03321,2022-03-23,Amyg.,ZFM-03321_2022-03-23_Amyg..pickle
5,-0.07487822243367047,0.017873855527034868,ZFM-03321,2022-03-23,Amyg.,ZFM-03321_2022-03-23_Amyg..pickle
6,-0.02878952052133255,0.3631103050753172,ZFM-03321,2022-03-23,Amyg.,ZFM-03321_2022-03-23_Amyg..pickle
0,0.09350432889703895,0.0030798420987815326,ZFM-03321,2022-03-23,HPC,ZFM-03321_2022-03-23_HPC.pickle
1,0.2831510979150455,6.829785091248435e-20,ZFM-03321,2022-03-23,HPC,ZFM-03321_2022-03-23_HPC.pickle
2,-0.2608007174449056,5.185388384609604e-17,ZFM-03321,2022-03-23,HPC,ZFM-03321_2022-03-23_HPC.pickle
3,0.04543152041891723,0.15111185493650395,ZFM-03321,2022-03-23,HPC,ZFM-03321_2022-03-23_HPC.pickle
4,-0.2918801230652491,4.322037490660987e-21,ZFM-03321,2022-03-23,HPC,ZFM-03321_2022-03-23_HPC.pickle
5,-0.16318464648589345,2.1174969381638923e-07,ZFM-03321,2022-03-23,HPC,ZFM-03321_2022-03-23_HPC.pickle
6,-0.17612170575459746,2.0661284356461163e-08,ZFM-03321,2022-03-23,HPC,ZFM-03321_2022-03-23_HPC.pickle
0,-0.2590114084247585,8.587297372083629e-17,ZFM-03321,2022-03-23,M2,ZFM-03321_2022-03-23_M2.pickle
1,0.5936786205510127,2.830481244091392e-96,ZFM-03321,2022-03-23,M2,ZFM-03321_2022-03-23_M2.pickle
2,-0.025065856877529803,0.4284860446072669,ZFM-03321,2022-03-23,M2,ZFM-03321_2022-03-23_M2.pickle
3,-0.3209219893433297,2.176631126049983e-25,ZFM-03321,2022-03-23,M2,ZFM-03321_2022-03-23_M2.pickle
4,-0.11824217450446324,0.00017851812860091398,ZFM-03321,2022-03-23,M2,ZFM-03321_2022-03-23_M2.pickle
5,-0.09944826332398737,0.0016399549480464663,ZFM-03321,2022-03-23,M2,ZFM-03321_2022-03-23_M2.pickle
6,-0.1919070799269422,9.475974928618734e-10,ZFM-03321,2022-03-23,M2,ZFM-03321_2022-03-23_M2.pickle
0,-0.28096504258140864,1.342889953786255e-19,ZFM-03321,2022-03-23,mPFC,ZFM-03321_2022-03-23_mPFC.pickle
1,-0.11269623699881164,0.0003560404113540227,ZFM-03321,2022-03-23,mPFC,ZFM-03321_2022-03-23_mPFC.pickle
2,-0.26249479684652655,3.204870879016657e-17,ZFM-03321,2022-03-23,mPFC,ZFM-03321_2022-03-23_mPFC.pickle
3,0.4264585632359522,1.860429313666169e-45,ZFM-03321,2022-03-23,mPFC,ZFM-03321_2022-03-23_mPFC.pickle
4,0.32918556425438356,1.0596005917950485e-26,ZFM-03321,2022-03-23,mPFC,ZFM-03321_2022-03-23_mPFC.pickle
5,-0.31225796455868576,4.685654150538624e-24,ZFM-03321,2022-03-23,mPFC,ZFM-03321_2022-03-23_mPFC.pickle
6,-0.05277325340619119,0.09533321929332765,ZFM-03321,2022-03-23,mPFC,ZFM-03321_2022-03-23_mPFC.pickle
0,-0.37411435436126145,1.4159525004165023e-34,ZFM-03321,2022-03-23,OFC,ZFM-03321_2022-03-23_OFC.pickle
1,0.48752283685031095,7.940182165627756e-61,ZFM-03321,2022-03-23,OFC,ZFM-03321_2022-03-23_OFC.pickle
2,-0.09612500006774564,0.0023424285755716734,ZFM-03321,2022-03-23,OFC,ZFM-03321_2022-03-23_OFC.pickle
3,-0.4261699215577097,2.1631372155486973e-45,ZFM-03321,2022-03-23,OFC,ZFM-03321_2022-03-23_OFC.pickle
4,-0.010340207941698211,0.7439811483851347,ZFM-03321,2022-03-23,OFC,ZFM-03321_2022-03-23_OFC.pickle
5,0.2635357561749063,2.3804129232803892e-17,ZFM-03321,2022-03-23,OFC,ZFM-03321_2022-03-23_OFC.pickle
6,-0.32899479257381253,1.1373792583675e-26,ZFM-03321,2022-03-23,OFC,ZFM-03321_2022-03-23_OFC.pickle
0,-0.42114578218986914,2.914408829533904e-44,ZFM-03329,2022-03-01,Amyg.,ZFM-03329_2022-03-01_Amyg..pickle
1,0.23298548233107086,8.56419340242472e-14,ZFM-03329,2022-03-01,Amyg.,ZFM-03329_2022-03-01_Amyg..pickle
2,0.5647810683569581,2.4944970583787027e-85,ZFM-03329,2022-03-01,Amyg.,ZFM-03329_2022-03-01_Amyg..pickle
3,-0.27159010668363176,2.279421743009987e-18,ZFM-03329,2022-03-01,Amyg.,ZFM-03329_2022-03-01_Amyg..pickle
4,0.04722284693399485,0.1356251350932553,ZFM-03329,2022-03-01,Amyg.,ZFM-03329_2022-03-01_Amyg..pickle
5,-0.12113285575977265,0.00012307733974023185,ZFM-03329,2022-03-01,Amyg.,ZFM-03329_2022-03-01_Amyg..pickle
6,-0.4248788804694375,4.237860529473168e-45,ZFM-03329,2022-03-01,Amyg.,ZFM-03329_2022-03-01_Amyg..pickle
0,0.012156890330910513,0.7035833121695056,ZFM-03329,2022-03-02,PAG,ZFM-03329_2022-03-02_PAG.pickle
1,0.565228043630637,5.549272457178738e-84,ZFM-03329,2022-03-02,PAG,ZFM-03329_2022-03-02_PAG.pickle
2,-0.10606787159960566,0.0008715918906350505,ZFM-03329,2022-03-02,PAG,ZFM-03329_2022-03-02_PAG.pickle
3,0.35699981433493766,6.888200547280048e-31,ZFM-03329,2022-03-02,PAG,ZFM-03329_2022-03-02_PAG.pickle
4,-0.31358150113625854,7.558617042343863e-24,ZFM-03329,2022-03-02,PAG,ZFM-03329_2022-03-02_PAG.pickle
5,-0.11562595043249467,0.000282406137754062,ZFM-03329,2022-03-02,PAG,ZFM-03329_2022-03-02_PAG.pickle
6,-0.3286909266956272,3.594422774691724e-26,ZFM-03329,2022-03-02,PAG,ZFM-03329_2022-03-02_PAG.pickle
0,-0.373404556735769,7.52228015884295e-34,ZFM-03329,2022-03-02,RSP,ZFM-03329_2022-03-02_RSP.pickle
1,-0.27441247157449883,2.0065697727201616e-18,ZFM-03329,2022-03-02,RSP,ZFM-03329_2022-03-02_RSP.pickle
2,-0.14146008721105283,8.600417436818836e-06,ZFM-03329,2022-03-02,RSP,ZFM-03329_2022-03-02_RSP.pickle
3,-0.3949091909701175,5.332595169750284e-38,ZFM-03329,2022-03-02,RSP,ZFM-03329_2022-03-02_RSP.pickle
4,0.49105050617008883,9.898272801225243e-61,ZFM-03329,2022-03-02,RSP,ZFM-03329_2022-03-02_RSP.pickle
5,-0.09237096035781785,0.0037659761859471933,ZFM-03329,2022-03-02,RSP,ZFM-03329_2022-03-02_RSP.pickle
6,0.12470290223879942,8.924003244372306e-05,ZFM-03329,2022-03-02,RSP,ZFM-03329_2022-03-02_RSP.pickle
0,0.18611904536194926,4.193357469420771e-09,ZFM-03329,2022-03-02,SC,ZFM-03329_2022-03-02_SC.pickle
1,0.29028306520761427,1.6072942198607342e-20,ZFM-03329,2022-03-02,SC,ZFM-03329_2022-03-02_SC.pickle
2,0.03563278713587906,0.26461376895190103,ZFM-03329,2022-03-02,SC,ZFM-03329_2022-03-02_SC.pickle
3,-0.357232764965258,6.269671231573097e-31,ZFM-03329,2022-03-02,SC,ZFM-03329_2022-03-02_SC.pickle
4,0.06290568247966145,0.04875716373607503,ZFM-03329,2022-03-02,SC,ZFM-03329_2022-03-02_SC.pickle
5,-0.24429607863228994,8.25164827713375e-15,ZFM-03329,2022-03-02,SC,ZFM-03329_2022-03-02_SC.pickle
6,-0.04523248059480238,0.15666884202338818,ZFM-03329,2022-03-02,SC,ZFM-03329_2022-03-02_SC.pickle
0,-0.4509196035554132,3.053836954402708e-51,ZFM-03329,2022-03-03,HPC,ZFM-03329_2022-03-03_HPC.pickle
1,-0.2610327544099528,4.855659234355167e-17,ZFM-03329,2022-03-03,HPC,ZFM-03329_2022-03-03_HPC.pickle
2,0.41866728134800574,1.034502184875026e-43,ZFM-03329,2022-03-03,HPC,ZFM-03329_2022-03-03_HPC.pickle
3,-0.18975311400709127,1.4661416043526208e-09,ZFM-03329,2022-03-03,HPC,ZFM-03329_2022-03-03_HPC.pickle
4,0.49321383508902444,2.0059542175255576e-62,ZFM-03329,2022-03-03,HPC,ZFM-03329_2022-03-03_HPC.pickle
5,0.14448680819414117,4.486900797269324e-06,ZFM-03329,2022-03-03,HPC,ZFM-03329_2022-03-03_HPC.pickle
6,-0.07753088314807545,0.014191964950711468,ZFM-03329,2022-03-03,HPC,ZFM-03329_2022-03-03_HPC.pickle
0,-0.6461235230650468,3.04151815978971e-119,ZFM-03329,2022-03-03,Thal.,ZFM-03329_2022-03-03_Thal..pickle
1,-0.5262609641560321,2.5395375737531876e-72,ZFM-03329,2022-03-03,Thal.,ZFM-03329_2022-03-03_Thal..pickle
2,0.20833325969285843,2.8724186700680083e-11,ZFM-03329,2022-03-03,Thal.,ZFM-03329_2022-03-03_Thal..pickle
3,-0.0029995190644750993,0.9245255555037437,ZFM-03329,2022-03-03,Thal.,ZFM-03329_2022-03-03_Thal..pickle
4,0.6213555269728864,7.50010305415595e-108,ZFM-03329,2022-03-03,Thal.,ZFM-03329_2022-03-03_Thal..pickle
5,0.1916750304813129,9.93459586952498e-10,ZFM-03329,2022-03-03,Thal.,ZFM-03329_2022-03-03_Thal..pickle
6,-0.6521857063959535,3.3966184085709105e-122,ZFM-03329,2022-03-03,Thal.,ZFM-03329_2022-03-03_Thal..pickle
0,-0.03285672261255317,0.29926934069612937,ZFM-03329,2022-03-03,VIS,ZFM-03329_2022-03-03_VIS.pickle
1,-0.15918748672971325,4.193602934162489e-07,ZFM-03329,2022-03-03,VIS,ZFM-03329_2022-03-03_VIS.pickle
2,0.45086803703684253,3.14444708725703e-51,ZFM-03329,2022-03-03,VIS,ZFM-03329_2022-03-03_VIS.pickle
3,0.06684921080667099,0.034542745912820826,ZFM-03329,2022-03-03,VIS,ZFM-03329_2022-03-03_VIS.pickle
4,-0.3937233434029232,2.0026359570326772e-38,ZFM-03329,2022-03-03,VIS,ZFM-03329_2022-03-03_VIS.pickle
5,0.20608662599932684,4.716077445208886e-11,ZFM-03329,2022-03-03,VIS,ZFM-03329_2022-03-03_VIS.pickle
6,-0.3884896083255851,2.263434335662449e-37,ZFM-03329,2022-03-03,VIS,ZFM-03329_2022-03-03_VIS.pickle
0,-0.1330446886351363,7.119519430673776e-05,ZFM-03330,2022-02-15,M2,ZFM-03330_2022-02-15_M2.pickle
1,0.061422352854358514,0.06763557806141228,ZFM-03330,2022-02-15,M2,ZFM-03330_2022-02-15_M2.pickle
2,-0.11815307282519746,0.00042460059794431057,ZFM-03330,2022-02-15,M2,ZFM-03330_2022-02-15_M2.pickle
3,-0.00699440294113783,0.8353052614958376,ZFM-03330,2022-02-15,M2,ZFM-03330_2022-02-15_M2.pickle
4,0.33358026594170687,1.8054201425536308e-24,ZFM-03330,2022-02-15,M2,ZFM-03330_2022-02-15_M2.pickle
5,-0.16032845687093034,1.613639996397609e-06,ZFM-03330,2022-02-15,M2,ZFM-03330_2022-02-15_M2.pickle
6,0.00322773222145688,0.9235678350380746,ZFM-03330,2022-02-15,M2,ZFM-03330_2022-02-15_M2.pickle
0,0.5448590779860735,1.2036908219514785e-69,ZFM-03330,2022-02-15,mPFC,ZFM-03330_2022-02-15_mPFC.pickle
1,0.1926478241148576,7.4504572556564115e-09,ZFM-03330,2022-02-15,mPFC,ZFM-03330_2022-02-15_mPFC.pickle
2,-0.1958378076636018,4.15156221430312e-09,ZFM-03330,2022-02-15,mPFC,ZFM-03330_2022-02-15_mPFC.pickle
3,-0.10338391050135116,0.0020615755636861975,ZFM-03330,2022-02-15,mPFC,ZFM-03330_2022-02-15_mPFC.pickle
4,-0.19886696222202851,2.3608903545591083e-09,ZFM-03330,2022-02-15,mPFC,ZFM-03330_2022-02-15_mPFC.pickle
5,-0.25267954466565534,2.2616162996578864e-14,ZFM-03330,2022-02-15,mPFC,ZFM-03330_2022-02-15_mPFC.pickle
6,-0.33733140604948414,5.09868490565446e-25,ZFM-03330,2022-02-15,mPFC,ZFM-03330_2022-02-15_mPFC.pickle
0,-0.25940430964874955,4.324694918050962e-15,ZFM-03330,2022-02-15,OLF,ZFM-03330_2022-02-15_OLF.pickle
1,-0.21032599757559803,2.5732083357007613e-10,ZFM-03330,2022-02-15,OLF,ZFM-03330_2022-02-15_OLF.pickle
2,-0.2572764510999693,7.33763405921141e-15,ZFM-03330,2022-02-15,OLF,ZFM-03330_2022-02-15_OLF.pickle
3,0.1456290338736184,1.349886650971843e-05,ZFM-03330,2022-02-15,OLF,ZFM-03330_2022-02-15_OLF.pickle
4,-0.1655769090781538,7.202993404397681e-07,ZFM-03330,2022-02-15,OLF,ZFM-03330_2022-02-15_OLF.pickle
5,0.5286367740677652,6.164518406748735e-65,ZFM-03330,2022-02-15,OLF,ZFM-03330_2022-02-15_OLF.pickle
6,-0.24585064768766143,1.155383669290255e-13,ZFM-03330,2022-02-15,OLF,ZFM-03330_2022-02-15_OLF.pickle
0,-0.3942079506585798,3.7327528534429377e-38,ZFM-03330,2022-02-16,M2,ZFM-03330_2022-02-16_M2.pickle
1,0.07478520969662583,0.01860335601576954,ZFM-03330,2022-02-16,M2,ZFM-03330_2022-02-16_M2.pickle
2,-0.24115805933135553,1.4476141930308363e-14,ZFM-03330,2022-02-16,M2,ZFM-03330_2022-02-16_M2.pickle
3,-0.2423608513460007,1.0618045700753116e-14,ZFM-03330,2022-02-16,M2,ZFM-03330_2022-02-16_M2.pickle
4,0.09194365303299533,0.0037865206341159228,ZFM-03330,2022-02-16,M2,ZFM-03330_2022-02-16_M2.pickle
5,0.34006159806912817,3.1909058006037903e-28,ZFM-03330,2022-02-16,M2,ZFM-03330_2022-02-16_M2.pickle
6,0.2825728342809489,1.2450106701585433e-19,ZFM-03330,2022-02-16,M2,ZFM-03330_2022-02-16_M2.pickle
0,0.06801419919489093,0.03237162908301391,ZFM-03330,2022-02-16,mPFC,ZFM-03330_2022-02-16_mPFC.pickle
1,-0.3061386675286259,6.335845415818617e-23,ZFM-03330,2022-02-16,mPFC,ZFM-03330_2022-02-16_mPFC.pickle
2,0.0801655703598724,0.011628363977284647,ZFM-03330,2022-02-16,mPFC,ZFM-03330_2022-02-16_mPFC.pickle
3,0.6546903227011822,3.228630688113264e-122,ZFM-03330,2022-02-16,mPFC,ZFM-03330_2022-02-16_mPFC.pickle
4,-0.32840037164008223,2.5210007143316626e-26,ZFM-03330,2022-02-16,mPFC,ZFM-03330_2022-02-16_mPFC.pickle
5,-0.36356218107550675,2.6663457482201545e-32,ZFM-03330,2022-02-16,mPFC,ZFM-03330_2022-02-16_mPFC.pickle
6,-0.36440199745374957,1.8781816835470978e-32,ZFM-03330,2022-02-16,mPFC,ZFM-03330_2022-02-16_mPFC.pickle
0,0.013013084942205511,0.6825784134631764,ZFM-03330,2022-02-16,OLF,ZFM-03330_2022-02-16_OLF.pickle
1,-0.2725692102101975,2.5198664264102455e-18,ZFM-03330,2022-02-16,OLF,ZFM-03330_2022-02-16_OLF.pickle
2,0.18376927726131428,5.7272461366811055e-09,ZFM-03330,2022-02-16,OLF,ZFM-03330_2022-02-16_OLF.pickle
3,0.025850630489658567,0.41651666388064124,ZFM-03330,2022-02-16,OLF,ZFM-03330_2022-02-16_OLF.pickle
4,0.38187736098483166,1.0064825906235656e-35,ZFM-03330,2022-02-16,OLF,ZFM-03330_2022-02-16_OLF.pickle
5,-0.20019802270620476,2.0765024339764864e-10,ZFM-03330,2022-02-16,OLF,ZFM-03330_2022-02-16_OLF.pickle
6,-0.3328107479046266,4.9369618635317726e-27,ZFM-03330,2022-02-16,OLF,ZFM-03330_2022-02-16_OLF.pickle
0,0.03825923434444857,0.24225398751179242,ZFM-03330,2022-02-17,HPC,ZFM-03330_2022-02-17_HPC.pickle
1,-0.08580673575499352,0.008626322733882811,ZFM-03330,2022-02-17,HPC,ZFM-03330_2022-02-17_HPC.pickle
2,-0.0227901358925803,0.48617660218836617,ZFM-03330,2022-02-17,HPC,ZFM-03330_2022-02-17_HPC.pickle
3,-0.03355153578206003,0.30517607655024825,ZFM-03330,2022-02-17,HPC,ZFM-03330_2022-02-17_HPC.pickle
4,0.014435820575916919,0.6591521910781472,ZFM-03330,2022-02-17,HPC,ZFM-03330_2022-02-17_HPC.pickle
5,0.04163501037113182,0.2031472089839324,ZFM-03330,2022-02-17,HPC,ZFM-03330_2022-02-17_HPC.pickle
6,0.014328613679755103,0.6615254947051297,ZFM-03330,2022-02-17,HPC,ZFM-03330_2022-02-17_HPC.pickle
0,0.04652586839474342,0.1549432387255207,ZFM-03330,2022-02-17,SC,ZFM-03330_2022-02-17_SC.pickle
1,0.10880609970024668,0.0008551993944182981,ZFM-03330,2022-02-17,SC,ZFM-03330_2022-02-17_SC.pickle
2,-0.06494724365197416,0.046983833221443706,ZFM-03330,2022-02-17,SC,ZFM-03330_2022-02-17_SC.pickle
3,-0.03120837107247941,0.34021071399245834,ZFM-03330,2022-02-17,SC,ZFM-03330_2022-02-17_SC.pickle
4,-0.10705237080190036,0.0010372372218252273,ZFM-03330,2022-02-17,SC,ZFM-03330_2022-02-17_SC.pickle
5,0.017756384126379855,0.5874343422209893,ZFM-03330,2022-02-17,SC,ZFM-03330_2022-02-17_SC.pickle
6,0.07655226922360309,0.01916235932225302,ZFM-03330,2022-02-17,SC,ZFM-03330_2022-02-17_SC.pickle
0,0.032887956502531235,0.31484612913574583,ZFM-03330,2022-02-17,Thal.,ZFM-03330_2022-02-17_Thal..pickle
1,-0.0859950415728906,0.008480788879554871,ZFM-03330,2022-02-17,Thal.,ZFM-03330_2022-02-17_Thal..pickle
2,0.08527659914218658,0.00904808581511017,ZFM-03330,2022-02-17,Thal.,ZFM-03330_2022-02-17_Thal..pickle
3,0.09988602972460345,0.0022171003980507,ZFM-03330,2022-02-17,Thal.,ZFM-03330_2022-02-17_Thal..pickle
4,-0.13588368931887584,3.032038239777136e-05,ZFM-03330,2022-02-17,Thal.,ZFM-03330_2022-02-17_Thal..pickle
5,-0.0014741365995133804,0.9640756924643012,ZFM-03330,2022-02-17,Thal.,ZFM-03330_2022-02-17_Thal..pickle
6,-0.00988693951480172,0.7625869894328955,ZFM-03330,2022-02-17,Thal.,ZFM-03330_2022-02-17_Thal..pickle
0,0.014143390985494438,0.6656338830017703,ZFM-03330,2022-02-17,VIS,ZFM-03330_2022-02-17_VIS.pickle
1,-0.1691247517039698,1.9415789640941491e-07,ZFM-03330,2022-02-17,VIS,ZFM-03330_2022-02-17_VIS.pickle
2,0.03532106744251597,0.2803605722273341,ZFM-03330,2022-02-17,VIS,ZFM-03330_2022-02-17_VIS.pickle
3,-0.05519152050667872,0.09149459969809767,ZFM-03330,2022-02-17,VIS,ZFM-03330_2022-02-17_VIS.pickle
4,0.22186618099115202,6.6744170658894385e-12,ZFM-03330,2022-02-17,VIS,ZFM-03330_2022-02-17_VIS.pickle
5,-0.009515002385352614,0.7712649545743705,ZFM-03330,2022-02-17,VIS,ZFM-03330_2022-02-17_VIS.pickle
6,-0.0029290926631327947,0.9286897614117796,ZFM-03330,2022-02-17,VIS,ZFM-03330_2022-02-17_VIS.pickle
0,0.08725217703085159,0.005762959790731964,ZFM-03330,2022-02-18,Pir.,ZFM-03330_2022-02-18_Pir..pickle
1,-0.26523190178458367,1.4620809357355884e-17,ZFM-03330,2022-02-18,Pir.,ZFM-03330_2022-02-18_Pir..pickle
2,0.6262271931615874,5.1943951602965274e-110,ZFM-03330,2022-02-18,Pir.,ZFM-03330_2022-02-18_Pir..pickle
3,-0.3733881196096625,1.9436962887821616e-34,ZFM-03330,2022-02-18,Pir.,ZFM-03330_2022-02-18_Pir..pickle
4,0.0842260698588678,0.007701870282958456,ZFM-03330,2022-02-18,Pir.,ZFM-03330_2022-02-18_Pir..pickle
5,0.0295289105210985,0.35091206106925155,ZFM-03330,2022-02-18,Pir.,ZFM-03330_2022-02-18_Pir..pickle
6,-0.3215650572793265,1.7261977184794632e-25,ZFM-03330,2022-02-18,Pir.,ZFM-03330_2022-02-18_Pir..pickle
0,0.31237650726313654,4.4960126223137075e-24,ZFM-03330,2022-02-18,Str.,ZFM-03330_2022-02-18_Str..pickle
1,-0.34317688969982035,5.114339797883143e-29,ZFM-03330,2022-02-18,Str.,ZFM-03330_2022-02-18_Str..pickle
2,-0.3205234083807606,2.512313292656302e-25,ZFM-03330,2022-02-18,Str.,ZFM-03330_2022-02-18_Str..pickle
3,-0.21609999257560222,4.953413921547696e-12,ZFM-03330,2022-02-18,Str.,ZFM-03330_2022-02-18_Str..pickle
4,0.30211606611625,1.4992941964126155e-22,ZFM-03330,2022-02-18,Str.,ZFM-03330_2022-02-18_Str..pickle
5,0.29619752966427393,1.064501757023213e-21,ZFM-03330,2022-02-18,Str.,ZFM-03330_2022-02-18_Str..pickle
6,0.4437963806355014,1.6537470503559781e-49,ZFM-03330,2022-02-18,Str.,ZFM-03330_2022-02-18_Str..pickle
0,-0.13443148137218994,0.0009353271509802593,ZFM-04080,2022-07-05,HPC,ZFM-04080_2022-07-05_HPC.pickle
1,-0.12910749959668527,0.0014875609814434148,ZFM-04080,2022-07-05,HPC,ZFM-04080_2022-07-05_HPC.pickle
2,-0.04025710836367628,0.32368931303709997,ZFM-04080,2022-07-05,HPC,ZFM-04080_2022-07-05_HPC.pickle
3,-0.010234932002322138,0.8019574062221737,ZFM-04080,2022-07-05,HPC,ZFM-04080_2022-07-05_HPC.pickle
4,0.16705220881256067,3.745617296980254e-05,ZFM-04080,2022-07-05,HPC,ZFM-04080_2022-07-05_HPC.pickle
5,-0.07268165988288985,0.07451616626343087,ZFM-04080,2022-07-05,HPC,ZFM-04080_2022-07-05_HPC.pickle
6,-0.11090947502740595,0.006405579147000161,ZFM-04080,2022-07-05,HPC,ZFM-04080_2022-07-05_HPC.pickle
0,0.13896381857505408,0.0006217612017899968,ZFM-04080,2022-07-05,VIS,ZFM-04080_2022-07-05_VIS.pickle
1,0.1308335801863532,0.0012821682633725364,ZFM-04080,2022-07-05,VIS,ZFM-04080_2022-07-05_VIS.pickle
2,-0.23658458542404434,4.072446671587116e-09,ZFM-04080,2022-07-05,VIS,ZFM-04080_2022-07-05_VIS.pickle
3,-0.19882519312790772,8.590525534172662e-07,ZFM-04080,2022-07-05,VIS,ZFM-04080_2022-07-05_VIS.pickle
4,-0.3450607254017271,2.65828237714626e-18,ZFM-04080,2022-07-05,VIS,ZFM-04080_2022-07-05_VIS.pickle
5,0.002312096558525622,0.954817435086552,ZFM-04080,2022-07-05,VIS,ZFM-04080_2022-07-05_VIS.pickle
6,0.26822650589414976,2.1419854632435318e-11,ZFM-04080,2022-07-05,VIS,ZFM-04080_2022-07-05_VIS.pickle
0,0.07822611124008251,0.018852919003220003,ZFM-04080,2022-07-06,Amyg.,ZFM-04080_2022-07-06_Amyg..pickle
1,-0.1700503453299911,2.825953480027376e-07,ZFM-04080,2022-07-06,Amyg.,ZFM-04080_2022-07-06_Amyg..pickle
2,-0.12671257577628015,0.0001369626210991817,ZFM-04080,2022-07-06,Amyg.,ZFM-04080_2022-07-06_Amyg..pickle
3,0.03005284528329939,0.36756848019312044,ZFM-04080,2022-07-06,Amyg.,ZFM-04080_2022-07-06_Amyg..pickle
4,-0.13155665312353837,7.475060719846433e-05,ZFM-04080,2022-07-06,Amyg.,ZFM-04080_2022-07-06_Amyg..pickle
5,0.07166485464896592,0.03148255072862495,ZFM-04080,2022-07-06,Amyg.,ZFM-04080_2022-07-06_Amyg..pickle
6,-0.08127013064754209,0.014682839063651053,ZFM-04080,2022-07-06,Amyg.,ZFM-04080_2022-07-06_Amyg..pickle
0,-0.04702999406332297,0.1583908534688045,ZFM-04080,2022-07-06,HPC,ZFM-04080_2022-07-06_HPC.pickle
1,0.11342386709437649,0.0006475067967459253,ZFM-04080,2022-07-06,HPC,ZFM-04080_2022-07-06_HPC.pickle
2,0.4622791532368086,6.678959814387995e-49,ZFM-04080,2022-07-06,HPC,ZFM-04080_2022-07-06_HPC.pickle
3,0.05206567196342254,0.11835221462076859,ZFM-04080,2022-07-06,HPC,ZFM-04080_2022-07-06_HPC.pickle
4,-0.3261897946131435,8.839119103632798e-24,ZFM-04080,2022-07-06,HPC,ZFM-04080_2022-07-06_HPC.pickle
5,-0.2297693918369369,2.932061483647279e-12,ZFM-04080,2022-07-06,HPC,ZFM-04080_2022-07-06_HPC.pickle
6,0.013886791818390209,0.6772076542458786,ZFM-04080,2022-07-06,HPC,ZFM-04080_2022-07-06_HPC.pickle
0,0.05927749197386576,0.060954923667330026,ZFM-04080,2022-07-07,HPC,ZFM-04080_2022-07-07_HPC.pickle
1,0.10671333021669539,0.0007248404227043581,ZFM-04080,2022-07-07,HPC,ZFM-04080_2022-07-07_HPC.pickle
2,-0.24501733496538888,3.8868089932513225e-15,ZFM-04080,2022-07-07,HPC,ZFM-04080_2022-07-07_HPC.pickle
3,-0.29517046562252525,1.4888744682833715e-21,ZFM-04080,2022-07-07,HPC,ZFM-04080_2022-07-07_HPC.pickle
4,-0.39032290499396993,9.727947445873276e-38,ZFM-04080,2022-07-07,HPC,ZFM-04080_2022-07-07_HPC.pickle
5,-0.3118987786814544,5.3099095258785885e-24,ZFM-04080,2022-07-07,HPC,ZFM-04080_2022-07-07_HPC.pickle
6,0.5769638543623984,8.2349299236918e-90,ZFM-04080,2022-07-07,HPC,ZFM-04080_2022-07-07_HPC.pickle
0,0.003293007149367527,0.9171661195307622,ZFM-04080,2022-07-07,Pir.,ZFM-04080_2022-07-07_Pir..pickle
1,0.033036337186675147,0.29663394498142714,ZFM-04080,2022-07-07,Pir.,ZFM-04080_2022-07-07_Pir..pickle
2,0.004558287360194168,0.8855271877233161,ZFM-04080,2022-07-07,Pir.,ZFM-04080_2022-07-07_Pir..pickle
3,0.047926759869361915,0.12988588645843913,ZFM-04080,2022-07-07,Pir.,ZFM-04080_2022-07-07_Pir..pickle
4,-0.005626882927794001,0.8589456118497236,ZFM-04080,2022-07-07,Pir.,ZFM-04080_2022-07-07_Pir..pickle
5,0.023343343786372595,0.4609043284439683,ZFM-04080,2022-07-07,Pir.,ZFM-04080_2022-07-07_Pir..pickle
6,-0.1464596705235366,3.306996037892421e-06,ZFM-04080,2022-07-07,Pir.,ZFM-04080_2022-07-07_Pir..pickle
0,0.1569815193104396,1.1023629061636382e-05,ZFM-04083,2022-07-19,HPC,ZFM-04083_2022-07-19_HPC.pickle
1,-0.08596119627840566,0.016542369902878277,ZFM-04083,2022-07-19,HPC,ZFM-04083_2022-07-19_HPC.pickle
2,0.09735225109210133,0.006612562230608648,ZFM-04083,2022-07-19,HPC,ZFM-04083_2022-07-19_HPC.pickle
3,0.07553451344275297,0.03528071932741408,ZFM-04083,2022-07-19,HPC,ZFM-04083_2022-07-19_HPC.pickle
4,-0.08509464169597829,0.01766936274631987,ZFM-04083,2022-07-19,HPC,ZFM-04083_2022-07-19_HPC.pickle
5,-0.05169041081999023,0.15000935727341025,ZFM-04083,2022-07-19,HPC,ZFM-04083_2022-07-19_HPC.pickle
6,0.038222050029837515,0.2872822673194903,ZFM-04083,2022-07-19,HPC,ZFM-04083_2022-07-19_HPC.pickle
0,-0.20037374406128408,1.764865753746505e-08,ZFM-04083,2022-07-19,Thal.,ZFM-04083_2022-07-19_Thal..pickle
1,-0.1159050462582934,0.0012099115377348147,ZFM-04083,2022-07-19,Thal.,ZFM-04083_2022-07-19_Thal..pickle
2,0.03027501479284565,0.3993727016298069,ZFM-04083,2022-07-19,Thal.,ZFM-04083_2022-07-19_Thal..pickle
3,-0.05865607381424599,0.10230165627575732,ZFM-04083,2022-07-19,Thal.,ZFM-04083_2022-07-19_Thal..pickle
4,0.3290520937957152,4.465131080681731e-21,ZFM-04083,2022-07-19,Thal.,ZFM-04083_2022-07-19_Thal..pickle
5,-0.08382388744267612,0.019443366411887607,ZFM-04083,2022-07-19,Thal.,ZFM-04083_2022-07-19_Thal..pickle
6,0.021623621092748242,0.5472724241517443,ZFM-04083,2022-07-19,Thal.,ZFM-04083_2022-07-19_Thal..pickle
0,0.024391594218723008,0.49719156490657407,ZFM-04083,2022-07-19,VIS,ZFM-04083_2022-07-19_VIS.pickle
1,-0.17856972390566767,5.446189529233063e-07,ZFM-04083,2022-07-19,VIS,ZFM-04083_2022-07-19_VIS.pickle
2,-0.05383857364799899,0.13376817440677213,ZFM-04083,2022-07-19,VIS,ZFM-04083_2022-07-19_VIS.pickle
3,-0.16107504959954938,6.416212696408188e-06,ZFM-04083,2022-07-19,VIS,ZFM-04083_2022-07-19_VIS.pickle
4,0.29119573084313066,1.1898977617681358e-16,ZFM-04083,2022-07-19,VIS,ZFM-04083_2022-07-19_VIS.pickle
5,-0.09314379358623498,0.00938158509178628,ZFM-04083,2022-07-19,VIS,ZFM-04083_2022-07-19_VIS.pickle
6,-0.1580681471424199,9.560991295477236e-06,ZFM-04083,2022-07-19,VIS,ZFM-04083_2022-07-19_VIS.pickle
0,0.005699388984768653,0.8571474270187328,ZFM-04083,2022-07-20,HPC,ZFM-04083_2022-07-20_HPC.pickle
1,-0.018464449601703462,0.5597475029016339,ZFM-04083,2022-07-20,HPC,ZFM-04083_2022-07-20_HPC.pickle
2,-0.06115178748570707,0.0532140135578843,ZFM-04083,2022-07-20,HPC,ZFM-04083_2022-07-20_HPC.pickle
3,0.052109114409320985,0.09958006943662816,ZFM-04083,2022-07-20,HPC,ZFM-04083_2022-07-20_HPC.pickle
4,-0.03618107610302825,0.2530014950816525,ZFM-04083,2022-07-20,HPC,ZFM-04083_2022-07-20_HPC.pickle
5,-0.005944916717148647,0.8510637713985777,ZFM-04083,2022-07-20,HPC,ZFM-04083_2022-07-20_HPC.pickle
6,-0.0028212712784909124,0.9289984447309988,ZFM-04083,2022-07-20,HPC,ZFM-04083_2022-07-20_HPC.pickle
0,0.02012494744385615,0.5249881907915082,ZFM-04083,2022-07-20,M2,ZFM-04083_2022-07-20_M2.pickle
1,-0.02673248043861737,0.3984186263566378,ZFM-04083,2022-07-20,M2,ZFM-04083_2022-07-20_M2.pickle
2,0.004499275174516749,0.8869991690117563,ZFM-04083,2022-07-20,M2,ZFM-04083_2022-07-20_M2.pickle
3,0.02318009919884264,0.46404609125357577,ZFM-04083,2022-07-20,M2,ZFM-04083_2022-07-20_M2.pickle
4,0.000991159767967021,0.9750270764880019,ZFM-04083,2022-07-20,M2,ZFM-04083_2022-07-20_M2.pickle
5,-0.029117979781322176,0.3576591185341842,ZFM-04083,2022-07-20,M2,ZFM-04083_2022-07-20_M2.pickle
6,-0.012065072027552253,0.7031529707155344,ZFM-04083,2022-07-20,M2,ZFM-04083_2022-07-20_M2.pickle
0,0.3133478323586659,5.395904637789384e-24,ZFM-04083,2022-07-21,AI,ZFM-04083_2022-07-21_AI.pickle
1,0.2143968670431443,9.313242405426829e-12,ZFM-04083,2022-07-21,AI,ZFM-04083_2022-07-21_AI.pickle
2,-0.021246301318124206,0.5043059058224901,ZFM-04083,2022-07-21,AI,ZFM-04083_2022-07-21_AI.pickle
3,-0.2853016924943741,5.36388687223655e-20,ZFM-04083,2022-07-21,AI,ZFM-04083_2022-07-21_AI.pickle
4,-0.2738342265192661,1.7344569176903478e-18,ZFM-04083,2022-07-21,AI,ZFM-04083_2022-07-21_AI.pickle
5,-0.19669260462971325,4.318906549345728e-10,ZFM-04083,2022-07-21,AI,ZFM-04083_2022-07-21_AI.pickle
6,0.19582934365070737,5.161834618804614e-10,ZFM-04083,2022-07-21,AI,ZFM-04083_2022-07-21_AI.pickle
0,-0.2970952775920033,1.265017389588609e-21,ZFM-04083,2022-07-21,M2,ZFM-04083_2022-07-21_M2.pickle
1,-0.3022071083945084,2.359111601402627e-22,ZFM-04083,2022-07-21,M2,ZFM-04083_2022-07-21_M2.pickle
2,0.22812077126989136,3.7420179171937755e-13,ZFM-04083,2022-07-21,M2,ZFM-04083_2022-07-21_M2.pickle
3,-0.14351735213038735,5.802771279837843e-06,ZFM-04083,2022-07-21,M2,ZFM-04083_2022-07-21_M2.pickle
4,-0.12401222604821054,9.148391881346962e-05,ZFM-04083,2022-07-21,M2,ZFM-04083_2022-07-21_M2.pickle
5,-0.24610331181349485,4.0042848244290544e-15,ZFM-04083,2022-07-21,M2,ZFM-04083_2022-07-21_M2.pickle
6,0.30902754647238306,2.3806584297244444e-23,ZFM-04083,2022-07-21,M2,ZFM-04083_2022-07-21_M2.pickle
0,0.11005622444831067,0.0005223874707462263,ZFM-04083,2022-07-21,PAG,ZFM-04083_2022-07-21_PAG.pickle
1,-0.06634141577732006,0.03688394813583002,ZFM-04083,2022-07-21,PAG,ZFM-04083_2022-07-21_PAG.pickle
2,0.06293274675895465,0.04774922139450368,ZFM-04083,2022-07-21,PAG,ZFM-04083_2022-07-21_PAG.pickle
3,0.0489241319700456,0.12396590562653816,ZFM-04083,2022-07-21,PAG,ZFM-04083_2022-07-21_PAG.pickle
4,-0.02410322011102672,0.44872518341592765,ZFM-04083,2022-07-21,PAG,ZFM-04083_2022-07-21_PAG.pickle
5,-0.10982891050025283,0.0005365808081314414,ZFM-04083,2022-07-21,PAG,ZFM-04083_2022-07-21_PAG.pickle
6,-0.015292926265478424,0.6308001820172758,ZFM-04083,2022-07-21,PAG,ZFM-04083_2022-07-21_PAG.pickle
0,0.17831339259762174,1.6162745933563704e-08,ZFM-04083,2022-07-21,Pir.,ZFM-04083_2022-07-21_Pir..pickle
1,-0.020154695003679033,0.5264621181804191,ZFM-04083,2022-07-21,Pir.,ZFM-04083_2022-07-21_Pir..pickle
2,-0.2177927812691254,4.2878686707229734e-12,ZFM-04083,2022-07-21,Pir.,ZFM-04083_2022-07-21_Pir..pickle
3,-0.18264950906129168,7.104676794379833e-09,ZFM-04083,2022-07-21,Pir.,ZFM-04083_2022-07-21_Pir..pickle
4,-0.012538096970214376,0.6935669375317647,ZFM-04083,2022-07-21,Pir.,ZFM-04083_2022-07-21_Pir..pickle
5,0.11092185049947846,0.0004714753539978235,ZFM-04083,2022-07-21,Pir.,ZFM-04083_2022-07-21_Pir..pickle
6,0.028877218340894826,0.3640674734292784,ZFM-04083,2022-07-21,Pir.,ZFM-04083_2022-07-21_Pir..pickle
0,-0.04518539219252155,0.1554171792789986,ZFM-04083,2022-07-21,RSP,ZFM-04083_2022-07-21_RSP.pickle
1,-0.012130935701248562,0.7030379362542784,ZFM-04083,2022-07-21,RSP,ZFM-04083_2022-07-21_RSP.pickle
2,-0.06678264703276905,0.03564464839920118,ZFM-04083,2022-07-21,RSP,ZFM-04083_2022-07-21_RSP.pickle
3,0.12060488912691132,0.00014246868542904502,ZFM-04083,2022-07-21,RSP,ZFM-04083_2022-07-21_RSP.pickle
4,-0.10706875191625527,0.0007400705855602725,ZFM-04083,2022-07-21,RSP,ZFM-04083_2022-07-21_RSP.pickle
5,-0.06494473919400566,0.041051050458856556,ZFM-04083,2022-07-21,RSP,ZFM-04083_2022-07-21_RSP.pickle
6,0.12417986034673627,8.948537733891994e-05,ZFM-04083,2022-07-21,RSP,ZFM-04083_2022-07-21_RSP.pickle
0,0.25989106333326834,9.557661744221092e-17,ZFM-04083,2022-07-21,SC,ZFM-04083_2022-07-21_SC.pickle
1,-0.12283640214713228,0.0001067312565688786,ZFM-04083,2022-07-21,SC,ZFM-04083_2022-07-21_SC.pickle
2,0.28431275268922956,7.285760188970155e-20,ZFM-04083,2022-07-21,SC,ZFM-04083_2022-07-21_SC.pickle
3,0.042944981135254155,0.17696848520133415,ZFM-04083,2022-07-21,SC,ZFM-04083_2022-07-21_SC.pickle
4,-0.054089268767633154,0.08894781218614298,ZFM-04083,2022-07-21,SC,ZFM-04083_2022-07-21_SC.pickle
5,-0.22759081447912635,4.253344847343669e-13,ZFM-04083,2022-07-21,SC,ZFM-04083_2022-07-21_SC.pickle
6,-0.09356593016793231,0.0032115307796564234,ZFM-04083,2022-07-21,SC,ZFM-04083_2022-07-21_SC.pickle
0,-0.12058185554152052,0.0001322027351241259,ZFM-04122,2022-05-10,Amyg.,ZFM-04122_2022-05-10_Amyg..pickle
1,0.10064975406364113,0.001437867271403774,ZFM-04122,2022-05-10,Amyg.,ZFM-04122_2022-05-10_Amyg..pickle
2,0.023420367895543266,0.4594260750499744,ZFM-04122,2022-05-10,Amyg.,ZFM-04122_2022-05-10_Amyg..pickle
3,-0.11675278874448279,0.00021552269757433039,ZFM-04122,2022-05-10,Amyg.,ZFM-04122_2022-05-10_Amyg..pickle
4,-0.007037907149449279,0.8240939272391729,ZFM-04122,2022-05-10,Amyg.,ZFM-04122_2022-05-10_Amyg..pickle
5,-0.0462820885738927,0.1435983895125925,ZFM-04122,2022-05-10,Amyg.,ZFM-04122_2022-05-10_Amyg..pickle
6,0.07695691030686559,0.014926478662044615,ZFM-04122,2022-05-10,Amyg.,ZFM-04122_2022-05-10_Amyg..pickle
0,0.08181315739563397,0.009646121557249287,ZFM-04122,2022-05-10,HPC,ZFM-04122_2022-05-10_HPC.pickle
1,0.05746367461992844,0.0693106874185711,ZFM-04122,2022-05-10,HPC,ZFM-04122_2022-05-10_HPC.pickle
2,-0.024173221346001143,0.4451176462317148,ZFM-04122,2022-05-10,HPC,ZFM-04122_2022-05-10_HPC.pickle
3,-0.09576273501438806,0.0024336987526057054,ZFM-04122,2022-05-10,HPC,ZFM-04122_2022-05-10_HPC.pickle
4,-0.08420992330214454,0.00771361972559468,ZFM-04122,2022-05-10,HPC,ZFM-04122_2022-05-10_HPC.pickle
5,0.005439943971424773,0.8635851364220056,ZFM-04122,2022-05-10,HPC,ZFM-04122_2022-05-10_HPC.pickle
6,0.07586561460102054,0.016415704140891288,ZFM-04122,2022-05-10,HPC,ZFM-04122_2022-05-10_HPC.pickle
0,0.07056865852510265,0.028539481435109787,ZFM-04122,2022-05-12,PAG,ZFM-04122_2022-05-12_PAG.pickle
1,0.07016713845690885,0.029458225697124626,ZFM-04122,2022-05-12,PAG,ZFM-04122_2022-05-12_PAG.pickle
2,-0.05787741686242454,0.07261574828328342,ZFM-04122,2022-05-12,PAG,ZFM-04122_2022-05-12_PAG.pickle
3,-0.07064825161509376,0.028360315605921543,ZFM-04122,2022-05-12,PAG,ZFM-04122_2022-05-12_PAG.pickle
4,0.06939596065078511,0.031294200617322764,ZFM-04122,2022-05-12,PAG,ZFM-04122_2022-05-12_PAG.pickle
5,0.07056277378772233,0.02855276667032605,ZFM-04122,2022-05-12,PAG,ZFM-04122_2022-05-12_PAG.pickle
6,-0.05945539263203327,0.06514388469992165,ZFM-04122,2022-05-12,PAG,ZFM-04122_2022-05-12_PAG.pickle
0,-0.29197076459959803,2.222937380038326e-20,ZFM-04122,2022-05-12,SC,ZFM-04122_2022-05-12_SC.pickle
1,-0.08141545225278872,0.011490424296474035,ZFM-04122,2022-05-12,SC,ZFM-04122_2022-05-12_SC.pickle
2,0.1830033334772144,1.0652450710579574e-08,ZFM-04122,2022-05-12,SC,ZFM-04122_2022-05-12_SC.pickle
3,0.12093117456197729,0.00016875920205007637,ZFM-04122,2022-05-12,SC,ZFM-04122_2022-05-12_SC.pickle
4,0.1020989088742633,0.0015111346867772357,ZFM-04122,2022-05-12,SC,ZFM-04122_2022-05-12_SC.pickle
5,0.2389186893441745,5.75110047371426e-14,ZFM-04122,2022-05-12,SC,ZFM-04122_2022-05-12_SC.pickle
6,-0.05687968238567876,0.07769159099159588,ZFM-04122,2022-05-12,SC,ZFM-04122_2022-05-12_SC.pickle
0,0.03633495637415799,0.2509874778617696,ZFM-04122,2022-05-13,Pir.,ZFM-04122_2022-05-13_Pir..pickle
1,-0.08899248027453333,0.004858649278634986,ZFM-04122,2022-05-13,Pir.,ZFM-04122_2022-05-13_Pir..pickle
2,0.06035738453232546,0.056388552443843463,ZFM-04122,2022-05-13,Pir.,ZFM-04122_2022-05-13_Pir..pickle
3,-0.015273045777655895,0.6295216910438808,ZFM-04122,2022-05-13,Pir.,ZFM-04122_2022-05-13_Pir..pickle
4,0.0720457952192238,0.022702763103845666,ZFM-04122,2022-05-13,Pir.,ZFM-04122_2022-05-13_Pir..pickle
5,-0.07683446295789349,0.01508743470978325,ZFM-04122,2022-05-13,Pir.,ZFM-04122_2022-05-13_Pir..pickle
6,0.04773921403607934,0.1313962914473756,ZFM-04122,2022-05-13,Pir.,ZFM-04122_2022-05-13_Pir..pickle
0,0.1397299642517673,9.21164937844706e-06,ZFM-04122,2022-05-13,Str.,ZFM-04122_2022-05-13_Str..pickle
1,-0.07131601332511492,0.024116902266405345,ZFM-04122,2022-05-13,Str.,ZFM-04122_2022-05-13_Str..pickle
2,0.02987851915192242,0.34523571035448025,ZFM-04122,2022-05-13,Str.,ZFM-04122_2022-05-13_Str..pickle
3,-0.03541262899588307,0.26322719637600994,ZFM-04122,2022-05-13,Str.,ZFM-04122_2022-05-13_Str..pickle
4,0.025463849603158867,0.42118856115472936,ZFM-04122,2022-05-13,Str.,ZFM-04122_2022-05-13_Str..pickle
5,-0.014761834658005586,0.6410353074503902,ZFM-04122,2022-05-13,Str.,ZFM-04122_2022-05-13_Str..pickle
6,-0.08529377473367723,0.006959588334377034,ZFM-04122,2022-05-13,Str.,ZFM-04122_2022-05-13_Str..pickle
0,0.002101135619564711,0.9470906476523998,ZFM-04811,2022-11-07,Str.,ZFM-04811_2022-11-07_Str..pickle
1,0.026498367667423414,0.40256395932488076,ZFM-04811,2022-11-07,Str.,ZFM-04811_2022-11-07_Str..pickle
2,0.08881098820308221,0.004946572835985903,ZFM-04811,2022-11-07,Str.,ZFM-04811_2022-11-07_Str..pickle
3,-0.01034290453099553,0.743916719652655,ZFM-04811,2022-11-07,Str.,ZFM-04811_2022-11-07_Str..pickle
4,-0.084456867749589,0.007535666239139418,ZFM-04811,2022-11-07,Str.,ZFM-04811_2022-11-07_Str..pickle
5,-0.16264805657501036,2.3231860576908e-07,ZFM-04811,2022-11-07,Str.,ZFM-04811_2022-11-07_Str..pickle
6,0.12447585593692644,7.923316652121308e-05,ZFM-04811,2022-11-07,Str.,ZFM-04811_2022-11-07_Str..pickle
0,0.08610122143110635,0.008540652292628646,ZFM-04811,2022-11-08,HPC,ZFM-04811_2022-11-08_HPC.pickle
1,-0.1568975737652497,1.4846776801619915e-06,ZFM-04811,2022-11-08,HPC,ZFM-04811_2022-11-08_HPC.pickle
2,0.1393667170500732,1.9562626030725987e-05,ZFM-04811,2022-11-08,HPC,ZFM-04811_2022-11-08_HPC.pickle
3,-0.0018802615364105896,0.954286378424888,ZFM-04811,2022-11-08,HPC,ZFM-04811_2022-11-08_HPC.pickle
4,0.0645395693776845,0.04887079589431387,ZFM-04811,2022-11-08,HPC,ZFM-04811_2022-11-08_HPC.pickle
5,0.008553255844329593,0.7942668669026784,ZFM-04811,2022-11-08,HPC,ZFM-04811_2022-11-08_HPC.pickle
6,0.0865405509034172,0.008208205426441859,ZFM-04811,2022-11-08,HPC,ZFM-04811_2022-11-08_HPC.pickle
0,0.0975624510756535,0.0028677391818657774,ZFM-04811,2022-11-08,RSP,ZFM-04811_2022-11-08_RSP.pickle
1,0.05033797293677335,0.12462108676296545,ZFM-04811,2022-11-08,RSP,ZFM-04811_2022-11-08_RSP.pickle
2,-0.010045543157407522,0.7593965814486296,ZFM-04811,2022-11-08,RSP,ZFM-04811_2022-11-08_RSP.pickle
3,-0.08979070600750279,0.006087049646421598,ZFM-04811,2022-11-08,RSP,ZFM-04811_2022-11-08_RSP.pickle
4,-0.062428317407000035,0.05675997502094075,ZFM-04811,2022-11-08,RSP,ZFM-04811_2022-11-08_RSP.pickle
5,-0.050749421686502996,0.1215666692493654,ZFM-04811,2022-11-08,RSP,ZFM-04811_2022-11-08_RSP.pickle
6,-0.041856606554015456,0.20171829379141856,ZFM-04811,2022-11-08,RSP,ZFM-04811_2022-11-08_RSP.pickle
0,0.06472411070662343,0.04822718504260029,ZFM-04811,2022-11-08,SC,ZFM-04811_2022-11-08_SC.pickle
1,0.0462441788988802,0.15835268637165412,ZFM-04811,2022-11-08,SC,ZFM-04811_2022-11-08_SC.pickle
2,-0.07139686705010424,0.029293913666226516,ZFM-04811,2022-11-08,SC,ZFM-04811_2022-11-08_SC.pickle
3,0.05134832845376354,0.11722549029987854,ZFM-04811,2022-11-08,SC,ZFM-04811_2022-11-08_SC.pickle
4,-0.057701156695417734,0.07829886929898447,ZFM-04811,2022-11-08,SC,ZFM-04811_2022-11-08_SC.pickle
5,-0.007564223728723292,0.8176107138256656,ZFM-04811,2022-11-08,SC,ZFM-04811_2022-11-08_SC.pickle
6,-0.041652131552592564,0.2039317767898403,ZFM-04811,2022-11-08,SC,ZFM-04811_2022-11-08_SC.pickle
0,0.020667213086457345,0.5285878175705732,ZFM-04811,2022-11-08,VIS,ZFM-04811_2022-11-08_VIS.pickle
1,-0.010948893913786657,0.7385179189961107,ZFM-04811,2022-11-08,VIS,ZFM-04811_2022-11-08_VIS.pickle
2,-0.033783313456593,0.30288338489318756,ZFM-04811,2022-11-08,VIS,ZFM-04811_2022-11-08_VIS.pickle
3,0.11197303532433257,0.0006157604677699611,ZFM-04811,2022-11-08,VIS,ZFM-04811_2022-11-08_VIS.pickle
4,-0.042292166666913454,0.19706167957410994,ZFM-04811,2022-11-08,VIS,ZFM-04811_2022-11-08_VIS.pickle
5,0.002994558540044314,0.927256267173925,ZFM-04811,2022-11-08,VIS,ZFM-04811_2022-11-08_VIS.pickle
6,-0.024414671237844725,0.45659928809027855,ZFM-04811,2022-11-08,VIS,ZFM-04811_2022-11-08_VIS.pickle
0,0.02538647736656206,0.4268184018068856,ZFM-04811,2022-11-09,M2,ZFM-04811_2022-11-09_M2.pickle
1,-0.03659587440192734,0.25190951428117575,ZFM-04811,2022-11-09,M2,ZFM-04811_2022-11-09_M2.pickle
2,0.030277109925436564,0.3432317939043419,ZFM-04811,2022-11-09,M2,ZFM-04811_2022-11-09_M2.pickle
3,-0.01923828274149196,0.5470705525555977,ZFM-04811,2022-11-09,M2,ZFM-04811_2022-11-09_M2.pickle
4,-0.05466251321905746,0.08688727361845733,ZFM-04811,2022-11-09,M2,ZFM-04811_2022-11-09_M2.pickle
5,0.018971288895578153,0.5526477377934259,ZFM-04811,2022-11-09,M2,ZFM-04811_2022-11-09_M2.pickle
6,0.0430755537931371,0.1774139945004182,ZFM-04811,2022-11-09,M2,ZFM-04811_2022-11-09_M2.pickle
0,0.03000223055109671,0.3476330818919616,ZFM-04811,2022-11-09,OFC,ZFM-04811_2022-11-09_OFC.pickle
1,0.026195707518521502,0.41222357566295476,ZFM-04811,2022-11-09,OFC,ZFM-04811_2022-11-09_OFC.pickle
2,0.046747704739835014,0.14323173968543818,ZFM-04811,2022-11-09,OFC,ZFM-04811_2022-11-09_OFC.pickle
3,-0.007985346428355113,0.8026483607058588,ZFM-04811,2022-11-09,OFC,ZFM-04811_2022-11-09_OFC.pickle
4,0.025016472126098914,0.43359056138550495,ZFM-04811,2022-11-09,OFC,ZFM-04811_2022-11-09_OFC.pickle
5,-0.06445865282533339,0.043439356628740156,ZFM-04811,2022-11-09,OFC,ZFM-04811_2022-11-09_OFC.pickle
6,-0.018255702645257495,0.5677314197299913,ZFM-04811,2022-11-09,OFC,ZFM-04811_2022-11-09_OFC.pickle
0,0.005881385225403002,0.8539576702672027,ZFM-04811,2022-11-09,Pir.,ZFM-04811_2022-11-09_Pir..pickle
1,0.01137263908598239,0.721885036565033,ZFM-04811,2022-11-09,Pir.,ZFM-04811_2022-11-09_Pir..pickle
2,0.004566322989353776,0.8863590464000044,ZFM-04811,2022-11-09,Pir.,ZFM-04811_2022-11-09_Pir..pickle
3,-0.03314885266980625,0.2993893774891656,ZFM-04811,2022-11-09,Pir.,ZFM-04811_2022-11-09_Pir..pickle
4,0.005332908636759975,0.8674447587174801,ZFM-04811,2022-11-09,Pir.,ZFM-04811_2022-11-09_Pir..pickle
5,0.005178552219646665,0.8712475306039065,ZFM-04811,2022-11-09,Pir.,ZFM-04811_2022-11-09_Pir..pickle
6,0.0027799569123380585,0.9306680248871567,ZFM-04811,2022-11-09,Pir.,ZFM-04811_2022-11-09_Pir..pickle
0,-0.041784000608030274,0.19077705035843698,ZFM-04811,2022-11-09,RSP,ZFM-04811_2022-11-09_RSP.pickle
1,-0.049520393152277194,0.12095211418838385,ZFM-04811,2022-11-09,RSP,ZFM-04811_2022-11-09_RSP.pickle
2,0.02419956542368567,0.44875999473571154,ZFM-04811,2022-11-09,RSP,ZFM-04811_2022-11-09_RSP.pickle
3,0.0023244816472282707,0.9420055983446832,ZFM-04811,2022-11-09,RSP,ZFM-04811_2022-11-09_RSP.pickle
4,0.039296399886996104,0.21857230154067694,ZFM-04811,2022-11-09,RSP,ZFM-04811_2022-11-09_RSP.pickle
5,-0.013967508988888044,0.6619938740001939,ZFM-04811,2022-11-09,RSP,ZFM-04811_2022-11-09_RSP.pickle
6,-0.0077111038904873015,0.8092933551453678,ZFM-04811,2022-11-09,RSP,ZFM-04811_2022-11-09_RSP.pickle
0,0.1146159235044475,0.00028132522934173416,ZFM-05170,2022-12-06,M2,ZFM-05170_2022-12-06_M2.pickle
1,0.004926983055649269,0.8763396847762001,ZFM-05170,2022-12-06,M2,ZFM-05170_2022-12-06_M2.pickle
2,0.059059364476316455,0.06191346324858984,ZFM-05170,2022-12-06,M2,ZFM-05170_2022-12-06_M2.pickle
3,-0.032858700749737464,0.2992402317784319,ZFM-05170,2022-12-06,M2,ZFM-05170_2022-12-06_M2.pickle
4,-0.11834639162094046,0.00017616600901027268,ZFM-05170,2022-12-06,M2,ZFM-05170_2022-12-06_M2.pickle
5,-0.022091996188835165,0.4852887328043698,ZFM-05170,2022-12-06,M2,ZFM-05170_2022-12-06_M2.pickle
6,-0.02183246528625111,0.4904320115885617,ZFM-05170,2022-12-06,M2,ZFM-05170_2022-12-06_M2.pickle
0,-0.025088978840938757,0.42806008755190605,ZFM-05170,2022-12-06,mPFC,ZFM-05170_2022-12-06_mPFC.pickle
1,0.09765060459590232,0.0019913982548470286,ZFM-05170,2022-12-06,mPFC,ZFM-05170_2022-12-06_mPFC.pickle
2,0.07251852707616276,0.021825615221139995,ZFM-05170,2022-12-06,mPFC,ZFM-05170_2022-12-06_mPFC.pickle
3,-0.02733433798501847,0.3878802642299396,ZFM-05170,2022-12-06,mPFC,ZFM-05170_2022-12-06_mPFC.pickle
4,-0.021866488811338743,0.48975608453120706,ZFM-05170,2022-12-06,mPFC,ZFM-05170_2022-12-06_mPFC.pickle
5,-0.11856712904225011,0.0001712798492394862,ZFM-05170,2022-12-06,mPFC,ZFM-05170_2022-12-06_mPFC.pickle
6,0.08240573326547444,0.009131962717398032,ZFM-05170,2022-12-06,mPFC,ZFM-05170_2022-12-06_mPFC.pickle
0,-0.008294354693267385,0.7933468997640369,ZFM-05170,2022-12-06,OLF,ZFM-05170_2022-12-06_OLF.pickle
1,0.052305420662509636,0.0983093835042928,ZFM-05170,2022-12-06,OLF,ZFM-05170_2022-12-06_OLF.pickle
2,0.026337126876468383,0.40543393568770497,ZFM-05170,2022-12-06,OLF,ZFM-05170_2022-12-06_OLF.pickle
3,-0.0023155717244698684,0.9417000257661666,ZFM-05170,2022-12-06,OLF,ZFM-05170_2022-12-06_OLF.pickle
4,-0.04950593490563053,0.11769633055833686,ZFM-05170,2022-12-06,OLF,ZFM-05170_2022-12-06_OLF.pickle
5,0.047292752796133576,0.13504656624699635,ZFM-05170,2022-12-06,OLF,ZFM-05170_2022-12-06_OLF.pickle
6,-0.021025272229714075,0.5066139440230679,ZFM-05170,2022-12-06,OLF,ZFM-05170_2022-12-06_OLF.pickle
0,0.06530957593426112,0.04553370592226759,ZFM-05170,2022-12-07,HPC,ZFM-05170_2022-12-07_HPC.pickle
1,-0.020412314299571858,0.5323682008623566,ZFM-05170,2022-12-07,HPC,ZFM-05170_2022-12-07_HPC.pickle
2,0.05924275071705913,0.06974107490820736,ZFM-05170,2022-12-07,HPC,ZFM-05170_2022-12-07_HPC.pickle
3,0.07928122905246875,0.01515242829729582,ZFM-05170,2022-12-07,HPC,ZFM-05170_2022-12-07_HPC.pickle
4,0.015554551810163478,0.6342314940703428,ZFM-05170,2022-12-07,HPC,ZFM-05170_2022-12-07_HPC.pickle
5,-0.13717784737169722,2.4905053798929924e-05,ZFM-05170,2022-12-07,HPC,ZFM-05170_2022-12-07_HPC.pickle
6,-0.01205199275401302,0.7123998072308886,ZFM-05170,2022-12-07,HPC,ZFM-05170_2022-12-07_HPC.pickle
0,-0.012257896070031662,0.7077099676248977,ZFM-05170,2022-12-07,M2,ZFM-05170_2022-12-07_M2.pickle
1,0.025165072384728,0.44140698671041695,ZFM-05170,2022-12-07,M2,ZFM-05170_2022-12-07_M2.pickle
2,0.004419694745897115,0.8924686045476418,ZFM-05170,2022-12-07,M2,ZFM-05170_2022-12-07_M2.pickle
3,0.036081622683301326,0.2696148019864674,ZFM-05170,2022-12-07,M2,ZFM-05170_2022-12-07_M2.pickle
4,0.0644157277512254,0.04857940860787988,ZFM-05170,2022-12-07,M2,ZFM-05170_2022-12-07_M2.pickle
5,0.00920008225610617,0.7784042466594625,ZFM-05170,2022-12-07,M2,ZFM-05170_2022-12-07_M2.pickle
6,-0.1202865734245985,0.000222066225823706,ZFM-05170,2022-12-07,M2,ZFM-05170_2022-12-07_M2.pickle
0,0.032959177622760745,0.3132808967674266,ZFM-05170,2022-12-07,OFC,ZFM-05170_2022-12-07_OFC.pickle
1,-0.039306156361397886,0.22909987406800075,ZFM-05170,2022-12-07,OFC,ZFM-05170_2022-12-07_OFC.pickle
2,0.04935860691144825,0.1308902630112565,ZFM-05170,2022-12-07,OFC,ZFM-05170_2022-12-07_OFC.pickle
3,0.0781693972634271,0.016640782128029295,ZFM-05170,2022-12-07,OFC,ZFM-05170_2022-12-07_OFC.pickle
4,-0.063186310346597,0.05304597456583664,ZFM-05170,2022-12-07,OFC,ZFM-05170_2022-12-07_OFC.pickle
5,0.02089731234403337,0.5226707922869387,ZFM-05170,2022-12-07,OFC,ZFM-05170_2022-12-07_OFC.pickle
6,-0.024012934112554046,0.4626049228510748,ZFM-05170,2022-12-07,OFC,ZFM-05170_2022-12-07_OFC.pickle
0,-0.0015966891035138092,0.9610497702777705,ZFM-05170,2022-12-07,Pir.,ZFM-05170_2022-12-07_Pir..pickle
1,-0.03524133980590686,0.2809335064255443,ZFM-05170,2022-12-07,Pir.,ZFM-05170_2022-12-07_Pir..pickle
2,-0.03328224414716089,0.3085586683035471,ZFM-05170,2022-12-07,Pir.,ZFM-05170_2022-12-07_Pir..pickle
3,0.01918262482052182,0.5573563543008507,ZFM-05170,2022-12-07,Pir.,ZFM-05170_2022-12-07_Pir..pickle
4,-0.01664124292557171,0.6107358111967629,ZFM-05170,2022-12-07,Pir.,ZFM-05170_2022-12-07_Pir..pickle
5,-0.04958015663151144,0.12916842694020902,ZFM-05170,2022-12-07,Pir.,ZFM-05170_2022-12-07_Pir..pickle
6,0.04009005458391399,0.21994084497321228,ZFM-05170,2022-12-07,Pir.,ZFM-05170_2022-12-07_Pir..pickle
0,-0.0240173114738958,0.46252332633169424,ZFM-05170,2022-12-07,Thal.,ZFM-05170_2022-12-07_Thal..pickle
1,0.02058515233714613,0.5289019466789017,ZFM-05170,2022-12-07,Thal.,ZFM-05170_2022-12-07_Thal..pickle
2,-0.013693069411941422,0.675336631321569,ZFM-05170,2022-12-07,Thal.,ZFM-05170_2022-12-07_Thal..pickle
3,-0.037741335527104194,0.24818630566531186,ZFM-05170,2022-12-07,Thal.,ZFM-05170_2022-12-07_Thal..pickle
4,0.08429104288463822,0.009802517300782755,ZFM-05170,2022-12-07,Thal.,ZFM-05170_2022-12-07_Thal..pickle
5,-0.03241110721155496,0.3214000535183027,ZFM-05170,2022-12-07,Thal.,ZFM-05170_2022-12-07_Thal..pickle
6,-0.007663535036287543,0.8146745239743052,ZFM-05170,2022-12-07,Thal.,ZFM-05170_2022-12-07_Thal..pickle
0,-0.17034895909430914,3.435420048580996e-07,ZFM-05170,2022-12-08,PAG,ZFM-05170_2022-12-08_PAG.pickle
1,-0.01142175493262004,0.7343716570616675,ZFM-05170,2022-12-08,PAG,ZFM-05170_2022-12-08_PAG.pickle
2,0.06465091245507756,0.05453155177864952,ZFM-05170,2022-12-08,PAG,ZFM-05170_2022-12-08_PAG.pickle
3,-0.035455568584675114,0.29206313755992136,ZFM-05170,2022-12-08,PAG,ZFM-05170_2022-12-08_PAG.pickle
4,0.2090314856647405,3.4038352503978326e-10,ZFM-05170,2022-12-08,PAG,ZFM-05170_2022-12-08_PAG.pickle
5,-0.06497917953043911,0.05331351910812947,ZFM-05170,2022-12-08,PAG,ZFM-05170_2022-12-08_PAG.pickle
6,-0.014246011560043638,0.6721301063289248,ZFM-05170,2022-12-08,PAG,ZFM-05170_2022-12-08_PAG.pickle
