,time,r_mean,r_max,region1,region2,opto,region_pair,subject,date
0,-0.95,0.014632163353224469,0.1986754966887417,Frontal cortex,Amygdala,1,Amygdala-Frontal cortex,ZFM-02600,2021-08-25
1,-0.85,0.014627303741389172,0.1978021978021978,Frontal cortex,Amygdala,1,Amygdala-Frontal cortex,ZFM-02600,2021-08-25
2,-0.75,0.016172872712302718,0.18238993710691823,Frontal cortex,Amygdala,1,Amygdala-Frontal cortex,ZFM-02600,2021-08-25
3,-0.65,0.014984451287920045,0.18571428571428572,Frontal cortex,Amygdala,1,Amygdala-Frontal cortex,ZFM-02600,2021-08-25
4,-0.55,0.0158910097114954,0.17543859649122806,Frontal cortex,Amygdala,1,Amygdala-Frontal cortex,ZFM-02600,2021-08-25
5,-0.45000000000000007,0.015273621911743768,0.1497584541062802,Frontal cortex,Amygdala,1,Amygdala-Frontal cortex,ZFM-02600,2021-08-25
6,-0.3500000000000001,0.014644093122195525,0.16444444444444445,Frontal cortex,Amygdala,1,Amygdala-Frontal cortex,ZFM-02600,2021-08-25
7,-0.2500000000000001,0.015376986847575084,0.1511111111111111,Frontal cortex,Amygdala,1,Amygdala-Frontal cortex,ZFM-02600,2021-08-25
8,-0.15000000000000013,0.015193192196352318,0.20434782608695654,Frontal cortex,Amygdala,1,Amygdala-Frontal cortex,ZFM-02600,2021-08-25
9,-0.050000000000000155,0.015813859313443788,0.16,Frontal cortex,Amygdala,1,Amygdala-Frontal cortex,ZFM-02600,2021-08-25
10,0.04999999999999982,0.01797853125501656,0.2692307692307692,Frontal cortex,Amygdala,1,Amygdala-Frontal cortex,ZFM-02600,2021-08-25
11,0.1499999999999997,0.014288464829879397,0.43416370106761565,Frontal cortex,Amygdala,1,Amygdala-Frontal cortex,ZFM-02600,2021-08-25
12,0.24999999999999978,0.0111245625109878,0.4254545454545455,Frontal cortex,Amygdala,1,Amygdala-Frontal cortex,ZFM-02600,2021-08-25
13,0.34999999999999987,0.013419076168378157,0.4063745019920319,Frontal cortex,Amygdala,1,Amygdala-Frontal cortex,ZFM-02600,2021-08-25
14,0.44999999999999973,0.016358646369566316,0.36324786324786323,Frontal cortex,Amygdala,1,Amygdala-Frontal cortex,ZFM-02600,2021-08-25
15,0.5499999999999996,0.00919167468389503,0.2409090909090909,Frontal cortex,Amygdala,1,Amygdala-Frontal cortex,ZFM-02600,2021-08-25
16,0.6499999999999997,0.015098625963662337,0.18556701030927836,Frontal cortex,Amygdala,1,Amygdala-Frontal cortex,ZFM-02600,2021-08-25
17,0.7499999999999998,0.016428077006043134,0.20320855614973263,Frontal cortex,Amygdala,1,Amygdala-Frontal cortex,ZFM-02600,2021-08-25
18,0.8499999999999996,0.012766021132520448,0.16336633663366337,Frontal cortex,Amygdala,1,Amygdala-Frontal cortex,ZFM-02600,2021-08-25
19,0.9499999999999995,0.014648154125122688,0.14622641509433962,Frontal cortex,Amygdala,1,Amygdala-Frontal cortex,ZFM-02600,2021-08-25
20,1.0499999999999996,0.014201070071461406,0.15311004784688995,Frontal cortex,Amygdala,1,Amygdala-Frontal cortex,ZFM-02600,2021-08-25
21,1.1499999999999997,0.012036463347897307,0.10628019323671498,Frontal cortex,Amygdala,1,Amygdala-Frontal cortex,ZFM-02600,2021-08-25
22,1.2499999999999993,0.013968565379957573,0.1323529411764706,Frontal cortex,Amygdala,1,Amygdala-Frontal cortex,ZFM-02600,2021-08-25
23,1.3499999999999994,0.01488692494215959,0.1256544502617801,Frontal cortex,Amygdala,1,Amygdala-Frontal cortex,ZFM-02600,2021-08-25
24,1.4499999999999995,0.01590417105307515,0.10837438423645321,Frontal cortex,Amygdala,1,Amygdala-Frontal cortex,ZFM-02600,2021-08-25
25,1.5499999999999996,0.016036777381159845,0.13157894736842105,Frontal cortex,Amygdala,1,Amygdala-Frontal cortex,ZFM-02600,2021-08-25
26,1.6499999999999997,0.01783734586182459,0.16666666666666666,Frontal cortex,Amygdala,1,Amygdala-Frontal cortex,ZFM-02600,2021-08-25
27,1.7499999999999993,0.018101105299209108,0.17708333333333334,Frontal cortex,Amygdala,1,Amygdala-Frontal cortex,ZFM-02600,2021-08-25
28,1.8499999999999994,0.017337467106444314,0.14516129032258066,Frontal cortex,Amygdala,1,Amygdala-Frontal cortex,ZFM-02600,2021-08-25
29,1.9499999999999995,0.01805553691571131,0.16666666666666666,Frontal cortex,Amygdala,1,Amygdala-Frontal cortex,ZFM-02600,2021-08-25
30,2.049999999999999,0.01697708235853756,0.20238095238095238,Frontal cortex,Amygdala,1,Amygdala-Frontal cortex,ZFM-02600,2021-08-25
31,2.1499999999999995,0.016453598646182187,0.20652173913043478,Frontal cortex,Amygdala,1,Amygdala-Frontal cortex,ZFM-02600,2021-08-25
32,2.249999999999999,0.01718205857568971,0.1568627450980392,Frontal cortex,Amygdala,1,Amygdala-Frontal cortex,ZFM-02600,2021-08-25
33,2.3499999999999996,0.01625635113975566,0.17857142857142858,Frontal cortex,Amygdala,1,Amygdala-Frontal cortex,ZFM-02600,2021-08-25
34,2.4499999999999993,0.01889995433816488,0.1986754966887417,Frontal cortex,Amygdala,1,Amygdala-Frontal cortex,ZFM-02600,2021-08-25
35,2.549999999999999,0.015673577564925576,0.168,Frontal cortex,Amygdala,1,Amygdala-Frontal cortex,ZFM-02600,2021-08-25
36,2.6499999999999995,0.017141948724102973,0.1744186046511628,Frontal cortex,Amygdala,1,Amygdala-Frontal cortex,ZFM-02600,2021-08-25
37,2.749999999999999,0.016726778433899112,0.21379310344827587,Frontal cortex,Amygdala,1,Amygdala-Frontal cortex,ZFM-02600,2021-08-25
38,2.8499999999999988,0.017861509521276322,0.2112676056338028,Frontal cortex,Amygdala,1,Amygdala-Frontal cortex,ZFM-02600,2021-08-25
39,2.9499999999999993,0.014913782414407434,0.1724137931034483,Frontal cortex,Amygdala,1,Amygdala-Frontal cortex,ZFM-02600,2021-08-25
0,-0.95,0.034473603385492546,0.43902439024390244,Frontal cortex,Amygdala,0,Amygdala-Frontal cortex,ZFM-02600,2021-08-25
1,-0.85,0.0334377772569165,0.46511627906976744,Frontal cortex,Amygdala,0,Amygdala-Frontal cortex,ZFM-02600,2021-08-25
2,-0.75,0.03310643518436615,0.48905109489051096,Frontal cortex,Amygdala,0,Amygdala-Frontal cortex,ZFM-02600,2021-08-25
3,-0.65,0.03393416546856782,0.5072463768115942,Frontal cortex,Amygdala,0,Amygdala-Frontal cortex,ZFM-02600,2021-08-25
4,-0.55,0.034129213245790116,0.5333333333333333,Frontal cortex,Amygdala,0,Amygdala-Frontal cortex,ZFM-02600,2021-08-25
5,-0.45000000000000007,0.03215385101302348,0.5208333333333334,Frontal cortex,Amygdala,0,Amygdala-Frontal cortex,ZFM-02600,2021-08-25
6,-0.3500000000000001,0.03224976662641607,0.5,Frontal cortex,Amygdala,0,Amygdala-Frontal cortex,ZFM-02600,2021-08-25
7,-0.2500000000000001,0.034011763891195694,0.5294117647058824,Frontal cortex,Amygdala,0,Amygdala-Frontal cortex,ZFM-02600,2021-08-25
8,-0.15000000000000013,0.033230850088452786,0.4785714285714286,Frontal cortex,Amygdala,0,Amygdala-Frontal cortex,ZFM-02600,2021-08-25
9,-0.050000000000000155,0.03521102892597396,0.47058823529411764,Frontal cortex,Amygdala,0,Amygdala-Frontal cortex,ZFM-02600,2021-08-25
10,0.04999999999999982,0.03674683099701861,0.47107438016528924,Frontal cortex,Amygdala,0,Amygdala-Frontal cortex,ZFM-02600,2021-08-25
11,0.1499999999999997,0.028508066130530436,0.41875,Frontal cortex,Amygdala,0,Amygdala-Frontal cortex,ZFM-02600,2021-08-25
12,0.24999999999999978,0.022613866264887518,0.4759036144578313,Frontal cortex,Amygdala,0,Amygdala-Frontal cortex,ZFM-02600,2021-08-25
13,0.34999999999999987,0.023939442617271493,0.47023809523809523,Frontal cortex,Amygdala,0,Amygdala-Frontal cortex,ZFM-02600,2021-08-25
14,0.44999999999999973,0.0257310118406707,0.4556213017751479,Frontal cortex,Amygdala,0,Amygdala-Frontal cortex,ZFM-02600,2021-08-25
15,0.5499999999999996,0.024864429840959136,0.43452380952380953,Frontal cortex,Amygdala,0,Amygdala-Frontal cortex,ZFM-02600,2021-08-25
16,0.6499999999999997,0.02821711297710493,0.38095238095238093,Frontal cortex,Amygdala,0,Amygdala-Frontal cortex,ZFM-02600,2021-08-25
17,0.7499999999999998,0.028285026629902336,0.448,Frontal cortex,Amygdala,0,Amygdala-Frontal cortex,ZFM-02600,2021-08-25
18,0.8499999999999996,0.02974874670491253,0.4765625,Frontal cortex,Amygdala,0,Amygdala-Frontal cortex,ZFM-02600,2021-08-25
19,0.9499999999999995,0.02975389109878802,0.5555555555555556,Frontal cortex,Amygdala,0,Amygdala-Frontal cortex,ZFM-02600,2021-08-25
20,1.0499999999999996,0.02925966231300316,0.5611510791366906,Frontal cortex,Amygdala,0,Amygdala-Frontal cortex,ZFM-02600,2021-08-25
21,1.1499999999999997,0.02684694661501845,0.5555555555555556,Frontal cortex,Amygdala,0,Amygdala-Frontal cortex,ZFM-02600,2021-08-25
22,1.2499999999999993,0.025583360216814593,0.5416666666666666,Frontal cortex,Amygdala,0,Amygdala-Frontal cortex,ZFM-02600,2021-08-25
23,1.3499999999999994,0.026785266131230293,0.5486111111111112,Frontal cortex,Amygdala,0,Amygdala-Frontal cortex,ZFM-02600,2021-08-25
24,1.4499999999999995,0.027799512487235608,0.5103448275862069,Frontal cortex,Amygdala,0,Amygdala-Frontal cortex,ZFM-02600,2021-08-25
25,1.5499999999999996,0.03042360605353845,0.46308724832214765,Frontal cortex,Amygdala,0,Amygdala-Frontal cortex,ZFM-02600,2021-08-25
26,1.6499999999999997,0.03245290546529867,0.4375,Frontal cortex,Amygdala,0,Amygdala-Frontal cortex,ZFM-02600,2021-08-25
27,1.7499999999999993,0.0346611347687869,0.3959731543624161,Frontal cortex,Amygdala,0,Amygdala-Frontal cortex,ZFM-02600,2021-08-25
28,1.8499999999999994,0.031146928079623926,0.4154929577464789,Frontal cortex,Amygdala,0,Amygdala-Frontal cortex,ZFM-02600,2021-08-25
29,1.9499999999999995,0.03334828336229499,0.38405797101449274,Frontal cortex,Amygdala,0,Amygdala-Frontal cortex,ZFM-02600,2021-08-25
30,2.049999999999999,0.033823495773384116,0.40540540540540543,Frontal cortex,Amygdala,0,Amygdala-Frontal cortex,ZFM-02600,2021-08-25
31,2.1499999999999995,0.034414915181579596,0.4406779661016949,Frontal cortex,Amygdala,0,Amygdala-Frontal cortex,ZFM-02600,2021-08-25
32,2.249999999999999,0.0356404824293385,0.4369747899159664,Frontal cortex,Amygdala,0,Amygdala-Frontal cortex,ZFM-02600,2021-08-25
33,2.3499999999999996,0.03697744025502999,0.4406779661016949,Frontal cortex,Amygdala,0,Amygdala-Frontal cortex,ZFM-02600,2021-08-25
34,2.4499999999999993,0.035899776879735716,0.4435483870967742,Frontal cortex,Amygdala,0,Amygdala-Frontal cortex,ZFM-02600,2021-08-25
35,2.549999999999999,0.033705176308137554,0.4094488188976378,Frontal cortex,Amygdala,0,Amygdala-Frontal cortex,ZFM-02600,2021-08-25
36,2.6499999999999995,0.03374049236523789,0.4365079365079365,Frontal cortex,Amygdala,0,Amygdala-Frontal cortex,ZFM-02600,2021-08-25
37,2.749999999999999,0.03720107803462091,0.4166666666666667,Frontal cortex,Amygdala,0,Amygdala-Frontal cortex,ZFM-02600,2021-08-25
38,2.8499999999999988,0.0320312286684946,0.45864661654135336,Frontal cortex,Amygdala,0,Amygdala-Frontal cortex,ZFM-02600,2021-08-25
39,2.9499999999999993,0.03338788770153287,0.45588235294117646,Frontal cortex,Amygdala,0,Amygdala-Frontal cortex,ZFM-02600,2021-08-25
0,-0.95,0.02136978458883758,0.27848101265822783,Frontal cortex,Thalamus,1,Frontal cortex-Thalamus,ZFM-02600,2021-08-25
1,-0.85,0.02301649877149054,0.27710843373493976,Frontal cortex,Thalamus,1,Frontal cortex-Thalamus,ZFM-02600,2021-08-25
2,-0.75,0.023593590623053568,0.3058823529411765,Frontal cortex,Thalamus,1,Frontal cortex-Thalamus,ZFM-02600,2021-08-25
3,-0.65,0.024792534593851882,0.3107344632768362,Frontal cortex,Thalamus,1,Frontal cortex-Thalamus,ZFM-02600,2021-08-25
4,-0.55,0.02414447791135253,0.288135593220339,Frontal cortex,Thalamus,1,Frontal cortex-Thalamus,ZFM-02600,2021-08-25
5,-0.45000000000000007,0.023676426533050007,0.2905027932960894,Frontal cortex,Thalamus,1,Frontal cortex-Thalamus,ZFM-02600,2021-08-25
6,-0.3500000000000001,0.024440167100511744,0.33146067415730335,Frontal cortex,Thalamus,1,Frontal cortex-Thalamus,ZFM-02600,2021-08-25
7,-0.2500000000000001,0.024834381911337994,0.327683615819209,Frontal cortex,Thalamus,1,Frontal cortex-Thalamus,ZFM-02600,2021-08-25
8,-0.15000000000000013,0.02450725077491369,0.31843575418994413,Frontal cortex,Thalamus,1,Frontal cortex-Thalamus,ZFM-02600,2021-08-25
9,-0.050000000000000155,0.026683300748627733,0.32941176470588235,Frontal cortex,Thalamus,1,Frontal cortex-Thalamus,ZFM-02600,2021-08-25
10,0.04999999999999982,0.027712750579882754,0.3233082706766917,Frontal cortex,Thalamus,1,Frontal cortex-Thalamus,ZFM-02600,2021-08-25
11,0.1499999999999997,0.022440559714483343,0.18565400843881857,Frontal cortex,Thalamus,1,Frontal cortex-Thalamus,ZFM-02600,2021-08-25
12,0.24999999999999978,0.022788820648003392,0.22119815668202766,Frontal cortex,Thalamus,1,Frontal cortex-Thalamus,ZFM-02600,2021-08-25
13,0.34999999999999987,0.02146806959693202,0.23404255319148937,Frontal cortex,Thalamus,1,Frontal cortex-Thalamus,ZFM-02600,2021-08-25
14,0.44999999999999973,0.019949590107281395,0.22981366459627328,Frontal cortex,Thalamus,1,Frontal cortex-Thalamus,ZFM-02600,2021-08-25
15,0.5499999999999996,0.020095941389775752,0.18045112781954886,Frontal cortex,Thalamus,1,Frontal cortex-Thalamus,ZFM-02600,2021-08-25
16,0.6499999999999997,0.024933144510761188,0.20454545454545456,Frontal cortex,Thalamus,1,Frontal cortex-Thalamus,ZFM-02600,2021-08-25
17,0.7499999999999998,0.027544075430398232,0.2777777777777778,Frontal cortex,Thalamus,1,Frontal cortex-Thalamus,ZFM-02600,2021-08-25
18,0.8499999999999996,0.027904229938361252,0.3089430894308943,Frontal cortex,Thalamus,1,Frontal cortex-Thalamus,ZFM-02600,2021-08-25
19,0.9499999999999995,0.02810037840924067,0.291044776119403,Frontal cortex,Thalamus,1,Frontal cortex-Thalamus,ZFM-02600,2021-08-25
20,1.0499999999999996,0.02617543852178799,0.272108843537415,Frontal cortex,Thalamus,1,Frontal cortex-Thalamus,ZFM-02600,2021-08-25
21,1.1499999999999997,0.025576302375776624,0.25170068027210885,Frontal cortex,Thalamus,1,Frontal cortex-Thalamus,ZFM-02600,2021-08-25
22,1.2499999999999993,0.02511386880514144,0.2689655172413793,Frontal cortex,Thalamus,1,Frontal cortex-Thalamus,ZFM-02600,2021-08-25
23,1.3499999999999994,0.025203266213653236,0.24822695035460993,Frontal cortex,Thalamus,1,Frontal cortex-Thalamus,ZFM-02600,2021-08-25
24,1.4499999999999995,0.025129135738708674,0.25547445255474455,Frontal cortex,Thalamus,1,Frontal cortex-Thalamus,ZFM-02600,2021-08-25
25,1.5499999999999996,0.024587296892056406,0.24427480916030533,Frontal cortex,Thalamus,1,Frontal cortex-Thalamus,ZFM-02600,2021-08-25
26,1.6499999999999997,0.02612453242215533,0.23140495867768596,Frontal cortex,Thalamus,1,Frontal cortex-Thalamus,ZFM-02600,2021-08-25
27,1.7499999999999993,0.027393113722338616,0.23076923076923078,Frontal cortex,Thalamus,1,Frontal cortex-Thalamus,ZFM-02600,2021-08-25
28,1.8499999999999994,0.027624811795438034,0.21153846153846154,Frontal cortex,Thalamus,1,Frontal cortex-Thalamus,ZFM-02600,2021-08-25
29,1.9499999999999995,0.02717073317905707,0.22,Frontal cortex,Thalamus,1,Frontal cortex-Thalamus,ZFM-02600,2021-08-25
30,2.049999999999999,0.027335817417075563,0.2268041237113402,Frontal cortex,Thalamus,1,Frontal cortex-Thalamus,ZFM-02600,2021-08-25
31,2.1499999999999995,0.025969153573702733,0.25688073394495414,Frontal cortex,Thalamus,1,Frontal cortex-Thalamus,ZFM-02600,2021-08-25
32,2.249999999999999,0.0267000844749239,0.24369747899159663,Frontal cortex,Thalamus,1,Frontal cortex-Thalamus,ZFM-02600,2021-08-25
33,2.3499999999999996,0.025826427471717265,0.288,Frontal cortex,Thalamus,1,Frontal cortex-Thalamus,ZFM-02600,2021-08-25
34,2.4499999999999993,0.02623610644291664,0.2814814814814815,Frontal cortex,Thalamus,1,Frontal cortex-Thalamus,ZFM-02600,2021-08-25
35,2.549999999999999,0.02481338404493247,0.2753623188405797,Frontal cortex,Thalamus,1,Frontal cortex-Thalamus,ZFM-02600,2021-08-25
36,2.6499999999999995,0.02380166683393094,0.2602739726027397,Frontal cortex,Thalamus,1,Frontal cortex-Thalamus,ZFM-02600,2021-08-25
37,2.749999999999999,0.023848452709076217,0.2781456953642384,Frontal cortex,Thalamus,1,Frontal cortex-Thalamus,ZFM-02600,2021-08-25
38,2.8499999999999988,0.024042364605119545,0.2894736842105263,Frontal cortex,Thalamus,1,Frontal cortex-Thalamus,ZFM-02600,2021-08-25
39,2.9499999999999993,0.026103012388208405,0.3161290322580645,Frontal cortex,Thalamus,1,Frontal cortex-Thalamus,ZFM-02600,2021-08-25
0,-0.95,0.014683054101528087,0.2768361581920904,Frontal cortex,Thalamus,0,Frontal cortex-Thalamus,ZFM-02600,2021-08-25
1,-0.85,0.015813063105469986,0.3021978021978022,Frontal cortex,Thalamus,0,Frontal cortex-Thalamus,ZFM-02600,2021-08-25
2,-0.75,0.01586751695221045,0.31868131868131866,Frontal cortex,Thalamus,0,Frontal cortex-Thalamus,ZFM-02600,2021-08-25
3,-0.65,0.01725110673738666,0.3901098901098901,Frontal cortex,Thalamus,0,Frontal cortex-Thalamus,ZFM-02600,2021-08-25
4,-0.55,0.01740239627898046,0.3850267379679144,Frontal cortex,Thalamus,0,Frontal cortex-Thalamus,ZFM-02600,2021-08-25
5,-0.45000000000000007,0.017197432865042266,0.40331491712707185,Frontal cortex,Thalamus,0,Frontal cortex-Thalamus,ZFM-02600,2021-08-25
6,-0.3500000000000001,0.018215575004817686,0.3791208791208791,Frontal cortex,Thalamus,0,Frontal cortex-Thalamus,ZFM-02600,2021-08-25
7,-0.2500000000000001,0.016584327580118966,0.32989690721649484,Frontal cortex,Thalamus,0,Frontal cortex-Thalamus,ZFM-02600,2021-08-25
8,-0.15000000000000013,0.01649223649931724,0.33513513513513515,Frontal cortex,Thalamus,0,Frontal cortex-Thalamus,ZFM-02600,2021-08-25
9,-0.050000000000000155,0.017877283508311866,0.3163841807909605,Frontal cortex,Thalamus,0,Frontal cortex-Thalamus,ZFM-02600,2021-08-25
10,0.04999999999999982,0.01993508544306169,0.29605263157894735,Frontal cortex,Thalamus,0,Frontal cortex-Thalamus,ZFM-02600,2021-08-25
11,0.1499999999999997,0.01656862877944816,0.5256410256410257,Frontal cortex,Thalamus,0,Frontal cortex-Thalamus,ZFM-02600,2021-08-25
12,0.24999999999999978,0.015342197971585848,0.51875,Frontal cortex,Thalamus,0,Frontal cortex-Thalamus,ZFM-02600,2021-08-25
13,0.34999999999999987,0.018333834639880572,0.477124183006536,Frontal cortex,Thalamus,0,Frontal cortex-Thalamus,ZFM-02600,2021-08-25
14,0.44999999999999973,0.01622788543831013,0.3402777777777778,Frontal cortex,Thalamus,0,Frontal cortex-Thalamus,ZFM-02600,2021-08-25
15,0.5499999999999996,0.013301737690474474,0.22727272727272727,Frontal cortex,Thalamus,0,Frontal cortex-Thalamus,ZFM-02600,2021-08-25
16,0.6499999999999997,0.014786715751148115,0.2682926829268293,Frontal cortex,Thalamus,0,Frontal cortex-Thalamus,ZFM-02600,2021-08-25
17,0.7499999999999998,0.01556393272504585,0.2987012987012987,Frontal cortex,Thalamus,0,Frontal cortex-Thalamus,ZFM-02600,2021-08-25
18,0.8499999999999996,0.015270874644850035,0.3374233128834356,Frontal cortex,Thalamus,0,Frontal cortex-Thalamus,ZFM-02600,2021-08-25
19,0.9499999999999995,0.015983800341097146,0.3563218390804598,Frontal cortex,Thalamus,0,Frontal cortex-Thalamus,ZFM-02600,2021-08-25
20,1.0499999999999996,0.014234640906718833,0.37362637362637363,Frontal cortex,Thalamus,0,Frontal cortex-Thalamus,ZFM-02600,2021-08-25
21,1.1499999999999997,0.015602995144724081,0.3707865168539326,Frontal cortex,Thalamus,0,Frontal cortex-Thalamus,ZFM-02600,2021-08-25
22,1.2499999999999993,0.01397489556980572,0.3742690058479532,Frontal cortex,Thalamus,0,Frontal cortex-Thalamus,ZFM-02600,2021-08-25
23,1.3499999999999994,0.014142395665734298,0.37888198757763975,Frontal cortex,Thalamus,0,Frontal cortex-Thalamus,ZFM-02600,2021-08-25
24,1.4499999999999995,0.014306236758192575,0.4068965517241379,Frontal cortex,Thalamus,0,Frontal cortex-Thalamus,ZFM-02600,2021-08-25
25,1.5499999999999996,0.01812823481981544,0.392,Frontal cortex,Thalamus,0,Frontal cortex-Thalamus,ZFM-02600,2021-08-25
26,1.6499999999999997,0.0170832067506306,0.3559322033898305,Frontal cortex,Thalamus,0,Frontal cortex-Thalamus,ZFM-02600,2021-08-25
27,1.7499999999999993,0.0174621867195704,0.32456140350877194,Frontal cortex,Thalamus,0,Frontal cortex-Thalamus,ZFM-02600,2021-08-25
28,1.8499999999999994,0.01737778202291827,0.29523809523809524,Frontal cortex,Thalamus,0,Frontal cortex-Thalamus,ZFM-02600,2021-08-25
29,1.9499999999999995,0.016180199032822754,0.2403846153846154,Frontal cortex,Thalamus,0,Frontal cortex-Thalamus,ZFM-02600,2021-08-25
30,2.049999999999999,0.017230213949561517,0.2,Frontal cortex,Thalamus,0,Frontal cortex-Thalamus,ZFM-02600,2021-08-25
31,2.1499999999999995,0.01573061285385059,0.16216216216216217,Frontal cortex,Thalamus,0,Frontal cortex-Thalamus,ZFM-02600,2021-08-25
32,2.249999999999999,0.016634509644765018,0.17197452229299362,Frontal cortex,Thalamus,0,Frontal cortex-Thalamus,ZFM-02600,2021-08-25
33,2.3499999999999996,0.013748282615280672,0.20625,Frontal cortex,Thalamus,0,Frontal cortex-Thalamus,ZFM-02600,2021-08-25
34,2.4499999999999993,0.016177116676443472,0.1901840490797546,Frontal cortex,Thalamus,0,Frontal cortex-Thalamus,ZFM-02600,2021-08-25
35,2.549999999999999,0.016580321527149357,0.22289156626506024,Frontal cortex,Thalamus,0,Frontal cortex-Thalamus,ZFM-02600,2021-08-25
36,2.6499999999999995,0.016363584073718657,0.23595505617977527,Frontal cortex,Thalamus,0,Frontal cortex-Thalamus,ZFM-02600,2021-08-25
37,2.749999999999999,0.01583147724831622,0.2388888888888889,Frontal cortex,Thalamus,0,Frontal cortex-Thalamus,ZFM-02600,2021-08-25
38,2.8499999999999988,0.013546553094714578,0.25842696629213485,Frontal cortex,Thalamus,0,Frontal cortex-Thalamus,ZFM-02600,2021-08-25
39,2.9499999999999993,0.0165300782032025,0.2611111111111111,Frontal cortex,Thalamus,0,Frontal cortex-Thalamus,ZFM-02600,2021-08-25
0,-0.95,0.03862289565520076,0.21176470588235294,Amygdala,Thalamus,1,Amygdala-Thalamus,ZFM-02600,2021-08-25
1,-0.85,0.03890849254330729,0.23076923076923078,Amygdala,Thalamus,1,Amygdala-Thalamus,ZFM-02600,2021-08-25
2,-0.75,0.03702474668229365,0.26666666666666666,Amygdala,Thalamus,1,Amygdala-Thalamus,ZFM-02600,2021-08-25
3,-0.65,0.03759414305811555,0.2692307692307692,Amygdala,Thalamus,1,Amygdala-Thalamus,ZFM-02600,2021-08-25
4,-0.55,0.03821526921515422,0.26,Amygdala,Thalamus,1,Amygdala-Thalamus,ZFM-02600,2021-08-25
5,-0.45000000000000007,0.03919950589604762,0.22,Amygdala,Thalamus,1,Amygdala-Thalamus,ZFM-02600,2021-08-25
6,-0.3500000000000001,0.03832267335729457,0.3125,Amygdala,Thalamus,1,Amygdala-Thalamus,ZFM-02600,2021-08-25
7,-0.2500000000000001,0.03450334888939348,0.20408163265306123,Amygdala,Thalamus,1,Amygdala-Thalamus,ZFM-02600,2021-08-25
8,-0.15000000000000013,0.03595816254986372,0.1568627450980392,Amygdala,Thalamus,1,Amygdala-Thalamus,ZFM-02600,2021-08-25
9,-0.050000000000000155,0.03447809124838444,0.19736842105263158,Amygdala,Thalamus,1,Amygdala-Thalamus,ZFM-02600,2021-08-25
10,0.04999999999999982,0.035219051940488466,0.20270270270270271,Amygdala,Thalamus,1,Amygdala-Thalamus,ZFM-02600,2021-08-25
11,0.1499999999999997,0.019035444759758092,0.15306122448979592,Amygdala,Thalamus,1,Amygdala-Thalamus,ZFM-02600,2021-08-25
12,0.24999999999999978,0.018263693911329953,0.18041237113402062,Amygdala,Thalamus,1,Amygdala-Thalamus,ZFM-02600,2021-08-25
13,0.34999999999999987,0.02096745992028968,0.2,Amygdala,Thalamus,1,Amygdala-Thalamus,ZFM-02600,2021-08-25
14,0.44999999999999973,0.02284963703832172,0.2275132275132275,Amygdala,Thalamus,1,Amygdala-Thalamus,ZFM-02600,2021-08-25
15,0.5499999999999996,0.022187555158872885,0.21666666666666667,Amygdala,Thalamus,1,Amygdala-Thalamus,ZFM-02600,2021-08-25
16,0.6499999999999997,0.024260726907787092,0.20786516853932585,Amygdala,Thalamus,1,Amygdala-Thalamus,ZFM-02600,2021-08-25
17,0.7499999999999998,0.026411917864383655,0.2611464968152866,Amygdala,Thalamus,1,Amygdala-Thalamus,ZFM-02600,2021-08-25
18,0.8499999999999996,0.028483046973704282,0.23026315789473684,Amygdala,Thalamus,1,Amygdala-Thalamus,ZFM-02600,2021-08-25
19,0.9499999999999995,0.03344122726104409,0.27702702702702703,Amygdala,Thalamus,1,Amygdala-Thalamus,ZFM-02600,2021-08-25
20,1.0499999999999996,0.030389894077954692,0.2635135135135135,Amygdala,Thalamus,1,Amygdala-Thalamus,ZFM-02600,2021-08-25
21,1.1499999999999997,0.03267767423272574,0.2553191489361702,Amygdala,Thalamus,1,Amygdala-Thalamus,ZFM-02600,2021-08-25
22,1.2499999999999993,0.029995366638321107,0.24489795918367346,Amygdala,Thalamus,1,Amygdala-Thalamus,ZFM-02600,2021-08-25
23,1.3499999999999994,0.03515514969820859,0.2608695652173913,Amygdala,Thalamus,1,Amygdala-Thalamus,ZFM-02600,2021-08-25
24,1.4499999999999995,0.03460687299213439,0.2777777777777778,Amygdala,Thalamus,1,Amygdala-Thalamus,ZFM-02600,2021-08-25
25,1.5499999999999996,0.03529627041922478,0.22794117647058823,Amygdala,Thalamus,1,Amygdala-Thalamus,ZFM-02600,2021-08-25
26,1.6499999999999997,0.03782991589128693,0.23308270676691728,Amygdala,Thalamus,1,Amygdala-Thalamus,ZFM-02600,2021-08-25
27,1.7499999999999993,0.03733285052071376,0.20253164556962025,Amygdala,Thalamus,1,Amygdala-Thalamus,ZFM-02600,2021-08-25
28,1.8499999999999994,0.03957016658213934,0.22033898305084745,Amygdala,Thalamus,1,Amygdala-Thalamus,ZFM-02600,2021-08-25
29,1.9499999999999995,0.03938572588829732,0.2077922077922078,Amygdala,Thalamus,1,Amygdala-Thalamus,ZFM-02600,2021-08-25
30,2.049999999999999,0.03780145580658557,0.21176470588235294,Amygdala,Thalamus,1,Amygdala-Thalamus,ZFM-02600,2021-08-25
31,2.1499999999999995,0.03805261878539398,0.2894736842105263,Amygdala,Thalamus,1,Amygdala-Thalamus,ZFM-02600,2021-08-25
32,2.249999999999999,0.04029932352405447,0.23931623931623933,Amygdala,Thalamus,1,Amygdala-Thalamus,ZFM-02600,2021-08-25
33,2.3499999999999996,0.040815059816488496,0.3026315789473684,Amygdala,Thalamus,1,Amygdala-Thalamus,ZFM-02600,2021-08-25
34,2.4499999999999993,0.04280026401064487,0.325,Amygdala,Thalamus,1,Amygdala-Thalamus,ZFM-02600,2021-08-25
35,2.549999999999999,0.0390870116331978,0.25333333333333335,Amygdala,Thalamus,1,Amygdala-Thalamus,ZFM-02600,2021-08-25
36,2.6499999999999995,0.04102490153888067,0.2553191489361702,Amygdala,Thalamus,1,Amygdala-Thalamus,ZFM-02600,2021-08-25
37,2.749999999999999,0.03948449186554628,0.3125,Amygdala,Thalamus,1,Amygdala-Thalamus,ZFM-02600,2021-08-25
38,2.8499999999999988,0.04159715757866869,0.3076923076923077,Amygdala,Thalamus,1,Amygdala-Thalamus,ZFM-02600,2021-08-25
39,2.9499999999999993,0.03683719560859628,0.225,Amygdala,Thalamus,1,Amygdala-Thalamus,ZFM-02600,2021-08-25
0,-0.95,0.013955863115040776,0.41346153846153844,Amygdala,Thalamus,0,Amygdala-Thalamus,ZFM-02600,2021-08-25
1,-0.85,0.015728494861147923,0.3333333333333333,Amygdala,Thalamus,0,Amygdala-Thalamus,ZFM-02600,2021-08-25
2,-0.75,0.01577321495416601,0.3592233009708738,Amygdala,Thalamus,0,Amygdala-Thalamus,ZFM-02600,2021-08-25
3,-0.65,0.015261616161005565,0.40384615384615385,Amygdala,Thalamus,0,Amygdala-Thalamus,ZFM-02600,2021-08-25
4,-0.55,0.01758060216775813,0.38,Amygdala,Thalamus,0,Amygdala-Thalamus,ZFM-02600,2021-08-25
5,-0.45000000000000007,0.013758753911621012,0.3564356435643564,Amygdala,Thalamus,0,Amygdala-Thalamus,ZFM-02600,2021-08-25
6,-0.3500000000000001,0.016349541725144277,0.3592233009708738,Amygdala,Thalamus,0,Amygdala-Thalamus,ZFM-02600,2021-08-25
7,-0.2500000000000001,0.011977784274546684,0.32038834951456313,Amygdala,Thalamus,0,Amygdala-Thalamus,ZFM-02600,2021-08-25
8,-0.15000000000000013,0.015250840177087902,0.29292929292929293,Amygdala,Thalamus,0,Amygdala-Thalamus,ZFM-02600,2021-08-25
9,-0.050000000000000155,0.012588298077370746,0.26,Amygdala,Thalamus,0,Amygdala-Thalamus,ZFM-02600,2021-08-25
10,0.04999999999999982,0.00978712322534872,0.2621359223300971,Amygdala,Thalamus,0,Amygdala-Thalamus,ZFM-02600,2021-08-25
11,0.1499999999999997,0.006179944505274638,0.15384615384615385,Amygdala,Thalamus,0,Amygdala-Thalamus,ZFM-02600,2021-08-25
12,0.24999999999999978,0.006219590261470664,0.10576923076923077,Amygdala,Thalamus,0,Amygdala-Thalamus,ZFM-02600,2021-08-25
13,0.34999999999999987,0.009545114614405223,0.2033898305084746,Amygdala,Thalamus,0,Amygdala-Thalamus,ZFM-02600,2021-08-25
14,0.44999999999999973,0.011104441776710685,0.25,Amygdala,Thalamus,0,Amygdala-Thalamus,ZFM-02600,2021-08-25
15,0.5499999999999996,0.00847514490846121,0.22807017543859648,Amygdala,Thalamus,0,Amygdala-Thalamus,ZFM-02600,2021-08-25
16,0.6499999999999997,0.007888039791907518,0.20192307692307693,Amygdala,Thalamus,0,Amygdala-Thalamus,ZFM-02600,2021-08-25
17,0.7499999999999998,0.009548989275945526,0.21100917431192662,Amygdala,Thalamus,0,Amygdala-Thalamus,ZFM-02600,2021-08-25
18,0.8499999999999996,0.009630775387077907,0.14285714285714285,Amygdala,Thalamus,0,Amygdala-Thalamus,ZFM-02600,2021-08-25
19,0.9499999999999995,0.007873508564112355,0.12871287128712872,Amygdala,Thalamus,0,Amygdala-Thalamus,ZFM-02600,2021-08-25
20,1.0499999999999996,0.006245491342005195,0.10891089108910891,Amygdala,Thalamus,0,Amygdala-Thalamus,ZFM-02600,2021-08-25
21,1.1499999999999997,0.008601271154333616,0.19230769230769232,Amygdala,Thalamus,0,Amygdala-Thalamus,ZFM-02600,2021-08-25
22,1.2499999999999993,0.008166631013845007,0.1262135922330097,Amygdala,Thalamus,0,Amygdala-Thalamus,ZFM-02600,2021-08-25
23,1.3499999999999994,0.010818099890806312,0.21568627450980393,Amygdala,Thalamus,0,Amygdala-Thalamus,ZFM-02600,2021-08-25
24,1.4499999999999995,0.010860010954254257,0.1588785046728972,Amygdala,Thalamus,0,Amygdala-Thalamus,ZFM-02600,2021-08-25
25,1.5499999999999996,0.012255130150819573,0.25,Amygdala,Thalamus,0,Amygdala-Thalamus,ZFM-02600,2021-08-25
26,1.6499999999999997,0.014384215224551357,0.2549019607843137,Amygdala,Thalamus,0,Amygdala-Thalamus,ZFM-02600,2021-08-25
27,1.7499999999999993,0.012496749873124819,0.2912621359223301,Amygdala,Thalamus,0,Amygdala-Thalamus,ZFM-02600,2021-08-25
28,1.8499999999999994,0.013686669880010525,0.3137254901960784,Amygdala,Thalamus,0,Amygdala-Thalamus,ZFM-02600,2021-08-25
29,1.9499999999999995,0.01718047548731856,0.38235294117647056,Amygdala,Thalamus,0,Amygdala-Thalamus,ZFM-02600,2021-08-25
30,2.049999999999999,0.01593197332740675,0.3269230769230769,Amygdala,Thalamus,0,Amygdala-Thalamus,ZFM-02600,2021-08-25
31,2.1499999999999995,0.01360113975660194,0.40384615384615385,Amygdala,Thalamus,0,Amygdala-Thalamus,ZFM-02600,2021-08-25
32,2.249999999999999,0.0151863369724758,0.26666666666666666,Amygdala,Thalamus,0,Amygdala-Thalamus,ZFM-02600,2021-08-25
33,2.3499999999999996,0.015612203311794613,0.4095238095238095,Amygdala,Thalamus,0,Amygdala-Thalamus,ZFM-02600,2021-08-25
34,2.4499999999999993,0.012909686207224005,0.31683168316831684,Amygdala,Thalamus,0,Amygdala-Thalamus,ZFM-02600,2021-08-25
35,2.549999999999999,0.01680563892223556,0.39215686274509803,Amygdala,Thalamus,0,Amygdala-Thalamus,ZFM-02600,2021-08-25
36,2.6499999999999995,0.013898068353435405,0.42452830188679247,Amygdala,Thalamus,0,Amygdala-Thalamus,ZFM-02600,2021-08-25
37,2.749999999999999,0.018406285100176237,0.43137254901960786,Amygdala,Thalamus,0,Amygdala-Thalamus,ZFM-02600,2021-08-25
38,2.8499999999999988,0.013796984805742289,0.34951456310679613,Amygdala,Thalamus,0,Amygdala-Thalamus,ZFM-02600,2021-08-25
39,2.9499999999999993,0.014139210677950069,0.3238095238095238,Amygdala,Thalamus,0,Amygdala-Thalamus,ZFM-02600,2021-08-25
0,-0.95,0.02823183447640768,0.2955665024630542,Midbrain,Frontal cortex,1,Frontal cortex-Midbrain,ZFM-02600,2021-08-26
1,-0.85,0.02685704914961341,0.3076923076923077,Midbrain,Frontal cortex,1,Frontal cortex-Midbrain,ZFM-02600,2021-08-26
2,-0.75,0.020918718198875502,0.26,Midbrain,Frontal cortex,1,Frontal cortex-Midbrain,ZFM-02600,2021-08-26
3,-0.65,0.021867992481502146,0.2835820895522388,Midbrain,Frontal cortex,1,Frontal cortex-Midbrain,ZFM-02600,2021-08-26
4,-0.55,0.023707252037979847,0.33495145631067963,Midbrain,Frontal cortex,1,Frontal cortex-Midbrain,ZFM-02600,2021-08-26
5,-0.45000000000000007,0.028639744352127346,0.3037383177570093,Midbrain,Frontal cortex,1,Frontal cortex-Midbrain,ZFM-02600,2021-08-26
6,-0.3500000000000001,0.0320289397794412,0.29577464788732394,Midbrain,Frontal cortex,1,Frontal cortex-Midbrain,ZFM-02600,2021-08-26
7,-0.2500000000000001,0.027700644475141596,0.28378378378378377,Midbrain,Frontal cortex,1,Frontal cortex-Midbrain,ZFM-02600,2021-08-26
8,-0.15000000000000013,0.029261893032940467,0.33488372093023255,Midbrain,Frontal cortex,1,Frontal cortex-Midbrain,ZFM-02600,2021-08-26
9,-0.050000000000000155,0.027785400983759385,0.34146341463414637,Midbrain,Frontal cortex,1,Frontal cortex-Midbrain,ZFM-02600,2021-08-26
10,0.04999999999999982,0.031753541834163644,0.4322033898305085,Midbrain,Frontal cortex,1,Frontal cortex-Midbrain,ZFM-02600,2021-08-26
11,0.1499999999999997,0.033793389527755104,0.5040650406504065,Midbrain,Frontal cortex,1,Frontal cortex-Midbrain,ZFM-02600,2021-08-26
12,0.24999999999999978,0.0430047032029857,0.40789473684210525,Midbrain,Frontal cortex,1,Frontal cortex-Midbrain,ZFM-02600,2021-08-26
13,0.34999999999999987,0.04551624584233267,0.5619047619047619,Midbrain,Frontal cortex,1,Frontal cortex-Midbrain,ZFM-02600,2021-08-26
14,0.44999999999999973,0.03622963481571947,0.6709401709401709,Midbrain,Frontal cortex,1,Frontal cortex-Midbrain,ZFM-02600,2021-08-26
15,0.5499999999999996,0.03481450048056801,0.659919028340081,Midbrain,Frontal cortex,1,Frontal cortex-Midbrain,ZFM-02600,2021-08-26
16,0.6499999999999997,0.03661160723382319,0.6163265306122448,Midbrain,Frontal cortex,1,Frontal cortex-Midbrain,ZFM-02600,2021-08-26
17,0.7499999999999998,0.039115445305789656,0.5541125541125541,Midbrain,Frontal cortex,1,Frontal cortex-Midbrain,ZFM-02600,2021-08-26
18,0.8499999999999996,0.03919914060208304,0.45454545454545453,Midbrain,Frontal cortex,1,Frontal cortex-Midbrain,ZFM-02600,2021-08-26
19,0.9499999999999995,0.03122046238277905,0.3188405797101449,Midbrain,Frontal cortex,1,Frontal cortex-Midbrain,ZFM-02600,2021-08-26
20,1.0499999999999996,0.02889419543285642,0.3235294117647059,Midbrain,Frontal cortex,1,Frontal cortex-Midbrain,ZFM-02600,2021-08-26
21,1.1499999999999997,0.03297757755607891,0.2803738317757009,Midbrain,Frontal cortex,1,Frontal cortex-Midbrain,ZFM-02600,2021-08-26
22,1.2499999999999993,0.032684222708320665,0.3188405797101449,Midbrain,Frontal cortex,1,Frontal cortex-Midbrain,ZFM-02600,2021-08-26
23,1.3499999999999994,0.03222209041330184,0.2898550724637681,Midbrain,Frontal cortex,1,Frontal cortex-Midbrain,ZFM-02600,2021-08-26
24,1.4499999999999995,0.030394665847230943,0.26540284360189575,Midbrain,Frontal cortex,1,Frontal cortex-Midbrain,ZFM-02600,2021-08-26
25,1.5499999999999996,0.030875129772137928,0.2535885167464115,Midbrain,Frontal cortex,1,Frontal cortex-Midbrain,ZFM-02600,2021-08-26
26,1.6499999999999997,0.03300407677440291,0.31088082901554404,Midbrain,Frontal cortex,1,Frontal cortex-Midbrain,ZFM-02600,2021-08-26
27,1.7499999999999993,0.030519558705234293,0.28191489361702127,Midbrain,Frontal cortex,1,Frontal cortex-Midbrain,ZFM-02600,2021-08-26
28,1.8499999999999994,0.03483208230387238,0.3089005235602094,Midbrain,Frontal cortex,1,Frontal cortex-Midbrain,ZFM-02600,2021-08-26
29,1.9499999999999995,0.034003266591491076,0.3076923076923077,Midbrain,Frontal cortex,1,Frontal cortex-Midbrain,ZFM-02600,2021-08-26
30,2.049999999999999,0.03176839396243948,0.26785714285714285,Midbrain,Frontal cortex,1,Frontal cortex-Midbrain,ZFM-02600,2021-08-26
31,2.1499999999999995,0.03018376500742919,0.30666666666666664,Midbrain,Frontal cortex,1,Frontal cortex-Midbrain,ZFM-02600,2021-08-26
32,2.249999999999999,0.030145843860650782,0.2875816993464052,Midbrain,Frontal cortex,1,Frontal cortex-Midbrain,ZFM-02600,2021-08-26
33,2.3499999999999996,0.029524094842731004,0.27205882352941174,Midbrain,Frontal cortex,1,Frontal cortex-Midbrain,ZFM-02600,2021-08-26
34,2.4499999999999993,0.03244947016224434,0.2619047619047619,Midbrain,Frontal cortex,1,Frontal cortex-Midbrain,ZFM-02600,2021-08-26
35,2.549999999999999,0.03194711038013029,0.21875,Midbrain,Frontal cortex,1,Frontal cortex-Midbrain,ZFM-02600,2021-08-26
36,2.6499999999999995,0.02888860130531095,0.22448979591836735,Midbrain,Frontal cortex,1,Frontal cortex-Midbrain,ZFM-02600,2021-08-26
37,2.749999999999999,0.029905700490182083,0.25210084033613445,Midbrain,Frontal cortex,1,Frontal cortex-Midbrain,ZFM-02600,2021-08-26
38,2.8499999999999988,0.028656055561305536,0.22321428571428573,Midbrain,Frontal cortex,1,Frontal cortex-Midbrain,ZFM-02600,2021-08-26
39,2.9499999999999993,0.029223485904513652,0.24375,Midbrain,Frontal cortex,1,Frontal cortex-Midbrain,ZFM-02600,2021-08-26
0,-0.95,0.016554819231252266,0.25,Midbrain,Frontal cortex,0,Frontal cortex-Midbrain,ZFM-02600,2021-08-26
1,-0.85,0.01975490388548277,0.5,Midbrain,Frontal cortex,0,Frontal cortex-Midbrain,ZFM-02600,2021-08-26
2,-0.75,0.018005504319964474,0.25,Midbrain,Frontal cortex,0,Frontal cortex-Midbrain,ZFM-02600,2021-08-26
3,-0.65,0.008895550413929199,0.19047619047619047,Midbrain,Frontal cortex,0,Frontal cortex-Midbrain,ZFM-02600,2021-08-26
4,-0.55,0.013181142305099841,0.29906542056074764,Midbrain,Frontal cortex,0,Frontal cortex-Midbrain,ZFM-02600,2021-08-26
5,-0.45000000000000007,0.018338133774769737,0.31004366812227074,Midbrain,Frontal cortex,0,Frontal cortex-Midbrain,ZFM-02600,2021-08-26
6,-0.3500000000000001,0.021372428180720812,0.2693877551020408,Midbrain,Frontal cortex,0,Frontal cortex-Midbrain,ZFM-02600,2021-08-26
7,-0.2500000000000001,0.018880596123061703,0.2727272727272727,Midbrain,Frontal cortex,0,Frontal cortex-Midbrain,ZFM-02600,2021-08-26
8,-0.15000000000000013,0.016285036415850464,0.26104417670682734,Midbrain,Frontal cortex,0,Frontal cortex-Midbrain,ZFM-02600,2021-08-26
9,-0.050000000000000155,0.01937221963562588,0.22666666666666666,Midbrain,Frontal cortex,0,Frontal cortex-Midbrain,ZFM-02600,2021-08-26
10,0.04999999999999982,0.02464999698718355,0.19672131147540983,Midbrain,Frontal cortex,0,Frontal cortex-Midbrain,ZFM-02600,2021-08-26
11,0.1499999999999997,0.02381941387275884,0.36551724137931035,Midbrain,Frontal cortex,0,Frontal cortex-Midbrain,ZFM-02600,2021-08-26
12,0.24999999999999978,0.02508469789361715,0.34545454545454546,Midbrain,Frontal cortex,0,Frontal cortex-Midbrain,ZFM-02600,2021-08-26
13,0.34999999999999987,0.024768862489379255,0.3755656108597285,Midbrain,Frontal cortex,0,Frontal cortex-Midbrain,ZFM-02600,2021-08-26
14,0.44999999999999973,0.024610333730810566,0.4148471615720524,Midbrain,Frontal cortex,0,Frontal cortex-Midbrain,ZFM-02600,2021-08-26
15,0.5499999999999996,0.024115160594938716,0.3617886178861789,Midbrain,Frontal cortex,0,Frontal cortex-Midbrain,ZFM-02600,2021-08-26
16,0.6499999999999997,0.02600458866983768,0.31718061674008813,Midbrain,Frontal cortex,0,Frontal cortex-Midbrain,ZFM-02600,2021-08-26
17,0.7499999999999998,0.028701148121281526,0.3015075376884422,Midbrain,Frontal cortex,0,Frontal cortex-Midbrain,ZFM-02600,2021-08-26
18,0.8499999999999996,0.029822606366926577,0.22297297297297297,Midbrain,Frontal cortex,0,Frontal cortex-Midbrain,ZFM-02600,2021-08-26
19,0.9499999999999995,0.026747855442790916,0.21495327102803738,Midbrain,Frontal cortex,0,Frontal cortex-Midbrain,ZFM-02600,2021-08-26
20,1.0499999999999996,0.022154487786655686,0.15873015873015872,Midbrain,Frontal cortex,0,Frontal cortex-Midbrain,ZFM-02600,2021-08-26
21,1.1499999999999997,0.023110916440513416,0.19117647058823528,Midbrain,Frontal cortex,0,Frontal cortex-Midbrain,ZFM-02600,2021-08-26
22,1.2499999999999993,0.027593537805857785,0.22916666666666666,Midbrain,Frontal cortex,0,Frontal cortex-Midbrain,ZFM-02600,2021-08-26
23,1.3499999999999994,0.02064539317796968,0.1935483870967742,Midbrain,Frontal cortex,0,Frontal cortex-Midbrain,ZFM-02600,2021-08-26
24,1.4499999999999995,0.015739177469990588,0.15384615384615385,Midbrain,Frontal cortex,0,Frontal cortex-Midbrain,ZFM-02600,2021-08-26
25,1.5499999999999996,0.0201350110364978,0.17391304347826086,Midbrain,Frontal cortex,0,Frontal cortex-Midbrain,ZFM-02600,2021-08-26
26,1.6499999999999997,0.016837010648649915,0.1261682242990654,Midbrain,Frontal cortex,0,Frontal cortex-Midbrain,ZFM-02600,2021-08-26
27,1.7499999999999993,0.013360075639813911,0.1368421052631579,Midbrain,Frontal cortex,0,Frontal cortex-Midbrain,ZFM-02600,2021-08-26
28,1.8499999999999994,0.01665737263502681,0.11377245508982035,Midbrain,Frontal cortex,0,Frontal cortex-Midbrain,ZFM-02600,2021-08-26
29,1.9499999999999995,0.01971402220787748,0.2857142857142857,Midbrain,Frontal cortex,0,Frontal cortex-Midbrain,ZFM-02600,2021-08-26
30,2.049999999999999,0.016273735971679172,0.14516129032258066,Midbrain,Frontal cortex,0,Frontal cortex-Midbrain,ZFM-02600,2021-08-26
31,2.1499999999999995,0.013874130936863738,0.14393939393939395,Midbrain,Frontal cortex,0,Frontal cortex-Midbrain,ZFM-02600,2021-08-26
32,2.249999999999999,0.013046662648508948,0.16447368421052633,Midbrain,Frontal cortex,0,Frontal cortex-Midbrain,ZFM-02600,2021-08-26
33,2.3499999999999996,0.019342260512407672,0.2,Midbrain,Frontal cortex,0,Frontal cortex-Midbrain,ZFM-02600,2021-08-26
34,2.4499999999999993,0.021585084118902302,0.3333333333333333,Midbrain,Frontal cortex,0,Frontal cortex-Midbrain,ZFM-02600,2021-08-26
35,2.549999999999999,0.021661775887818858,0.4,Midbrain,Frontal cortex,0,Frontal cortex-Midbrain,ZFM-02600,2021-08-26
36,2.6499999999999995,0.01993933964116683,0.2774869109947644,Midbrain,Frontal cortex,0,Frontal cortex-Midbrain,ZFM-02600,2021-08-26
37,2.749999999999999,0.016766297506879267,0.24242424242424243,Midbrain,Frontal cortex,0,Frontal cortex-Midbrain,ZFM-02600,2021-08-26
38,2.8499999999999988,0.022824344129207856,0.24607329842931938,Midbrain,Frontal cortex,0,Frontal cortex-Midbrain,ZFM-02600,2021-08-26
39,2.9499999999999993,0.01746342008431021,0.26519337016574585,Midbrain,Frontal cortex,0,Frontal cortex-Midbrain,ZFM-02600,2021-08-26
0,-0.95,0.03872141996338981,0.32124352331606215,Midbrain,Sensory cortex,1,Midbrain-Sensory cortex,ZFM-02600,2021-08-26
1,-0.85,0.040646652341748926,0.3217821782178218,Midbrain,Sensory cortex,1,Midbrain-Sensory cortex,ZFM-02600,2021-08-26
2,-0.75,0.03641918404575245,0.28169014084507044,Midbrain,Sensory cortex,1,Midbrain-Sensory cortex,ZFM-02600,2021-08-26
3,-0.65,0.037031615873519864,0.23893805309734514,Midbrain,Sensory cortex,1,Midbrain-Sensory cortex,ZFM-02600,2021-08-26
4,-0.55,0.038195437164927286,0.21559633027522937,Midbrain,Sensory cortex,1,Midbrain-Sensory cortex,ZFM-02600,2021-08-26
5,-0.45000000000000007,0.03504800603057177,0.26146788990825687,Midbrain,Sensory cortex,1,Midbrain-Sensory cortex,ZFM-02600,2021-08-26
6,-0.3500000000000001,0.03707571599016674,0.2534562211981567,Midbrain,Sensory cortex,1,Midbrain-Sensory cortex,ZFM-02600,2021-08-26
7,-0.2500000000000001,0.03639308350018125,0.2570093457943925,Midbrain,Sensory cortex,1,Midbrain-Sensory cortex,ZFM-02600,2021-08-26
8,-0.15000000000000013,0.036273626510885414,0.273972602739726,Midbrain,Sensory cortex,1,Midbrain-Sensory cortex,ZFM-02600,2021-08-26
9,-0.050000000000000155,0.037348570325477226,0.26146788990825687,Midbrain,Sensory cortex,1,Midbrain-Sensory cortex,ZFM-02600,2021-08-26
10,0.04999999999999982,0.041736715805308015,0.2222222222222222,Midbrain,Sensory cortex,1,Midbrain-Sensory cortex,ZFM-02600,2021-08-26
11,0.1499999999999997,0.040830967566603905,0.17391304347826086,Midbrain,Sensory cortex,1,Midbrain-Sensory cortex,ZFM-02600,2021-08-26
12,0.24999999999999978,0.042845560774399105,0.21081081081081082,Midbrain,Sensory cortex,1,Midbrain-Sensory cortex,ZFM-02600,2021-08-26
13,0.34999999999999987,0.04231044469965649,0.215,Midbrain,Sensory cortex,1,Midbrain-Sensory cortex,ZFM-02600,2021-08-26
14,0.44999999999999973,0.03718156847190946,0.22660098522167488,Midbrain,Sensory cortex,1,Midbrain-Sensory cortex,ZFM-02600,2021-08-26
15,0.5499999999999996,0.03611824252060865,0.22413793103448276,Midbrain,Sensory cortex,1,Midbrain-Sensory cortex,ZFM-02600,2021-08-26
16,0.6499999999999997,0.038721604585569495,0.22641509433962265,Midbrain,Sensory cortex,1,Midbrain-Sensory cortex,ZFM-02600,2021-08-26
17,0.7499999999999998,0.038919363600603454,0.2545454545454545,Midbrain,Sensory cortex,1,Midbrain-Sensory cortex,ZFM-02600,2021-08-26
18,0.8499999999999996,0.03977430795821048,0.24615384615384617,Midbrain,Sensory cortex,1,Midbrain-Sensory cortex,ZFM-02600,2021-08-26
19,0.9499999999999995,0.03822421745556052,0.18877551020408162,Midbrain,Sensory cortex,1,Midbrain-Sensory cortex,ZFM-02600,2021-08-26
20,1.0499999999999996,0.042652995042804356,0.2648648648648649,Midbrain,Sensory cortex,1,Midbrain-Sensory cortex,ZFM-02600,2021-08-26
21,1.1499999999999997,0.038304812815887865,0.1837837837837838,Midbrain,Sensory cortex,1,Midbrain-Sensory cortex,ZFM-02600,2021-08-26
22,1.2499999999999993,0.03606844306659416,0.17679558011049723,Midbrain,Sensory cortex,1,Midbrain-Sensory cortex,ZFM-02600,2021-08-26
23,1.3499999999999994,0.04188953136142602,0.18055555555555555,Midbrain,Sensory cortex,1,Midbrain-Sensory cortex,ZFM-02600,2021-08-26
24,1.4499999999999995,0.043827278922612026,0.19642857142857142,Midbrain,Sensory cortex,1,Midbrain-Sensory cortex,ZFM-02600,2021-08-26
25,1.5499999999999996,0.04299678251081223,0.2,Midbrain,Sensory cortex,1,Midbrain-Sensory cortex,ZFM-02600,2021-08-26
26,1.6499999999999997,0.042681985344455664,0.1724137931034483,Midbrain,Sensory cortex,1,Midbrain-Sensory cortex,ZFM-02600,2021-08-26
27,1.7499999999999993,0.04063222208885044,0.17346938775510204,Midbrain,Sensory cortex,1,Midbrain-Sensory cortex,ZFM-02600,2021-08-26
28,1.8499999999999994,0.04356800698350692,0.15441176470588236,Midbrain,Sensory cortex,1,Midbrain-Sensory cortex,ZFM-02600,2021-08-26
29,1.9499999999999995,0.04279291842982867,0.16428571428571428,Midbrain,Sensory cortex,1,Midbrain-Sensory cortex,ZFM-02600,2021-08-26
30,2.049999999999999,0.04081106252228612,0.23015873015873015,Midbrain,Sensory cortex,1,Midbrain-Sensory cortex,ZFM-02600,2021-08-26
31,2.1499999999999995,0.043007294111474456,0.20454545454545456,Midbrain,Sensory cortex,1,Midbrain-Sensory cortex,ZFM-02600,2021-08-26
32,2.249999999999999,0.03953663730476165,0.1897810218978102,Midbrain,Sensory cortex,1,Midbrain-Sensory cortex,ZFM-02600,2021-08-26
33,2.3499999999999996,0.03828174210976516,0.22695035460992907,Midbrain,Sensory cortex,1,Midbrain-Sensory cortex,ZFM-02600,2021-08-26
34,2.4499999999999993,0.04188464565209208,0.22077922077922077,Midbrain,Sensory cortex,1,Midbrain-Sensory cortex,ZFM-02600,2021-08-26
35,2.549999999999999,0.042184966801785725,0.275,Midbrain,Sensory cortex,1,Midbrain-Sensory cortex,ZFM-02600,2021-08-26
36,2.6499999999999995,0.042861739341036764,0.22580645161290322,Midbrain,Sensory cortex,1,Midbrain-Sensory cortex,ZFM-02600,2021-08-26
37,2.749999999999999,0.0428951858682144,0.32515337423312884,Midbrain,Sensory cortex,1,Midbrain-Sensory cortex,ZFM-02600,2021-08-26
38,2.8499999999999988,0.03916386058722289,0.2619047619047619,Midbrain,Sensory cortex,1,Midbrain-Sensory cortex,ZFM-02600,2021-08-26
39,2.9499999999999993,0.0392413634792839,0.27439024390243905,Midbrain,Sensory cortex,1,Midbrain-Sensory cortex,ZFM-02600,2021-08-26
0,-0.95,0.020630657181842992,0.20833333333333334,Midbrain,Sensory cortex,0,Midbrain-Sensory cortex,ZFM-02600,2021-08-26
1,-0.85,0.017339215190798517,0.16216216216216217,Midbrain,Sensory cortex,0,Midbrain-Sensory cortex,ZFM-02600,2021-08-26
2,-0.75,0.019798984955952014,0.1623931623931624,Midbrain,Sensory cortex,0,Midbrain-Sensory cortex,ZFM-02600,2021-08-26
3,-0.65,0.01921208005372988,0.19117647058823528,Midbrain,Sensory cortex,0,Midbrain-Sensory cortex,ZFM-02600,2021-08-26
4,-0.55,0.019626376536191183,0.1792452830188679,Midbrain,Sensory cortex,0,Midbrain-Sensory cortex,ZFM-02600,2021-08-26
5,-0.45000000000000007,0.020843372955198756,0.2356020942408377,Midbrain,Sensory cortex,0,Midbrain-Sensory cortex,ZFM-02600,2021-08-26
6,-0.3500000000000001,0.021084944097805283,0.28205128205128205,Midbrain,Sensory cortex,0,Midbrain-Sensory cortex,ZFM-02600,2021-08-26
7,-0.2500000000000001,0.021170677290810153,0.22660098522167488,Midbrain,Sensory cortex,0,Midbrain-Sensory cortex,ZFM-02600,2021-08-26
8,-0.15000000000000013,0.02385974293417503,0.24352331606217617,Midbrain,Sensory cortex,0,Midbrain-Sensory cortex,ZFM-02600,2021-08-26
9,-0.050000000000000155,0.020393843346893883,0.2265193370165746,Midbrain,Sensory cortex,0,Midbrain-Sensory cortex,ZFM-02600,2021-08-26
10,0.04999999999999982,0.022218321407209862,0.176,Midbrain,Sensory cortex,0,Midbrain-Sensory cortex,ZFM-02600,2021-08-26
11,0.1499999999999997,0.020617494819807985,0.11510791366906475,Midbrain,Sensory cortex,0,Midbrain-Sensory cortex,ZFM-02600,2021-08-26
12,0.24999999999999978,0.019859497518217632,0.16666666666666666,Midbrain,Sensory cortex,0,Midbrain-Sensory cortex,ZFM-02600,2021-08-26
13,0.34999999999999987,0.019115612960437182,0.18471337579617833,Midbrain,Sensory cortex,0,Midbrain-Sensory cortex,ZFM-02600,2021-08-26
14,0.44999999999999973,0.01602962526227119,0.2222222222222222,Midbrain,Sensory cortex,0,Midbrain-Sensory cortex,ZFM-02600,2021-08-26
15,0.5499999999999996,0.019657972765359286,0.18181818181818182,Midbrain,Sensory cortex,0,Midbrain-Sensory cortex,ZFM-02600,2021-08-26
16,0.6499999999999997,0.02311489492631871,0.17647058823529413,Midbrain,Sensory cortex,0,Midbrain-Sensory cortex,ZFM-02600,2021-08-26
17,0.7499999999999998,0.023428755571289796,0.12,Midbrain,Sensory cortex,0,Midbrain-Sensory cortex,ZFM-02600,2021-08-26
18,0.8499999999999996,0.021467595099484774,0.15126050420168066,Midbrain,Sensory cortex,0,Midbrain-Sensory cortex,ZFM-02600,2021-08-26
19,0.9499999999999995,0.022246813664289433,0.125,Midbrain,Sensory cortex,0,Midbrain-Sensory cortex,ZFM-02600,2021-08-26
20,1.0499999999999996,0.032309162387726645,0.25,Midbrain,Sensory cortex,0,Midbrain-Sensory cortex,ZFM-02600,2021-08-26
21,1.1499999999999997,0.019150542326603737,0.0945945945945946,Midbrain,Sensory cortex,0,Midbrain-Sensory cortex,ZFM-02600,2021-08-26
22,1.2499999999999993,0.018550602947938092,0.125,Midbrain,Sensory cortex,0,Midbrain-Sensory cortex,ZFM-02600,2021-08-26
23,1.3499999999999994,0.021213441202846513,0.1111111111111111,Midbrain,Sensory cortex,0,Midbrain-Sensory cortex,ZFM-02600,2021-08-26
24,1.4499999999999995,0.02223196963350518,0.18604651162790697,Midbrain,Sensory cortex,0,Midbrain-Sensory cortex,ZFM-02600,2021-08-26
25,1.5499999999999996,0.020954295825848165,0.11627906976744186,Midbrain,Sensory cortex,0,Midbrain-Sensory cortex,ZFM-02600,2021-08-26
26,1.6499999999999997,0.019744743565701012,0.10666666666666667,Midbrain,Sensory cortex,0,Midbrain-Sensory cortex,ZFM-02600,2021-08-26
27,1.7499999999999993,0.021885460560978773,0.15217391304347827,Midbrain,Sensory cortex,0,Midbrain-Sensory cortex,ZFM-02600,2021-08-26
28,1.8499999999999994,0.02209794570787977,0.1794871794871795,Midbrain,Sensory cortex,0,Midbrain-Sensory cortex,ZFM-02600,2021-08-26
29,1.9499999999999995,0.019053698081399444,0.14285714285714285,Midbrain,Sensory cortex,0,Midbrain-Sensory cortex,ZFM-02600,2021-08-26
30,2.049999999999999,0.016645590196446652,0.1320754716981132,Midbrain,Sensory cortex,0,Midbrain-Sensory cortex,ZFM-02600,2021-08-26
31,2.1499999999999995,0.015169083917392372,0.125,Midbrain,Sensory cortex,0,Midbrain-Sensory cortex,ZFM-02600,2021-08-26
32,2.249999999999999,0.014375182218292976,0.11811023622047244,Midbrain,Sensory cortex,0,Midbrain-Sensory cortex,ZFM-02600,2021-08-26
33,2.3499999999999996,0.015129803014661825,0.176,Midbrain,Sensory cortex,0,Midbrain-Sensory cortex,ZFM-02600,2021-08-26
34,2.4499999999999993,0.016342340102192477,0.216,Midbrain,Sensory cortex,0,Midbrain-Sensory cortex,ZFM-02600,2021-08-26
35,2.549999999999999,0.01192911938010288,0.22142857142857142,Midbrain,Sensory cortex,0,Midbrain-Sensory cortex,ZFM-02600,2021-08-26
36,2.6499999999999995,0.017172697487054675,0.2517482517482518,Midbrain,Sensory cortex,0,Midbrain-Sensory cortex,ZFM-02600,2021-08-26
37,2.749999999999999,0.015598008098619021,0.18181818181818182,Midbrain,Sensory cortex,0,Midbrain-Sensory cortex,ZFM-02600,2021-08-26
38,2.8499999999999988,0.01570496569310939,0.16883116883116883,Midbrain,Sensory cortex,0,Midbrain-Sensory cortex,ZFM-02600,2021-08-26
39,2.9499999999999993,0.020424055383137803,0.17857142857142858,Midbrain,Sensory cortex,0,Midbrain-Sensory cortex,ZFM-02600,2021-08-26
0,-0.95,0.027904366012627146,0.2909090909090909,Frontal cortex,Sensory cortex,1,Frontal cortex-Sensory cortex,ZFM-02600,2021-08-26
1,-0.85,0.024861896118766543,0.24,Frontal cortex,Sensory cortex,1,Frontal cortex-Sensory cortex,ZFM-02600,2021-08-26
2,-0.75,0.024479598725565738,0.22580645161290322,Frontal cortex,Sensory cortex,1,Frontal cortex-Sensory cortex,ZFM-02600,2021-08-26
3,-0.65,0.025647484867121796,0.23076923076923078,Frontal cortex,Sensory cortex,1,Frontal cortex-Sensory cortex,ZFM-02600,2021-08-26
4,-0.55,0.03038027068013585,0.25,Frontal cortex,Sensory cortex,1,Frontal cortex-Sensory cortex,ZFM-02600,2021-08-26
5,-0.45000000000000007,0.028882449182971903,0.2831858407079646,Frontal cortex,Sensory cortex,1,Frontal cortex-Sensory cortex,ZFM-02600,2021-08-26
6,-0.3500000000000001,0.027781291012988773,0.26956521739130435,Frontal cortex,Sensory cortex,1,Frontal cortex-Sensory cortex,ZFM-02600,2021-08-26
7,-0.2500000000000001,0.02857993640565327,0.26956521739130435,Frontal cortex,Sensory cortex,1,Frontal cortex-Sensory cortex,ZFM-02600,2021-08-26
8,-0.15000000000000013,0.024878833244775456,0.25,Frontal cortex,Sensory cortex,1,Frontal cortex-Sensory cortex,ZFM-02600,2021-08-26
9,-0.050000000000000155,0.02335969840901862,0.3076923076923077,Frontal cortex,Sensory cortex,1,Frontal cortex-Sensory cortex,ZFM-02600,2021-08-26
10,0.04999999999999982,0.02780444598037792,0.21875,Frontal cortex,Sensory cortex,1,Frontal cortex-Sensory cortex,ZFM-02600,2021-08-26
11,0.1499999999999997,0.02811099923306801,0.14285714285714285,Frontal cortex,Sensory cortex,1,Frontal cortex-Sensory cortex,ZFM-02600,2021-08-26
12,0.24999999999999978,0.03499432408371815,0.2702702702702703,Frontal cortex,Sensory cortex,1,Frontal cortex-Sensory cortex,ZFM-02600,2021-08-26
13,0.34999999999999987,0.03395700613355698,0.203125,Frontal cortex,Sensory cortex,1,Frontal cortex-Sensory cortex,ZFM-02600,2021-08-26
14,0.44999999999999973,0.029849788960097715,0.2072072072072072,Frontal cortex,Sensory cortex,1,Frontal cortex-Sensory cortex,ZFM-02600,2021-08-26
15,0.5499999999999996,0.02997306498071987,0.16666666666666666,Frontal cortex,Sensory cortex,1,Frontal cortex-Sensory cortex,ZFM-02600,2021-08-26
16,0.6499999999999997,0.02937644198168751,0.1527777777777778,Frontal cortex,Sensory cortex,1,Frontal cortex-Sensory cortex,ZFM-02600,2021-08-26
17,0.7499999999999998,0.030871569332088986,0.2094240837696335,Frontal cortex,Sensory cortex,1,Frontal cortex-Sensory cortex,ZFM-02600,2021-08-26
18,0.8499999999999996,0.03270923901522474,0.25308641975308643,Frontal cortex,Sensory cortex,1,Frontal cortex-Sensory cortex,ZFM-02600,2021-08-26
19,0.9499999999999995,0.028610236851050498,0.22608695652173913,Frontal cortex,Sensory cortex,1,Frontal cortex-Sensory cortex,ZFM-02600,2021-08-26
20,1.0499999999999996,0.031158130867247506,0.2740740740740741,Frontal cortex,Sensory cortex,1,Frontal cortex-Sensory cortex,ZFM-02600,2021-08-26
21,1.1499999999999997,0.03356558879491311,0.2781456953642384,Frontal cortex,Sensory cortex,1,Frontal cortex-Sensory cortex,ZFM-02600,2021-08-26
22,1.2499999999999993,0.02900648464009543,0.2875,Frontal cortex,Sensory cortex,1,Frontal cortex-Sensory cortex,ZFM-02600,2021-08-26
23,1.3499999999999994,0.03075617604057147,0.2866666666666667,Frontal cortex,Sensory cortex,1,Frontal cortex-Sensory cortex,ZFM-02600,2021-08-26
24,1.4499999999999995,0.031088382986987198,0.25443786982248523,Frontal cortex,Sensory cortex,1,Frontal cortex-Sensory cortex,ZFM-02600,2021-08-26
25,1.5499999999999996,0.04201944397947494,0.5,Frontal cortex,Sensory cortex,1,Frontal cortex-Sensory cortex,ZFM-02600,2021-08-26
26,1.6499999999999997,0.03329134081861565,0.28,Frontal cortex,Sensory cortex,1,Frontal cortex-Sensory cortex,ZFM-02600,2021-08-26
27,1.7499999999999993,0.028970447247470055,0.2323943661971831,Frontal cortex,Sensory cortex,1,Frontal cortex-Sensory cortex,ZFM-02600,2021-08-26
28,1.8499999999999994,0.030032952066336657,0.22807017543859648,Frontal cortex,Sensory cortex,1,Frontal cortex-Sensory cortex,ZFM-02600,2021-08-26
29,1.9499999999999995,0.027925143855698827,0.2732919254658385,Frontal cortex,Sensory cortex,1,Frontal cortex-Sensory cortex,ZFM-02600,2021-08-26
30,2.049999999999999,0.030720598641698703,0.2867647058823529,Frontal cortex,Sensory cortex,1,Frontal cortex-Sensory cortex,ZFM-02600,2021-08-26
31,2.1499999999999995,0.03607931072716995,0.21875,Frontal cortex,Sensory cortex,1,Frontal cortex-Sensory cortex,ZFM-02600,2021-08-26
32,2.249999999999999,0.029392970257798304,0.2109375,Frontal cortex,Sensory cortex,1,Frontal cortex-Sensory cortex,ZFM-02600,2021-08-26
33,2.3499999999999996,0.03138280772131788,0.30434782608695654,Frontal cortex,Sensory cortex,1,Frontal cortex-Sensory cortex,ZFM-02600,2021-08-26
34,2.4499999999999993,0.03453316668459795,0.23711340206185566,Frontal cortex,Sensory cortex,1,Frontal cortex-Sensory cortex,ZFM-02600,2021-08-26
35,2.549999999999999,0.03015455627988925,0.22321428571428573,Frontal cortex,Sensory cortex,1,Frontal cortex-Sensory cortex,ZFM-02600,2021-08-26
36,2.6499999999999995,0.028613941975069355,0.21818181818181817,Frontal cortex,Sensory cortex,1,Frontal cortex-Sensory cortex,ZFM-02600,2021-08-26
37,2.749999999999999,0.031449517944139034,0.21904761904761905,Frontal cortex,Sensory cortex,1,Frontal cortex-Sensory cortex,ZFM-02600,2021-08-26
38,2.8499999999999988,0.030639234968148816,0.25842696629213485,Frontal cortex,Sensory cortex,1,Frontal cortex-Sensory cortex,ZFM-02600,2021-08-26
39,2.9499999999999993,0.03219269059287519,0.2111111111111111,Frontal cortex,Sensory cortex,1,Frontal cortex-Sensory cortex,ZFM-02600,2021-08-26
0,-0.95,0.02204430841945047,0.36231884057971014,Frontal cortex,Sensory cortex,0,Frontal cortex-Sensory cortex,ZFM-02600,2021-08-26
1,-0.85,0.01994604386136379,0.3782051282051282,Frontal cortex,Sensory cortex,0,Frontal cortex-Sensory cortex,ZFM-02600,2021-08-26
2,-0.75,0.018135241047107675,0.42028985507246375,Frontal cortex,Sensory cortex,0,Frontal cortex-Sensory cortex,ZFM-02600,2021-08-26
3,-0.65,0.019111218267477522,0.4,Frontal cortex,Sensory cortex,0,Frontal cortex-Sensory cortex,ZFM-02600,2021-08-26
4,-0.55,0.01983611063863933,0.4583333333333333,Frontal cortex,Sensory cortex,0,Frontal cortex-Sensory cortex,ZFM-02600,2021-08-26
5,-0.45000000000000007,0.023171332876222996,0.558974358974359,Frontal cortex,Sensory cortex,0,Frontal cortex-Sensory cortex,ZFM-02600,2021-08-26
6,-0.3500000000000001,0.02922726598162434,0.553921568627451,Frontal cortex,Sensory cortex,0,Frontal cortex-Sensory cortex,ZFM-02600,2021-08-26
7,-0.2500000000000001,0.035208795753208164,0.5446009389671361,Frontal cortex,Sensory cortex,0,Frontal cortex-Sensory cortex,ZFM-02600,2021-08-26
8,-0.15000000000000013,0.02814283153415865,0.49107142857142855,Frontal cortex,Sensory cortex,0,Frontal cortex-Sensory cortex,ZFM-02600,2021-08-26
9,-0.050000000000000155,0.025716114834478724,0.5223880597014925,Frontal cortex,Sensory cortex,0,Frontal cortex-Sensory cortex,ZFM-02600,2021-08-26
10,0.04999999999999982,0.022327914852150615,0.4658385093167702,Frontal cortex,Sensory cortex,0,Frontal cortex-Sensory cortex,ZFM-02600,2021-08-26
11,0.1499999999999997,0.021611110341657486,0.35555555555555557,Frontal cortex,Sensory cortex,0,Frontal cortex-Sensory cortex,ZFM-02600,2021-08-26
12,0.24999999999999978,0.02097258049819823,0.22727272727272727,Frontal cortex,Sensory cortex,0,Frontal cortex-Sensory cortex,ZFM-02600,2021-08-26
13,0.34999999999999987,0.014091182937221957,0.12,Frontal cortex,Sensory cortex,0,Frontal cortex-Sensory cortex,ZFM-02600,2021-08-26
14,0.44999999999999973,0.01194161541388049,0.125,Frontal cortex,Sensory cortex,0,Frontal cortex-Sensory cortex,ZFM-02600,2021-08-26
15,0.5499999999999996,0.015858587643248667,0.1111111111111111,Frontal cortex,Sensory cortex,0,Frontal cortex-Sensory cortex,ZFM-02600,2021-08-26
16,0.6499999999999997,0.017782478676984965,0.1111111111111111,Frontal cortex,Sensory cortex,0,Frontal cortex-Sensory cortex,ZFM-02600,2021-08-26
17,0.7499999999999998,0.018945507409617063,0.11538461538461539,Frontal cortex,Sensory cortex,0,Frontal cortex-Sensory cortex,ZFM-02600,2021-08-26
18,0.8499999999999996,0.01912708631950956,0.14388489208633093,Frontal cortex,Sensory cortex,0,Frontal cortex-Sensory cortex,ZFM-02600,2021-08-26
19,0.9499999999999995,0.017795580845507943,0.15527950310559005,Frontal cortex,Sensory cortex,0,Frontal cortex-Sensory cortex,ZFM-02600,2021-08-26
20,1.0499999999999996,0.02138121275378791,0.19021739130434784,Frontal cortex,Sensory cortex,0,Frontal cortex-Sensory cortex,ZFM-02600,2021-08-26
21,1.1499999999999997,0.019267117384676926,0.14903846153846154,Frontal cortex,Sensory cortex,0,Frontal cortex-Sensory cortex,ZFM-02600,2021-08-26
22,1.2499999999999993,0.023670775102598168,0.17777777777777778,Frontal cortex,Sensory cortex,0,Frontal cortex-Sensory cortex,ZFM-02600,2021-08-26
23,1.3499999999999994,0.01691733606163185,0.13865546218487396,Frontal cortex,Sensory cortex,0,Frontal cortex-Sensory cortex,ZFM-02600,2021-08-26
24,1.4499999999999995,0.019131817072308908,0.14035087719298245,Frontal cortex,Sensory cortex,0,Frontal cortex-Sensory cortex,ZFM-02600,2021-08-26
25,1.5499999999999996,0.021021399952219258,0.16666666666666666,Frontal cortex,Sensory cortex,0,Frontal cortex-Sensory cortex,ZFM-02600,2021-08-26
26,1.6499999999999997,0.02047129465404951,0.22784810126582278,Frontal cortex,Sensory cortex,0,Frontal cortex-Sensory cortex,ZFM-02600,2021-08-26
27,1.7499999999999993,0.01760727947761183,0.20833333333333334,Frontal cortex,Sensory cortex,0,Frontal cortex-Sensory cortex,ZFM-02600,2021-08-26
28,1.8499999999999994,0.02452130695669408,0.23529411764705882,Frontal cortex,Sensory cortex,0,Frontal cortex-Sensory cortex,ZFM-02600,2021-08-26
29,1.9499999999999995,0.021906390750924713,0.330188679245283,Frontal cortex,Sensory cortex,0,Frontal cortex-Sensory cortex,ZFM-02600,2021-08-26
30,2.049999999999999,0.024102799720236618,0.296,Frontal cortex,Sensory cortex,0,Frontal cortex-Sensory cortex,ZFM-02600,2021-08-26
31,2.1499999999999995,0.02371562776451714,0.3233082706766917,Frontal cortex,Sensory cortex,0,Frontal cortex-Sensory cortex,ZFM-02600,2021-08-26
32,2.249999999999999,0.025315054573195245,0.3546099290780142,Frontal cortex,Sensory cortex,0,Frontal cortex-Sensory cortex,ZFM-02600,2021-08-26
33,2.3499999999999996,0.023381702954265348,0.3026315789473684,Frontal cortex,Sensory cortex,0,Frontal cortex-Sensory cortex,ZFM-02600,2021-08-26
34,2.4499999999999993,0.0198207329168271,0.38571428571428573,Frontal cortex,Sensory cortex,0,Frontal cortex-Sensory cortex,ZFM-02600,2021-08-26
35,2.549999999999999,0.024325777238989356,0.37254901960784315,Frontal cortex,Sensory cortex,0,Frontal cortex-Sensory cortex,ZFM-02600,2021-08-26
36,2.6499999999999995,0.022062213889051944,0.40588235294117647,Frontal cortex,Sensory cortex,0,Frontal cortex-Sensory cortex,ZFM-02600,2021-08-26
37,2.749999999999999,0.017463048467201547,0.4624277456647399,Frontal cortex,Sensory cortex,0,Frontal cortex-Sensory cortex,ZFM-02600,2021-08-26
38,2.8499999999999988,0.01909430111162428,0.3902439024390244,Frontal cortex,Sensory cortex,0,Frontal cortex-Sensory cortex,ZFM-02600,2021-08-26
39,2.9499999999999993,0.021659988172029826,0.3548387096774194,Frontal cortex,Sensory cortex,0,Frontal cortex-Sensory cortex,ZFM-02600,2021-08-26
