,p_down,time,subject,pid,region
0,0.6799999999999999,-0.9,ZFM-04820,04954136-75a8-4a20-9054-37b0bffd3b8b,Frontal cortex
1,0.6599999999999999,-0.7000000000000001,ZFM-04820,04954136-75a8-4a20-9054-37b0bffd3b8b,Frontal cortex
2,0.6699999999999999,-0.5,ZFM-04820,04954136-75a8-4a20-9054-37b0bffd3b8b,Frontal cortex
3,0.62,-0.30000000000000004,ZFM-04820,04954136-75a8-4a20-9054-37b0bffd3b8b,Frontal cortex
4,0.5900000000000001,-0.1,ZFM-04820,04954136-75a8-4a20-9054-37b0bffd3b8b,Frontal cortex
5,0.6,0.1,ZFM-04820,04954136-75a8-4a20-9054-37b0bffd3b8b,Frontal cortex
6,0.5700000000000001,0.30000000000000004,ZFM-04820,04954136-75a8-4a20-9054-37b0bffd3b8b,Frontal cortex
7,0.5800000000000001,0.5,ZFM-04820,04954136-75a8-4a20-9054-37b0bffd3b8b,Frontal cortex
8,0.62,0.7000000000000001,ZFM-04820,04954136-75a8-4a20-9054-37b0bffd3b8b,Frontal cortex
9,0.5800000000000001,0.9,ZFM-04820,04954136-75a8-4a20-9054-37b0bffd3b8b,Frontal cortex
10,0.63,1.1,ZFM-04820,04954136-75a8-4a20-9054-37b0bffd3b8b,Frontal cortex
11,0.61,1.3000000000000003,ZFM-04820,04954136-75a8-4a20-9054-37b0bffd3b8b,Frontal cortex
12,0.6699999999999999,1.5,ZFM-04820,04954136-75a8-4a20-9054-37b0bffd3b8b,Frontal cortex
13,0.7,1.7000000000000002,ZFM-04820,04954136-75a8-4a20-9054-37b0bffd3b8b,Frontal cortex
14,0.7,1.9,ZFM-04820,04954136-75a8-4a20-9054-37b0bffd3b8b,Frontal cortex
15,0.7,2.1,ZFM-04820,04954136-75a8-4a20-9054-37b0bffd3b8b,Frontal cortex
16,0.71,2.3000000000000003,ZFM-04820,04954136-75a8-4a20-9054-37b0bffd3b8b,Frontal cortex
17,0.73,2.5,ZFM-04820,04954136-75a8-4a20-9054-37b0bffd3b8b,Frontal cortex
18,0.6799999999999999,2.7,ZFM-04820,04954136-75a8-4a20-9054-37b0bffd3b8b,Frontal cortex
19,0.6799999999999999,2.9000000000000004,ZFM-04820,04954136-75a8-4a20-9054-37b0bffd3b8b,Frontal cortex
20,0.6699999999999999,3.1,ZFM-04820,04954136-75a8-4a20-9054-37b0bffd3b8b,Frontal cortex
21,0.6699999999999999,3.3000000000000003,ZFM-04820,04954136-75a8-4a20-9054-37b0bffd3b8b,Frontal cortex
22,0.6599999999999999,3.5,ZFM-04820,04954136-75a8-4a20-9054-37b0bffd3b8b,Frontal cortex
23,0.7,3.7,ZFM-04820,04954136-75a8-4a20-9054-37b0bffd3b8b,Frontal cortex
24,0.6699999999999999,3.9000000000000004,ZFM-04820,04954136-75a8-4a20-9054-37b0bffd3b8b,Frontal cortex
0,0.41000000000000003,-0.9,ZFM-04820,04954136-75a8-4a20-9054-37b0bffd3b8b,Striatum
1,0.43999999999999995,-0.7000000000000001,ZFM-04820,04954136-75a8-4a20-9054-37b0bffd3b8b,Striatum
2,0.44999999999999996,-0.5,ZFM-04820,04954136-75a8-4a20-9054-37b0bffd3b8b,Striatum
3,0.38,-0.30000000000000004,ZFM-04820,04954136-75a8-4a20-9054-37b0bffd3b8b,Striatum
4,0.37,-0.1,ZFM-04820,04954136-75a8-4a20-9054-37b0bffd3b8b,Striatum
5,0.39,0.1,ZFM-04820,04954136-75a8-4a20-9054-37b0bffd3b8b,Striatum
6,0.37,0.30000000000000004,ZFM-04820,04954136-75a8-4a20-9054-37b0bffd3b8b,Striatum
7,0.35,0.5,ZFM-04820,04954136-75a8-4a20-9054-37b0bffd3b8b,Striatum
8,0.32999999999999996,0.7000000000000001,ZFM-04820,04954136-75a8-4a20-9054-37b0bffd3b8b,Striatum
9,0.30000000000000004,0.9,ZFM-04820,04954136-75a8-4a20-9054-37b0bffd3b8b,Striatum
10,0.32999999999999996,1.1,ZFM-04820,04954136-75a8-4a20-9054-37b0bffd3b8b,Striatum
11,0.4,1.3000000000000003,ZFM-04820,04954136-75a8-4a20-9054-37b0bffd3b8b,Striatum
12,0.38,1.5,ZFM-04820,04954136-75a8-4a20-9054-37b0bffd3b8b,Striatum
13,0.35,1.7000000000000002,ZFM-04820,04954136-75a8-4a20-9054-37b0bffd3b8b,Striatum
14,0.36,1.9,ZFM-04820,04954136-75a8-4a20-9054-37b0bffd3b8b,Striatum
15,0.35,2.1,ZFM-04820,04954136-75a8-4a20-9054-37b0bffd3b8b,Striatum
16,0.32999999999999996,2.3000000000000003,ZFM-04820,04954136-75a8-4a20-9054-37b0bffd3b8b,Striatum
17,0.38,2.5,ZFM-04820,04954136-75a8-4a20-9054-37b0bffd3b8b,Striatum
18,0.36,2.7,ZFM-04820,04954136-75a8-4a20-9054-37b0bffd3b8b,Striatum
19,0.39,2.9000000000000004,ZFM-04820,04954136-75a8-4a20-9054-37b0bffd3b8b,Striatum
20,0.4,3.1,ZFM-04820,04954136-75a8-4a20-9054-37b0bffd3b8b,Striatum
21,0.41000000000000003,3.3000000000000003,ZFM-04820,04954136-75a8-4a20-9054-37b0bffd3b8b,Striatum
22,0.4,3.5,ZFM-04820,04954136-75a8-4a20-9054-37b0bffd3b8b,Striatum
23,0.38,3.7,ZFM-04820,04954136-75a8-4a20-9054-37b0bffd3b8b,Striatum
24,0.37,3.9000000000000004,ZFM-04820,04954136-75a8-4a20-9054-37b0bffd3b8b,Striatum
0,0.47,-0.9,ZFM-04820,181aeeb1-9858-4562-9d7c-1ce21959cd80,Sensory cortex
1,0.49,-0.7000000000000001,ZFM-04820,181aeeb1-9858-4562-9d7c-1ce21959cd80,Sensory cortex
2,0.47,-0.5,ZFM-04820,181aeeb1-9858-4562-9d7c-1ce21959cd80,Sensory cortex
3,0.44999999999999996,-0.30000000000000004,ZFM-04820,181aeeb1-9858-4562-9d7c-1ce21959cd80,Sensory cortex
4,0.44999999999999996,-0.1,ZFM-04820,181aeeb1-9858-4562-9d7c-1ce21959cd80,Sensory cortex
5,0.43999999999999995,0.1,ZFM-04820,181aeeb1-9858-4562-9d7c-1ce21959cd80,Sensory cortex
6,0.43999999999999995,0.30000000000000004,ZFM-04820,181aeeb1-9858-4562-9d7c-1ce21959cd80,Sensory cortex
7,0.43999999999999995,0.5,ZFM-04820,181aeeb1-9858-4562-9d7c-1ce21959cd80,Sensory cortex
8,0.44999999999999996,0.7000000000000001,ZFM-04820,181aeeb1-9858-4562-9d7c-1ce21959cd80,Sensory cortex
9,0.45999999999999996,0.9,ZFM-04820,181aeeb1-9858-4562-9d7c-1ce21959cd80,Sensory cortex
10,0.48,1.1,ZFM-04820,181aeeb1-9858-4562-9d7c-1ce21959cd80,Sensory cortex
11,0.49,1.3000000000000003,ZFM-04820,181aeeb1-9858-4562-9d7c-1ce21959cd80,Sensory cortex
12,0.48,1.5,ZFM-04820,181aeeb1-9858-4562-9d7c-1ce21959cd80,Sensory cortex
13,0.47,1.7000000000000002,ZFM-04820,181aeeb1-9858-4562-9d7c-1ce21959cd80,Sensory cortex
14,0.48,1.9,ZFM-04820,181aeeb1-9858-4562-9d7c-1ce21959cd80,Sensory cortex
15,0.47,2.1,ZFM-04820,181aeeb1-9858-4562-9d7c-1ce21959cd80,Sensory cortex
16,0.48,2.3000000000000003,ZFM-04820,181aeeb1-9858-4562-9d7c-1ce21959cd80,Sensory cortex
17,0.48,2.5,ZFM-04820,181aeeb1-9858-4562-9d7c-1ce21959cd80,Sensory cortex
18,0.49,2.7,ZFM-04820,181aeeb1-9858-4562-9d7c-1ce21959cd80,Sensory cortex
19,0.49,2.9000000000000004,ZFM-04820,181aeeb1-9858-4562-9d7c-1ce21959cd80,Sensory cortex
20,0.49,3.1,ZFM-04820,181aeeb1-9858-4562-9d7c-1ce21959cd80,Sensory cortex
21,0.49,3.3000000000000003,ZFM-04820,181aeeb1-9858-4562-9d7c-1ce21959cd80,Sensory cortex
22,0.48,3.5,ZFM-04820,181aeeb1-9858-4562-9d7c-1ce21959cd80,Sensory cortex
23,0.48,3.7,ZFM-04820,181aeeb1-9858-4562-9d7c-1ce21959cd80,Sensory cortex
24,0.47,3.9000000000000004,ZFM-04820,181aeeb1-9858-4562-9d7c-1ce21959cd80,Sensory cortex
0,0.48,-0.9,ZFM-04820,181aeeb1-9858-4562-9d7c-1ce21959cd80,Striatum
1,0.54,-0.7000000000000001,ZFM-04820,181aeeb1-9858-4562-9d7c-1ce21959cd80,Striatum
2,0.5,-0.5,ZFM-04820,181aeeb1-9858-4562-9d7c-1ce21959cd80,Striatum
3,0.49,-0.30000000000000004,ZFM-04820,181aeeb1-9858-4562-9d7c-1ce21959cd80,Striatum
4,0.43999999999999995,-0.1,ZFM-04820,181aeeb1-9858-4562-9d7c-1ce21959cd80,Striatum
5,0.43999999999999995,0.1,ZFM-04820,181aeeb1-9858-4562-9d7c-1ce21959cd80,Striatum
6,0.41000000000000003,0.30000000000000004,ZFM-04820,181aeeb1-9858-4562-9d7c-1ce21959cd80,Striatum
7,0.43999999999999995,0.5,ZFM-04820,181aeeb1-9858-4562-9d7c-1ce21959cd80,Striatum
8,0.39,0.7000000000000001,ZFM-04820,181aeeb1-9858-4562-9d7c-1ce21959cd80,Striatum
9,0.47,0.9,ZFM-04820,181aeeb1-9858-4562-9d7c-1ce21959cd80,Striatum
10,0.43999999999999995,1.1,ZFM-04820,181aeeb1-9858-4562-9d7c-1ce21959cd80,Striatum
11,0.44999999999999996,1.3000000000000003,ZFM-04820,181aeeb1-9858-4562-9d7c-1ce21959cd80,Striatum
12,0.48,1.5,ZFM-04820,181aeeb1-9858-4562-9d7c-1ce21959cd80,Striatum
13,0.48,1.7000000000000002,ZFM-04820,181aeeb1-9858-4562-9d7c-1ce21959cd80,Striatum
14,0.45999999999999996,1.9,ZFM-04820,181aeeb1-9858-4562-9d7c-1ce21959cd80,Striatum
15,0.5,2.1,ZFM-04820,181aeeb1-9858-4562-9d7c-1ce21959cd80,Striatum
16,0.47,2.3000000000000003,ZFM-04820,181aeeb1-9858-4562-9d7c-1ce21959cd80,Striatum
17,0.51,2.5,ZFM-04820,181aeeb1-9858-4562-9d7c-1ce21959cd80,Striatum
18,0.48,2.7,ZFM-04820,181aeeb1-9858-4562-9d7c-1ce21959cd80,Striatum
19,0.45999999999999996,2.9000000000000004,ZFM-04820,181aeeb1-9858-4562-9d7c-1ce21959cd80,Striatum
20,0.41000000000000003,3.1,ZFM-04820,181aeeb1-9858-4562-9d7c-1ce21959cd80,Striatum
21,0.42000000000000004,3.3000000000000003,ZFM-04820,181aeeb1-9858-4562-9d7c-1ce21959cd80,Striatum
22,0.43999999999999995,3.5,ZFM-04820,181aeeb1-9858-4562-9d7c-1ce21959cd80,Striatum
23,0.43999999999999995,3.7,ZFM-04820,181aeeb1-9858-4562-9d7c-1ce21959cd80,Striatum
24,0.44999999999999996,3.9000000000000004,ZFM-04820,181aeeb1-9858-4562-9d7c-1ce21959cd80,Striatum
0,0.37,-0.9,ZFM-04820,366c7c11-5509-443f-b07b-dabc9dcfd53e,Hippocampus
1,0.35,-0.7000000000000001,ZFM-04820,366c7c11-5509-443f-b07b-dabc9dcfd53e,Hippocampus
2,0.32999999999999996,-0.5,ZFM-04820,366c7c11-5509-443f-b07b-dabc9dcfd53e,Hippocampus
3,0.33999999999999997,-0.30000000000000004,ZFM-04820,366c7c11-5509-443f-b07b-dabc9dcfd53e,Hippocampus
4,0.35,-0.1,ZFM-04820,366c7c11-5509-443f-b07b-dabc9dcfd53e,Hippocampus
5,0.36,0.1,ZFM-04820,366c7c11-5509-443f-b07b-dabc9dcfd53e,Hippocampus
6,0.36,0.30000000000000004,ZFM-04820,366c7c11-5509-443f-b07b-dabc9dcfd53e,Hippocampus
7,0.38,0.5,ZFM-04820,366c7c11-5509-443f-b07b-dabc9dcfd53e,Hippocampus
8,0.38,0.7000000000000001,ZFM-04820,366c7c11-5509-443f-b07b-dabc9dcfd53e,Hippocampus
9,0.32999999999999996,0.9,ZFM-04820,366c7c11-5509-443f-b07b-dabc9dcfd53e,Hippocampus
10,0.36,1.1,ZFM-04820,366c7c11-5509-443f-b07b-dabc9dcfd53e,Hippocampus
11,0.30000000000000004,1.3000000000000003,ZFM-04820,366c7c11-5509-443f-b07b-dabc9dcfd53e,Hippocampus
12,0.36,1.5,ZFM-04820,366c7c11-5509-443f-b07b-dabc9dcfd53e,Hippocampus
13,0.31999999999999995,1.7000000000000002,ZFM-04820,366c7c11-5509-443f-b07b-dabc9dcfd53e,Hippocampus
14,0.33999999999999997,1.9,ZFM-04820,366c7c11-5509-443f-b07b-dabc9dcfd53e,Hippocampus
15,0.41000000000000003,2.1,ZFM-04820,366c7c11-5509-443f-b07b-dabc9dcfd53e,Hippocampus
16,0.38,2.3000000000000003,ZFM-04820,366c7c11-5509-443f-b07b-dabc9dcfd53e,Hippocampus
17,0.35,2.5,ZFM-04820,366c7c11-5509-443f-b07b-dabc9dcfd53e,Hippocampus
18,0.35,2.7,ZFM-04820,366c7c11-5509-443f-b07b-dabc9dcfd53e,Hippocampus
19,0.33999999999999997,2.9000000000000004,ZFM-04820,366c7c11-5509-443f-b07b-dabc9dcfd53e,Hippocampus
20,0.35,3.1,ZFM-04820,366c7c11-5509-443f-b07b-dabc9dcfd53e,Hippocampus
21,0.37,3.3000000000000003,ZFM-04820,366c7c11-5509-443f-b07b-dabc9dcfd53e,Hippocampus
22,0.35,3.5,ZFM-04820,366c7c11-5509-443f-b07b-dabc9dcfd53e,Hippocampus
23,0.35,3.7,ZFM-04820,366c7c11-5509-443f-b07b-dabc9dcfd53e,Hippocampus
24,0.35,3.9000000000000004,ZFM-04820,366c7c11-5509-443f-b07b-dabc9dcfd53e,Hippocampus
0,0.81,-0.9,ZFM-04820,366c7c11-5509-443f-b07b-dabc9dcfd53e,Sensory cortex
1,0.75,-0.7000000000000001,ZFM-04820,366c7c11-5509-443f-b07b-dabc9dcfd53e,Sensory cortex
2,0.6799999999999999,-0.5,ZFM-04820,366c7c11-5509-443f-b07b-dabc9dcfd53e,Sensory cortex
3,0.79,-0.30000000000000004,ZFM-04820,366c7c11-5509-443f-b07b-dabc9dcfd53e,Sensory cortex
4,0.76,-0.1,ZFM-04820,366c7c11-5509-443f-b07b-dabc9dcfd53e,Sensory cortex
5,0.77,0.1,ZFM-04820,366c7c11-5509-443f-b07b-dabc9dcfd53e,Sensory cortex
6,0.78,0.30000000000000004,ZFM-04820,366c7c11-5509-443f-b07b-dabc9dcfd53e,Sensory cortex
7,0.79,0.5,ZFM-04820,366c7c11-5509-443f-b07b-dabc9dcfd53e,Sensory cortex
8,0.76,0.7000000000000001,ZFM-04820,366c7c11-5509-443f-b07b-dabc9dcfd53e,Sensory cortex
9,0.8,0.9,ZFM-04820,366c7c11-5509-443f-b07b-dabc9dcfd53e,Sensory cortex
10,0.74,1.1,ZFM-04820,366c7c11-5509-443f-b07b-dabc9dcfd53e,Sensory cortex
11,0.69,1.3000000000000003,ZFM-04820,366c7c11-5509-443f-b07b-dabc9dcfd53e,Sensory cortex
12,0.72,1.5,ZFM-04820,366c7c11-5509-443f-b07b-dabc9dcfd53e,Sensory cortex
13,0.69,1.7000000000000002,ZFM-04820,366c7c11-5509-443f-b07b-dabc9dcfd53e,Sensory cortex
14,0.7,1.9,ZFM-04820,366c7c11-5509-443f-b07b-dabc9dcfd53e,Sensory cortex
15,0.78,2.1,ZFM-04820,366c7c11-5509-443f-b07b-dabc9dcfd53e,Sensory cortex
16,0.8200000000000001,2.3000000000000003,ZFM-04820,366c7c11-5509-443f-b07b-dabc9dcfd53e,Sensory cortex
17,0.79,2.5,ZFM-04820,366c7c11-5509-443f-b07b-dabc9dcfd53e,Sensory cortex
18,0.8,2.7,ZFM-04820,366c7c11-5509-443f-b07b-dabc9dcfd53e,Sensory cortex
19,0.81,2.9000000000000004,ZFM-04820,366c7c11-5509-443f-b07b-dabc9dcfd53e,Sensory cortex
20,0.8,3.1,ZFM-04820,366c7c11-5509-443f-b07b-dabc9dcfd53e,Sensory cortex
21,0.72,3.3000000000000003,ZFM-04820,366c7c11-5509-443f-b07b-dabc9dcfd53e,Sensory cortex
22,0.73,3.5,ZFM-04820,366c7c11-5509-443f-b07b-dabc9dcfd53e,Sensory cortex
23,0.8,3.7,ZFM-04820,366c7c11-5509-443f-b07b-dabc9dcfd53e,Sensory cortex
24,0.74,3.9000000000000004,ZFM-04820,366c7c11-5509-443f-b07b-dabc9dcfd53e,Sensory cortex
0,0.6699999999999999,-0.9,ZFM-04820,366c7c11-5509-443f-b07b-dabc9dcfd53e,Thalamus
1,0.64,-0.7000000000000001,ZFM-04820,366c7c11-5509-443f-b07b-dabc9dcfd53e,Thalamus
2,0.6599999999999999,-0.5,ZFM-04820,366c7c11-5509-443f-b07b-dabc9dcfd53e,Thalamus
3,0.73,-0.30000000000000004,ZFM-04820,366c7c11-5509-443f-b07b-dabc9dcfd53e,Thalamus
4,0.84,-0.1,ZFM-04820,366c7c11-5509-443f-b07b-dabc9dcfd53e,Thalamus
5,0.75,0.1,ZFM-04820,366c7c11-5509-443f-b07b-dabc9dcfd53e,Thalamus
6,0.78,0.30000000000000004,ZFM-04820,366c7c11-5509-443f-b07b-dabc9dcfd53e,Thalamus
7,0.73,0.5,ZFM-04820,366c7c11-5509-443f-b07b-dabc9dcfd53e,Thalamus
8,0.7,0.7000000000000001,ZFM-04820,366c7c11-5509-443f-b07b-dabc9dcfd53e,Thalamus
9,0.8,0.9,ZFM-04820,366c7c11-5509-443f-b07b-dabc9dcfd53e,Thalamus
10,0.69,1.1,ZFM-04820,366c7c11-5509-443f-b07b-dabc9dcfd53e,Thalamus
11,0.71,1.3000000000000003,ZFM-04820,366c7c11-5509-443f-b07b-dabc9dcfd53e,Thalamus
12,0.73,1.5,ZFM-04820,366c7c11-5509-443f-b07b-dabc9dcfd53e,Thalamus
13,0.6599999999999999,1.7000000000000002,ZFM-04820,366c7c11-5509-443f-b07b-dabc9dcfd53e,Thalamus
14,0.6699999999999999,1.9,ZFM-04820,366c7c11-5509-443f-b07b-dabc9dcfd53e,Thalamus
15,0.56,2.1,ZFM-04820,366c7c11-5509-443f-b07b-dabc9dcfd53e,Thalamus
16,0.6599999999999999,2.3000000000000003,ZFM-04820,366c7c11-5509-443f-b07b-dabc9dcfd53e,Thalamus
17,0.72,2.5,ZFM-04820,366c7c11-5509-443f-b07b-dabc9dcfd53e,Thalamus
18,0.6799999999999999,2.7,ZFM-04820,366c7c11-5509-443f-b07b-dabc9dcfd53e,Thalamus
19,0.75,2.9000000000000004,ZFM-04820,366c7c11-5509-443f-b07b-dabc9dcfd53e,Thalamus
20,0.77,3.1,ZFM-04820,366c7c11-5509-443f-b07b-dabc9dcfd53e,Thalamus
21,0.77,3.3000000000000003,ZFM-04820,366c7c11-5509-443f-b07b-dabc9dcfd53e,Thalamus
22,0.79,3.5,ZFM-04820,366c7c11-5509-443f-b07b-dabc9dcfd53e,Thalamus
23,0.71,3.7,ZFM-04820,366c7c11-5509-443f-b07b-dabc9dcfd53e,Thalamus
24,0.73,3.9000000000000004,ZFM-04820,366c7c11-5509-443f-b07b-dabc9dcfd53e,Thalamus
0,0.45999999999999996,-0.9,ZFM-04820,e4a0e958-0774-444b-ad65-f6ff7bc22902,Midbrain
1,0.45999999999999996,-0.7000000000000001,ZFM-04820,e4a0e958-0774-444b-ad65-f6ff7bc22902,Midbrain
2,0.45999999999999996,-0.5,ZFM-04820,e4a0e958-0774-444b-ad65-f6ff7bc22902,Midbrain
3,0.45999999999999996,-0.30000000000000004,ZFM-04820,e4a0e958-0774-444b-ad65-f6ff7bc22902,Midbrain
4,0.45999999999999996,-0.1,ZFM-04820,e4a0e958-0774-444b-ad65-f6ff7bc22902,Midbrain
5,0.45999999999999996,0.1,ZFM-04820,e4a0e958-0774-444b-ad65-f6ff7bc22902,Midbrain
6,0.45999999999999996,0.30000000000000004,ZFM-04820,e4a0e958-0774-444b-ad65-f6ff7bc22902,Midbrain
7,0.45999999999999996,0.5,ZFM-04820,e4a0e958-0774-444b-ad65-f6ff7bc22902,Midbrain
8,0.45999999999999996,0.7000000000000001,ZFM-04820,e4a0e958-0774-444b-ad65-f6ff7bc22902,Midbrain
9,0.45999999999999996,0.9,ZFM-04820,e4a0e958-0774-444b-ad65-f6ff7bc22902,Midbrain
10,0.45999999999999996,1.1,ZFM-04820,e4a0e958-0774-444b-ad65-f6ff7bc22902,Midbrain
11,0.45999999999999996,1.3000000000000003,ZFM-04820,e4a0e958-0774-444b-ad65-f6ff7bc22902,Midbrain
12,0.45999999999999996,1.5,ZFM-04820,e4a0e958-0774-444b-ad65-f6ff7bc22902,Midbrain
13,0.45999999999999996,1.7000000000000002,ZFM-04820,e4a0e958-0774-444b-ad65-f6ff7bc22902,Midbrain
14,0.45999999999999996,1.9,ZFM-04820,e4a0e958-0774-444b-ad65-f6ff7bc22902,Midbrain
15,0.45999999999999996,2.1,ZFM-04820,e4a0e958-0774-444b-ad65-f6ff7bc22902,Midbrain
16,0.44999999999999996,2.3000000000000003,ZFM-04820,e4a0e958-0774-444b-ad65-f6ff7bc22902,Midbrain
17,0.44999999999999996,2.5,ZFM-04820,e4a0e958-0774-444b-ad65-f6ff7bc22902,Midbrain
18,0.44999999999999996,2.7,ZFM-04820,e4a0e958-0774-444b-ad65-f6ff7bc22902,Midbrain
19,0.45999999999999996,2.9000000000000004,ZFM-04820,e4a0e958-0774-444b-ad65-f6ff7bc22902,Midbrain
20,0.45999999999999996,3.1,ZFM-04820,e4a0e958-0774-444b-ad65-f6ff7bc22902,Midbrain
21,0.45999999999999996,3.3000000000000003,ZFM-04820,e4a0e958-0774-444b-ad65-f6ff7bc22902,Midbrain
22,0.45999999999999996,3.5,ZFM-04820,e4a0e958-0774-444b-ad65-f6ff7bc22902,Midbrain
23,0.45999999999999996,3.7,ZFM-04820,e4a0e958-0774-444b-ad65-f6ff7bc22902,Midbrain
24,0.45999999999999996,3.9000000000000004,ZFM-04820,e4a0e958-0774-444b-ad65-f6ff7bc22902,Midbrain
0,0.64,-0.9,ZFM-04820,36f8f321-c21b-4f2d-876b-c289ce3f8bed,Frontal cortex
1,0.64,-0.7000000000000001,ZFM-04820,36f8f321-c21b-4f2d-876b-c289ce3f8bed,Frontal cortex
2,0.65,-0.5,ZFM-04820,36f8f321-c21b-4f2d-876b-c289ce3f8bed,Frontal cortex
3,0.61,-0.30000000000000004,ZFM-04820,36f8f321-c21b-4f2d-876b-c289ce3f8bed,Frontal cortex
4,0.5800000000000001,-0.1,ZFM-04820,36f8f321-c21b-4f2d-876b-c289ce3f8bed,Frontal cortex
5,0.64,0.1,ZFM-04820,36f8f321-c21b-4f2d-876b-c289ce3f8bed,Frontal cortex
6,0.62,0.30000000000000004,ZFM-04820,36f8f321-c21b-4f2d-876b-c289ce3f8bed,Frontal cortex
7,0.56,0.5,ZFM-04820,36f8f321-c21b-4f2d-876b-c289ce3f8bed,Frontal cortex
8,0.61,0.7000000000000001,ZFM-04820,36f8f321-c21b-4f2d-876b-c289ce3f8bed,Frontal cortex
9,0.64,0.9,ZFM-04820,36f8f321-c21b-4f2d-876b-c289ce3f8bed,Frontal cortex
10,0.61,1.1,ZFM-04820,36f8f321-c21b-4f2d-876b-c289ce3f8bed,Frontal cortex
11,0.65,1.3000000000000003,ZFM-04820,36f8f321-c21b-4f2d-876b-c289ce3f8bed,Frontal cortex
12,0.5800000000000001,1.5,ZFM-04820,36f8f321-c21b-4f2d-876b-c289ce3f8bed,Frontal cortex
13,0.62,1.7000000000000002,ZFM-04820,36f8f321-c21b-4f2d-876b-c289ce3f8bed,Frontal cortex
14,0.64,1.9,ZFM-04820,36f8f321-c21b-4f2d-876b-c289ce3f8bed,Frontal cortex
15,0.65,2.1,ZFM-04820,36f8f321-c21b-4f2d-876b-c289ce3f8bed,Frontal cortex
16,0.65,2.3000000000000003,ZFM-04820,36f8f321-c21b-4f2d-876b-c289ce3f8bed,Frontal cortex
17,0.6799999999999999,2.5,ZFM-04820,36f8f321-c21b-4f2d-876b-c289ce3f8bed,Frontal cortex
18,0.6699999999999999,2.7,ZFM-04820,36f8f321-c21b-4f2d-876b-c289ce3f8bed,Frontal cortex
19,0.69,2.9000000000000004,ZFM-04820,36f8f321-c21b-4f2d-876b-c289ce3f8bed,Frontal cortex
20,0.6799999999999999,3.1,ZFM-04820,36f8f321-c21b-4f2d-876b-c289ce3f8bed,Frontal cortex
21,0.6599999999999999,3.3000000000000003,ZFM-04820,36f8f321-c21b-4f2d-876b-c289ce3f8bed,Frontal cortex
22,0.63,3.5,ZFM-04820,36f8f321-c21b-4f2d-876b-c289ce3f8bed,Frontal cortex
23,0.6799999999999999,3.7,ZFM-04820,36f8f321-c21b-4f2d-876b-c289ce3f8bed,Frontal cortex
24,0.69,3.9000000000000004,ZFM-04820,36f8f321-c21b-4f2d-876b-c289ce3f8bed,Frontal cortex
0,0.75,-0.9,ZFM-04820,36f8f321-c21b-4f2d-876b-c289ce3f8bed,Sensory cortex
1,0.77,-0.7000000000000001,ZFM-04820,36f8f321-c21b-4f2d-876b-c289ce3f8bed,Sensory cortex
2,0.81,-0.5,ZFM-04820,36f8f321-c21b-4f2d-876b-c289ce3f8bed,Sensory cortex
3,0.75,-0.30000000000000004,ZFM-04820,36f8f321-c21b-4f2d-876b-c289ce3f8bed,Sensory cortex
4,0.84,-0.1,ZFM-04820,36f8f321-c21b-4f2d-876b-c289ce3f8bed,Sensory cortex
5,0.8,0.1,ZFM-04820,36f8f321-c21b-4f2d-876b-c289ce3f8bed,Sensory cortex
6,0.87,0.30000000000000004,ZFM-04820,36f8f321-c21b-4f2d-876b-c289ce3f8bed,Sensory cortex
7,0.83,0.5,ZFM-04820,36f8f321-c21b-4f2d-876b-c289ce3f8bed,Sensory cortex
8,0.83,0.7000000000000001,ZFM-04820,36f8f321-c21b-4f2d-876b-c289ce3f8bed,Sensory cortex
9,0.85,0.9,ZFM-04820,36f8f321-c21b-4f2d-876b-c289ce3f8bed,Sensory cortex
10,0.8200000000000001,1.1,ZFM-04820,36f8f321-c21b-4f2d-876b-c289ce3f8bed,Sensory cortex
11,0.8200000000000001,1.3000000000000003,ZFM-04820,36f8f321-c21b-4f2d-876b-c289ce3f8bed,Sensory cortex
12,0.85,1.5,ZFM-04820,36f8f321-c21b-4f2d-876b-c289ce3f8bed,Sensory cortex
13,0.83,1.7000000000000002,ZFM-04820,36f8f321-c21b-4f2d-876b-c289ce3f8bed,Sensory cortex
14,0.8200000000000001,1.9,ZFM-04820,36f8f321-c21b-4f2d-876b-c289ce3f8bed,Sensory cortex
15,0.9,2.1,ZFM-04820,36f8f321-c21b-4f2d-876b-c289ce3f8bed,Sensory cortex
16,0.77,2.3000000000000003,ZFM-04820,36f8f321-c21b-4f2d-876b-c289ce3f8bed,Sensory cortex
17,0.79,2.5,ZFM-04820,36f8f321-c21b-4f2d-876b-c289ce3f8bed,Sensory cortex
18,0.85,2.7,ZFM-04820,36f8f321-c21b-4f2d-876b-c289ce3f8bed,Sensory cortex
19,0.77,2.9000000000000004,ZFM-04820,36f8f321-c21b-4f2d-876b-c289ce3f8bed,Sensory cortex
20,0.8200000000000001,3.1,ZFM-04820,36f8f321-c21b-4f2d-876b-c289ce3f8bed,Sensory cortex
21,0.79,3.3000000000000003,ZFM-04820,36f8f321-c21b-4f2d-876b-c289ce3f8bed,Sensory cortex
22,0.77,3.5,ZFM-04820,36f8f321-c21b-4f2d-876b-c289ce3f8bed,Sensory cortex
23,0.76,3.7,ZFM-04820,36f8f321-c21b-4f2d-876b-c289ce3f8bed,Sensory cortex
24,0.77,3.9000000000000004,ZFM-04820,36f8f321-c21b-4f2d-876b-c289ce3f8bed,Sensory cortex
0,0.65,-0.9,ZFM-04820,36f8f321-c21b-4f2d-876b-c289ce3f8bed,Striatum
1,0.64,-0.7000000000000001,ZFM-04820,36f8f321-c21b-4f2d-876b-c289ce3f8bed,Striatum
2,0.6,-0.5,ZFM-04820,36f8f321-c21b-4f2d-876b-c289ce3f8bed,Striatum
3,0.5900000000000001,-0.30000000000000004,ZFM-04820,36f8f321-c21b-4f2d-876b-c289ce3f8bed,Striatum
4,0.53,-0.1,ZFM-04820,36f8f321-c21b-4f2d-876b-c289ce3f8bed,Striatum
5,0.52,0.1,ZFM-04820,36f8f321-c21b-4f2d-876b-c289ce3f8bed,Striatum
6,0.54,0.30000000000000004,ZFM-04820,36f8f321-c21b-4f2d-876b-c289ce3f8bed,Striatum
7,0.47,0.5,ZFM-04820,36f8f321-c21b-4f2d-876b-c289ce3f8bed,Striatum
8,0.53,0.7000000000000001,ZFM-04820,36f8f321-c21b-4f2d-876b-c289ce3f8bed,Striatum
9,0.54,0.9,ZFM-04820,36f8f321-c21b-4f2d-876b-c289ce3f8bed,Striatum
10,0.61,1.1,ZFM-04820,36f8f321-c21b-4f2d-876b-c289ce3f8bed,Striatum
11,0.5900000000000001,1.3000000000000003,ZFM-04820,36f8f321-c21b-4f2d-876b-c289ce3f8bed,Striatum
12,0.63,1.5,ZFM-04820,36f8f321-c21b-4f2d-876b-c289ce3f8bed,Striatum
13,0.6699999999999999,1.7000000000000002,ZFM-04820,36f8f321-c21b-4f2d-876b-c289ce3f8bed,Striatum
14,0.6599999999999999,1.9,ZFM-04820,36f8f321-c21b-4f2d-876b-c289ce3f8bed,Striatum
15,0.65,2.1,ZFM-04820,36f8f321-c21b-4f2d-876b-c289ce3f8bed,Striatum
16,0.63,2.3000000000000003,ZFM-04820,36f8f321-c21b-4f2d-876b-c289ce3f8bed,Striatum
17,0.61,2.5,ZFM-04820,36f8f321-c21b-4f2d-876b-c289ce3f8bed,Striatum
18,0.65,2.7,ZFM-04820,36f8f321-c21b-4f2d-876b-c289ce3f8bed,Striatum
19,0.65,2.9000000000000004,ZFM-04820,36f8f321-c21b-4f2d-876b-c289ce3f8bed,Striatum
20,0.6799999999999999,3.1,ZFM-04820,36f8f321-c21b-4f2d-876b-c289ce3f8bed,Striatum
21,0.64,3.3000000000000003,ZFM-04820,36f8f321-c21b-4f2d-876b-c289ce3f8bed,Striatum
22,0.63,3.5,ZFM-04820,36f8f321-c21b-4f2d-876b-c289ce3f8bed,Striatum
23,0.63,3.7,ZFM-04820,36f8f321-c21b-4f2d-876b-c289ce3f8bed,Striatum
24,0.63,3.9000000000000004,ZFM-04820,36f8f321-c21b-4f2d-876b-c289ce3f8bed,Striatum
0,0.25,-0.9,ZFM-04820,aa89d1e8-51da-40f6-a215-c9703a6ceb30,Midbrain
1,0.25,-0.7000000000000001,ZFM-04820,aa89d1e8-51da-40f6-a215-c9703a6ceb30,Midbrain
2,0.25,-0.5,ZFM-04820,aa89d1e8-51da-40f6-a215-c9703a6ceb30,Midbrain
3,0.26,-0.30000000000000004,ZFM-04820,aa89d1e8-51da-40f6-a215-c9703a6ceb30,Midbrain
4,0.26,-0.1,ZFM-04820,aa89d1e8-51da-40f6-a215-c9703a6ceb30,Midbrain
5,0.26,0.1,ZFM-04820,aa89d1e8-51da-40f6-a215-c9703a6ceb30,Midbrain
6,0.26,0.30000000000000004,ZFM-04820,aa89d1e8-51da-40f6-a215-c9703a6ceb30,Midbrain
7,0.26,0.5,ZFM-04820,aa89d1e8-51da-40f6-a215-c9703a6ceb30,Midbrain
8,0.26,0.7000000000000001,ZFM-04820,aa89d1e8-51da-40f6-a215-c9703a6ceb30,Midbrain
9,0.26,0.9,ZFM-04820,aa89d1e8-51da-40f6-a215-c9703a6ceb30,Midbrain
10,0.26,1.1,ZFM-04820,aa89d1e8-51da-40f6-a215-c9703a6ceb30,Midbrain
11,0.26,1.3000000000000003,ZFM-04820,aa89d1e8-51da-40f6-a215-c9703a6ceb30,Midbrain
12,0.26,1.5,ZFM-04820,aa89d1e8-51da-40f6-a215-c9703a6ceb30,Midbrain
13,0.26,1.7000000000000002,ZFM-04820,aa89d1e8-51da-40f6-a215-c9703a6ceb30,Midbrain
14,0.26,1.9,ZFM-04820,aa89d1e8-51da-40f6-a215-c9703a6ceb30,Midbrain
15,0.26,2.1,ZFM-04820,aa89d1e8-51da-40f6-a215-c9703a6ceb30,Midbrain
16,0.26,2.3000000000000003,ZFM-04820,aa89d1e8-51da-40f6-a215-c9703a6ceb30,Midbrain
17,0.26,2.5,ZFM-04820,aa89d1e8-51da-40f6-a215-c9703a6ceb30,Midbrain
18,0.26,2.7,ZFM-04820,aa89d1e8-51da-40f6-a215-c9703a6ceb30,Midbrain
19,0.26,2.9000000000000004,ZFM-04820,aa89d1e8-51da-40f6-a215-c9703a6ceb30,Midbrain
20,0.26,3.1,ZFM-04820,aa89d1e8-51da-40f6-a215-c9703a6ceb30,Midbrain
21,0.26,3.3000000000000003,ZFM-04820,aa89d1e8-51da-40f6-a215-c9703a6ceb30,Midbrain
22,0.26,3.5,ZFM-04820,aa89d1e8-51da-40f6-a215-c9703a6ceb30,Midbrain
23,0.26,3.7,ZFM-04820,aa89d1e8-51da-40f6-a215-c9703a6ceb30,Midbrain
24,0.26,3.9000000000000004,ZFM-04820,aa89d1e8-51da-40f6-a215-c9703a6ceb30,Midbrain
0,0.41000000000000003,-0.9,ZFM-04820,9a9ee022-80b3-4a88-903f-12f838111818,Amygdala
1,0.37,-0.7000000000000001,ZFM-04820,9a9ee022-80b3-4a88-903f-12f838111818,Amygdala
2,0.39,-0.5,ZFM-04820,9a9ee022-80b3-4a88-903f-12f838111818,Amygdala
3,0.42000000000000004,-0.30000000000000004,ZFM-04820,9a9ee022-80b3-4a88-903f-12f838111818,Amygdala
4,0.43000000000000005,-0.1,ZFM-04820,9a9ee022-80b3-4a88-903f-12f838111818,Amygdala
5,0.43000000000000005,0.1,ZFM-04820,9a9ee022-80b3-4a88-903f-12f838111818,Amygdala
6,0.43000000000000005,0.30000000000000004,ZFM-04820,9a9ee022-80b3-4a88-903f-12f838111818,Amygdala
7,0.42000000000000004,0.5,ZFM-04820,9a9ee022-80b3-4a88-903f-12f838111818,Amygdala
8,0.49,0.7000000000000001,ZFM-04820,9a9ee022-80b3-4a88-903f-12f838111818,Amygdala
9,0.44999999999999996,0.9,ZFM-04820,9a9ee022-80b3-4a88-903f-12f838111818,Amygdala
10,0.43999999999999995,1.1,ZFM-04820,9a9ee022-80b3-4a88-903f-12f838111818,Amygdala
11,0.49,1.3000000000000003,ZFM-04820,9a9ee022-80b3-4a88-903f-12f838111818,Amygdala
12,0.45999999999999996,1.5,ZFM-04820,9a9ee022-80b3-4a88-903f-12f838111818,Amygdala
13,0.47,1.7000000000000002,ZFM-04820,9a9ee022-80b3-4a88-903f-12f838111818,Amygdala
14,0.44999999999999996,1.9,ZFM-04820,9a9ee022-80b3-4a88-903f-12f838111818,Amygdala
15,0.37,2.1,ZFM-04820,9a9ee022-80b3-4a88-903f-12f838111818,Amygdala
16,0.31999999999999995,2.3000000000000003,ZFM-04820,9a9ee022-80b3-4a88-903f-12f838111818,Amygdala
17,0.35,2.5,ZFM-04820,9a9ee022-80b3-4a88-903f-12f838111818,Amygdala
18,0.43999999999999995,2.7,ZFM-04820,9a9ee022-80b3-4a88-903f-12f838111818,Amygdala
19,0.39,2.9000000000000004,ZFM-04820,9a9ee022-80b3-4a88-903f-12f838111818,Amygdala
20,0.33999999999999997,3.1,ZFM-04820,9a9ee022-80b3-4a88-903f-12f838111818,Amygdala
21,0.31000000000000005,3.3000000000000003,ZFM-04820,9a9ee022-80b3-4a88-903f-12f838111818,Amygdala
22,0.31999999999999995,3.5,ZFM-04820,9a9ee022-80b3-4a88-903f-12f838111818,Amygdala
23,0.36,3.7,ZFM-04820,9a9ee022-80b3-4a88-903f-12f838111818,Amygdala
24,0.37,3.9000000000000004,ZFM-04820,9a9ee022-80b3-4a88-903f-12f838111818,Amygdala
0,0.51,-0.9,ZFM-04820,9a9ee022-80b3-4a88-903f-12f838111818,Hippocampus
1,0.52,-0.7000000000000001,ZFM-04820,9a9ee022-80b3-4a88-903f-12f838111818,Hippocampus
2,0.52,-0.5,ZFM-04820,9a9ee022-80b3-4a88-903f-12f838111818,Hippocampus
3,0.5,-0.30000000000000004,ZFM-04820,9a9ee022-80b3-4a88-903f-12f838111818,Hippocampus
4,0.5,-0.1,ZFM-04820,9a9ee022-80b3-4a88-903f-12f838111818,Hippocampus
5,0.5,0.1,ZFM-04820,9a9ee022-80b3-4a88-903f-12f838111818,Hippocampus
6,0.47,0.30000000000000004,ZFM-04820,9a9ee022-80b3-4a88-903f-12f838111818,Hippocampus
7,0.49,0.5,ZFM-04820,9a9ee022-80b3-4a88-903f-12f838111818,Hippocampus
8,0.49,0.7000000000000001,ZFM-04820,9a9ee022-80b3-4a88-903f-12f838111818,Hippocampus
9,0.47,0.9,ZFM-04820,9a9ee022-80b3-4a88-903f-12f838111818,Hippocampus
10,0.45999999999999996,1.1,ZFM-04820,9a9ee022-80b3-4a88-903f-12f838111818,Hippocampus
11,0.48,1.3000000000000003,ZFM-04820,9a9ee022-80b3-4a88-903f-12f838111818,Hippocampus
12,0.45999999999999996,1.5,ZFM-04820,9a9ee022-80b3-4a88-903f-12f838111818,Hippocampus
13,0.43999999999999995,1.7000000000000002,ZFM-04820,9a9ee022-80b3-4a88-903f-12f838111818,Hippocampus
14,0.43999999999999995,1.9,ZFM-04820,9a9ee022-80b3-4a88-903f-12f838111818,Hippocampus
15,0.44999999999999996,2.1,ZFM-04820,9a9ee022-80b3-4a88-903f-12f838111818,Hippocampus
16,0.43999999999999995,2.3000000000000003,ZFM-04820,9a9ee022-80b3-4a88-903f-12f838111818,Hippocampus
17,0.47,2.5,ZFM-04820,9a9ee022-80b3-4a88-903f-12f838111818,Hippocampus
18,0.47,2.7,ZFM-04820,9a9ee022-80b3-4a88-903f-12f838111818,Hippocampus
19,0.49,2.9000000000000004,ZFM-04820,9a9ee022-80b3-4a88-903f-12f838111818,Hippocampus
20,0.49,3.1,ZFM-04820,9a9ee022-80b3-4a88-903f-12f838111818,Hippocampus
21,0.5,3.3000000000000003,ZFM-04820,9a9ee022-80b3-4a88-903f-12f838111818,Hippocampus
22,0.48,3.5,ZFM-04820,9a9ee022-80b3-4a88-903f-12f838111818,Hippocampus
23,0.43999999999999995,3.7,ZFM-04820,9a9ee022-80b3-4a88-903f-12f838111818,Hippocampus
24,0.43999999999999995,3.9000000000000004,ZFM-04820,9a9ee022-80b3-4a88-903f-12f838111818,Hippocampus
0,0.43999999999999995,-0.9,ZFM-04820,cf08dda8-478f-4292-a06f-4c4dae9f8755,Frontal cortex
1,0.41000000000000003,-0.7000000000000001,ZFM-04820,cf08dda8-478f-4292-a06f-4c4dae9f8755,Frontal cortex
2,0.48,-0.5,ZFM-04820,cf08dda8-478f-4292-a06f-4c4dae9f8755,Frontal cortex
3,0.43000000000000005,-0.30000000000000004,ZFM-04820,cf08dda8-478f-4292-a06f-4c4dae9f8755,Frontal cortex
4,0.51,-0.1,ZFM-04820,cf08dda8-478f-4292-a06f-4c4dae9f8755,Frontal cortex
5,0.53,0.1,ZFM-04820,cf08dda8-478f-4292-a06f-4c4dae9f8755,Frontal cortex
6,0.52,0.30000000000000004,ZFM-04820,cf08dda8-478f-4292-a06f-4c4dae9f8755,Frontal cortex
7,0.56,0.5,ZFM-04820,cf08dda8-478f-4292-a06f-4c4dae9f8755,Frontal cortex
8,0.54,0.7000000000000001,ZFM-04820,cf08dda8-478f-4292-a06f-4c4dae9f8755,Frontal cortex
9,0.51,0.9,ZFM-04820,cf08dda8-478f-4292-a06f-4c4dae9f8755,Frontal cortex
10,0.55,1.1,ZFM-04820,cf08dda8-478f-4292-a06f-4c4dae9f8755,Frontal cortex
11,0.5,1.3000000000000003,ZFM-04820,cf08dda8-478f-4292-a06f-4c4dae9f8755,Frontal cortex
12,0.54,1.5,ZFM-04820,cf08dda8-478f-4292-a06f-4c4dae9f8755,Frontal cortex
13,0.54,1.7000000000000002,ZFM-04820,cf08dda8-478f-4292-a06f-4c4dae9f8755,Frontal cortex
14,0.45999999999999996,1.9,ZFM-04820,cf08dda8-478f-4292-a06f-4c4dae9f8755,Frontal cortex
15,0.55,2.1,ZFM-04820,cf08dda8-478f-4292-a06f-4c4dae9f8755,Frontal cortex
16,0.62,2.3000000000000003,ZFM-04820,cf08dda8-478f-4292-a06f-4c4dae9f8755,Frontal cortex
17,0.55,2.5,ZFM-04820,cf08dda8-478f-4292-a06f-4c4dae9f8755,Frontal cortex
18,0.5800000000000001,2.7,ZFM-04820,cf08dda8-478f-4292-a06f-4c4dae9f8755,Frontal cortex
19,0.6,2.9000000000000004,ZFM-04820,cf08dda8-478f-4292-a06f-4c4dae9f8755,Frontal cortex
20,0.5900000000000001,3.1,ZFM-04820,cf08dda8-478f-4292-a06f-4c4dae9f8755,Frontal cortex
21,0.56,3.3000000000000003,ZFM-04820,cf08dda8-478f-4292-a06f-4c4dae9f8755,Frontal cortex
22,0.56,3.5,ZFM-04820,cf08dda8-478f-4292-a06f-4c4dae9f8755,Frontal cortex
23,0.51,3.7,ZFM-04820,cf08dda8-478f-4292-a06f-4c4dae9f8755,Frontal cortex
24,0.5,3.9000000000000004,ZFM-04820,cf08dda8-478f-4292-a06f-4c4dae9f8755,Frontal cortex
0,0.6,-0.9,ZFM-05492,45715ef6-aec0-439f-b89e-55aa20edbdcf,Midbrain
1,0.6,-0.7000000000000001,ZFM-05492,45715ef6-aec0-439f-b89e-55aa20edbdcf,Midbrain
2,0.62,-0.5,ZFM-05492,45715ef6-aec0-439f-b89e-55aa20edbdcf,Midbrain
3,0.56,-0.30000000000000004,ZFM-05492,45715ef6-aec0-439f-b89e-55aa20edbdcf,Midbrain
4,0.55,-0.1,ZFM-05492,45715ef6-aec0-439f-b89e-55aa20edbdcf,Midbrain
5,0.56,0.1,ZFM-05492,45715ef6-aec0-439f-b89e-55aa20edbdcf,Midbrain
6,0.55,0.30000000000000004,ZFM-05492,45715ef6-aec0-439f-b89e-55aa20edbdcf,Midbrain
7,0.54,0.5,ZFM-05492,45715ef6-aec0-439f-b89e-55aa20edbdcf,Midbrain
8,0.53,0.7000000000000001,ZFM-05492,45715ef6-aec0-439f-b89e-55aa20edbdcf,Midbrain
9,0.53,0.9,ZFM-05492,45715ef6-aec0-439f-b89e-55aa20edbdcf,Midbrain
10,0.56,1.1,ZFM-05492,45715ef6-aec0-439f-b89e-55aa20edbdcf,Midbrain
11,0.5800000000000001,1.3000000000000003,ZFM-05492,45715ef6-aec0-439f-b89e-55aa20edbdcf,Midbrain
12,0.55,1.5,ZFM-05492,45715ef6-aec0-439f-b89e-55aa20edbdcf,Midbrain
13,0.5800000000000001,1.7000000000000002,ZFM-05492,45715ef6-aec0-439f-b89e-55aa20edbdcf,Midbrain
14,0.5700000000000001,1.9,ZFM-05492,45715ef6-aec0-439f-b89e-55aa20edbdcf,Midbrain
15,0.61,2.1,ZFM-05492,45715ef6-aec0-439f-b89e-55aa20edbdcf,Midbrain
16,0.5800000000000001,2.3000000000000003,ZFM-05492,45715ef6-aec0-439f-b89e-55aa20edbdcf,Midbrain
17,0.5900000000000001,2.5,ZFM-05492,45715ef6-aec0-439f-b89e-55aa20edbdcf,Midbrain
18,0.63,2.7,ZFM-05492,45715ef6-aec0-439f-b89e-55aa20edbdcf,Midbrain
19,0.64,2.9000000000000004,ZFM-05492,45715ef6-aec0-439f-b89e-55aa20edbdcf,Midbrain
20,0.62,3.1,ZFM-05492,45715ef6-aec0-439f-b89e-55aa20edbdcf,Midbrain
21,0.61,3.3000000000000003,ZFM-05492,45715ef6-aec0-439f-b89e-55aa20edbdcf,Midbrain
22,0.63,3.5,ZFM-05492,45715ef6-aec0-439f-b89e-55aa20edbdcf,Midbrain
23,0.5900000000000001,3.7,ZFM-05492,45715ef6-aec0-439f-b89e-55aa20edbdcf,Midbrain
24,0.63,3.9000000000000004,ZFM-05492,45715ef6-aec0-439f-b89e-55aa20edbdcf,Midbrain
0,0.75,-0.9,ZFM-05492,9d6a2d8d-c06c-4f04-b208-a8346fedb471,Frontal cortex
1,0.77,-0.7000000000000001,ZFM-05492,9d6a2d8d-c06c-4f04-b208-a8346fedb471,Frontal cortex
2,0.71,-0.5,ZFM-05492,9d6a2d8d-c06c-4f04-b208-a8346fedb471,Frontal cortex
3,0.7,-0.30000000000000004,ZFM-05492,9d6a2d8d-c06c-4f04-b208-a8346fedb471,Frontal cortex
4,0.72,-0.1,ZFM-05492,9d6a2d8d-c06c-4f04-b208-a8346fedb471,Frontal cortex
5,0.75,0.1,ZFM-05492,9d6a2d8d-c06c-4f04-b208-a8346fedb471,Frontal cortex
6,0.78,0.30000000000000004,ZFM-05492,9d6a2d8d-c06c-4f04-b208-a8346fedb471,Frontal cortex
7,0.79,0.5,ZFM-05492,9d6a2d8d-c06c-4f04-b208-a8346fedb471,Frontal cortex
8,0.76,0.7000000000000001,ZFM-05492,9d6a2d8d-c06c-4f04-b208-a8346fedb471,Frontal cortex
9,0.72,0.9,ZFM-05492,9d6a2d8d-c06c-4f04-b208-a8346fedb471,Frontal cortex
10,0.75,1.1,ZFM-05492,9d6a2d8d-c06c-4f04-b208-a8346fedb471,Frontal cortex
11,0.81,1.3000000000000003,ZFM-05492,9d6a2d8d-c06c-4f04-b208-a8346fedb471,Frontal cortex
12,0.78,1.5,ZFM-05492,9d6a2d8d-c06c-4f04-b208-a8346fedb471,Frontal cortex
13,0.78,1.7000000000000002,ZFM-05492,9d6a2d8d-c06c-4f04-b208-a8346fedb471,Frontal cortex
14,0.77,1.9,ZFM-05492,9d6a2d8d-c06c-4f04-b208-a8346fedb471,Frontal cortex
15,0.77,2.1,ZFM-05492,9d6a2d8d-c06c-4f04-b208-a8346fedb471,Frontal cortex
16,0.75,2.3000000000000003,ZFM-05492,9d6a2d8d-c06c-4f04-b208-a8346fedb471,Frontal cortex
17,0.69,2.5,ZFM-05492,9d6a2d8d-c06c-4f04-b208-a8346fedb471,Frontal cortex
18,0.7,2.7,ZFM-05492,9d6a2d8d-c06c-4f04-b208-a8346fedb471,Frontal cortex
19,0.71,2.9000000000000004,ZFM-05492,9d6a2d8d-c06c-4f04-b208-a8346fedb471,Frontal cortex
20,0.71,3.1,ZFM-05492,9d6a2d8d-c06c-4f04-b208-a8346fedb471,Frontal cortex
21,0.74,3.3000000000000003,ZFM-05492,9d6a2d8d-c06c-4f04-b208-a8346fedb471,Frontal cortex
22,0.81,3.5,ZFM-05492,9d6a2d8d-c06c-4f04-b208-a8346fedb471,Frontal cortex
23,0.8,3.7,ZFM-05492,9d6a2d8d-c06c-4f04-b208-a8346fedb471,Frontal cortex
24,0.8,3.9000000000000004,ZFM-05492,9d6a2d8d-c06c-4f04-b208-a8346fedb471,Frontal cortex
0,0.77,-0.9,ZFM-05492,9d6a2d8d-c06c-4f04-b208-a8346fedb471,Striatum
1,0.76,-0.7000000000000001,ZFM-05492,9d6a2d8d-c06c-4f04-b208-a8346fedb471,Striatum
2,0.75,-0.5,ZFM-05492,9d6a2d8d-c06c-4f04-b208-a8346fedb471,Striatum
3,0.75,-0.30000000000000004,ZFM-05492,9d6a2d8d-c06c-4f04-b208-a8346fedb471,Striatum
4,0.75,-0.1,ZFM-05492,9d6a2d8d-c06c-4f04-b208-a8346fedb471,Striatum
5,0.75,0.1,ZFM-05492,9d6a2d8d-c06c-4f04-b208-a8346fedb471,Striatum
6,0.79,0.30000000000000004,ZFM-05492,9d6a2d8d-c06c-4f04-b208-a8346fedb471,Striatum
7,0.8,0.5,ZFM-05492,9d6a2d8d-c06c-4f04-b208-a8346fedb471,Striatum
8,0.83,0.7000000000000001,ZFM-05492,9d6a2d8d-c06c-4f04-b208-a8346fedb471,Striatum
9,0.86,0.9,ZFM-05492,9d6a2d8d-c06c-4f04-b208-a8346fedb471,Striatum
10,0.8200000000000001,1.1,ZFM-05492,9d6a2d8d-c06c-4f04-b208-a8346fedb471,Striatum
11,0.76,1.3000000000000003,ZFM-05492,9d6a2d8d-c06c-4f04-b208-a8346fedb471,Striatum
12,0.75,1.5,ZFM-05492,9d6a2d8d-c06c-4f04-b208-a8346fedb471,Striatum
13,0.78,1.7000000000000002,ZFM-05492,9d6a2d8d-c06c-4f04-b208-a8346fedb471,Striatum
14,0.78,1.9,ZFM-05492,9d6a2d8d-c06c-4f04-b208-a8346fedb471,Striatum
15,0.76,2.1,ZFM-05492,9d6a2d8d-c06c-4f04-b208-a8346fedb471,Striatum
16,0.76,2.3000000000000003,ZFM-05492,9d6a2d8d-c06c-4f04-b208-a8346fedb471,Striatum
17,0.75,2.5,ZFM-05492,9d6a2d8d-c06c-4f04-b208-a8346fedb471,Striatum
18,0.75,2.7,ZFM-05492,9d6a2d8d-c06c-4f04-b208-a8346fedb471,Striatum
19,0.76,2.9000000000000004,ZFM-05492,9d6a2d8d-c06c-4f04-b208-a8346fedb471,Striatum
20,0.75,3.1,ZFM-05492,9d6a2d8d-c06c-4f04-b208-a8346fedb471,Striatum
21,0.79,3.3000000000000003,ZFM-05492,9d6a2d8d-c06c-4f04-b208-a8346fedb471,Striatum
22,0.73,3.5,ZFM-05492,9d6a2d8d-c06c-4f04-b208-a8346fedb471,Striatum
23,0.77,3.7,ZFM-05492,9d6a2d8d-c06c-4f04-b208-a8346fedb471,Striatum
24,0.78,3.9000000000000004,ZFM-05492,9d6a2d8d-c06c-4f04-b208-a8346fedb471,Striatum
0,0.6699999999999999,-0.9,ZFM-05492,e19c5b97-62cb-409d-8d6e-ac399755e4b5,Sensory cortex
1,0.62,-0.7000000000000001,ZFM-05492,e19c5b97-62cb-409d-8d6e-ac399755e4b5,Sensory cortex
2,0.63,-0.5,ZFM-05492,e19c5b97-62cb-409d-8d6e-ac399755e4b5,Sensory cortex
3,0.69,-0.30000000000000004,ZFM-05492,e19c5b97-62cb-409d-8d6e-ac399755e4b5,Sensory cortex
4,0.61,-0.1,ZFM-05492,e19c5b97-62cb-409d-8d6e-ac399755e4b5,Sensory cortex
5,0.55,0.1,ZFM-05492,e19c5b97-62cb-409d-8d6e-ac399755e4b5,Sensory cortex
6,0.65,0.30000000000000004,ZFM-05492,e19c5b97-62cb-409d-8d6e-ac399755e4b5,Sensory cortex
7,0.62,0.5,ZFM-05492,e19c5b97-62cb-409d-8d6e-ac399755e4b5,Sensory cortex
8,0.6699999999999999,0.7000000000000001,ZFM-05492,e19c5b97-62cb-409d-8d6e-ac399755e4b5,Sensory cortex
9,0.64,0.9,ZFM-05492,e19c5b97-62cb-409d-8d6e-ac399755e4b5,Sensory cortex
10,0.61,1.1,ZFM-05492,e19c5b97-62cb-409d-8d6e-ac399755e4b5,Sensory cortex
11,0.6799999999999999,1.3000000000000003,ZFM-05492,e19c5b97-62cb-409d-8d6e-ac399755e4b5,Sensory cortex
12,0.6799999999999999,1.5,ZFM-05492,e19c5b97-62cb-409d-8d6e-ac399755e4b5,Sensory cortex
13,0.6799999999999999,1.7000000000000002,ZFM-05492,e19c5b97-62cb-409d-8d6e-ac399755e4b5,Sensory cortex
14,0.55,1.9,ZFM-05492,e19c5b97-62cb-409d-8d6e-ac399755e4b5,Sensory cortex
15,0.65,2.1,ZFM-05492,e19c5b97-62cb-409d-8d6e-ac399755e4b5,Sensory cortex
16,0.62,2.3000000000000003,ZFM-05492,e19c5b97-62cb-409d-8d6e-ac399755e4b5,Sensory cortex
17,0.6,2.5,ZFM-05492,e19c5b97-62cb-409d-8d6e-ac399755e4b5,Sensory cortex
18,0.63,2.7,ZFM-05492,e19c5b97-62cb-409d-8d6e-ac399755e4b5,Sensory cortex
19,0.6,2.9000000000000004,ZFM-05492,e19c5b97-62cb-409d-8d6e-ac399755e4b5,Sensory cortex
20,0.65,3.1,ZFM-05492,e19c5b97-62cb-409d-8d6e-ac399755e4b5,Sensory cortex
21,0.64,3.3000000000000003,ZFM-05492,e19c5b97-62cb-409d-8d6e-ac399755e4b5,Sensory cortex
22,0.55,3.5,ZFM-05492,e19c5b97-62cb-409d-8d6e-ac399755e4b5,Sensory cortex
23,0.5900000000000001,3.7,ZFM-05492,e19c5b97-62cb-409d-8d6e-ac399755e4b5,Sensory cortex
24,0.6,3.9000000000000004,ZFM-05492,e19c5b97-62cb-409d-8d6e-ac399755e4b5,Sensory cortex
0,0.28,-0.9,ZFM-05492,734bfce6-1705-44c3-8cd2-72327955dbf7,Midbrain
1,0.29000000000000004,-0.7000000000000001,ZFM-05492,734bfce6-1705-44c3-8cd2-72327955dbf7,Midbrain
2,0.28,-0.5,ZFM-05492,734bfce6-1705-44c3-8cd2-72327955dbf7,Midbrain
3,0.30000000000000004,-0.30000000000000004,ZFM-05492,734bfce6-1705-44c3-8cd2-72327955dbf7,Midbrain
4,0.30000000000000004,-0.1,ZFM-05492,734bfce6-1705-44c3-8cd2-72327955dbf7,Midbrain
5,0.29000000000000004,0.1,ZFM-05492,734bfce6-1705-44c3-8cd2-72327955dbf7,Midbrain
6,0.30000000000000004,0.30000000000000004,ZFM-05492,734bfce6-1705-44c3-8cd2-72327955dbf7,Midbrain
7,0.28,0.5,ZFM-05492,734bfce6-1705-44c3-8cd2-72327955dbf7,Midbrain
8,0.30000000000000004,0.7000000000000001,ZFM-05492,734bfce6-1705-44c3-8cd2-72327955dbf7,Midbrain
9,0.31999999999999995,0.9,ZFM-05492,734bfce6-1705-44c3-8cd2-72327955dbf7,Midbrain
10,0.31000000000000005,1.1,ZFM-05492,734bfce6-1705-44c3-8cd2-72327955dbf7,Midbrain
11,0.31999999999999995,1.3000000000000003,ZFM-05492,734bfce6-1705-44c3-8cd2-72327955dbf7,Midbrain
12,0.30000000000000004,1.5,ZFM-05492,734bfce6-1705-44c3-8cd2-72327955dbf7,Midbrain
13,0.29000000000000004,1.7000000000000002,ZFM-05492,734bfce6-1705-44c3-8cd2-72327955dbf7,Midbrain
14,0.28,1.9,ZFM-05492,734bfce6-1705-44c3-8cd2-72327955dbf7,Midbrain
15,0.30000000000000004,2.1,ZFM-05492,734bfce6-1705-44c3-8cd2-72327955dbf7,Midbrain
16,0.26,2.3000000000000003,ZFM-05492,734bfce6-1705-44c3-8cd2-72327955dbf7,Midbrain
17,0.25,2.5,ZFM-05492,734bfce6-1705-44c3-8cd2-72327955dbf7,Midbrain
18,0.31000000000000005,2.7,ZFM-05492,734bfce6-1705-44c3-8cd2-72327955dbf7,Midbrain
19,0.31999999999999995,2.9000000000000004,ZFM-05492,734bfce6-1705-44c3-8cd2-72327955dbf7,Midbrain
20,0.31000000000000005,3.1,ZFM-05492,734bfce6-1705-44c3-8cd2-72327955dbf7,Midbrain
21,0.31999999999999995,3.3000000000000003,ZFM-05492,734bfce6-1705-44c3-8cd2-72327955dbf7,Midbrain
22,0.30000000000000004,3.5,ZFM-05492,734bfce6-1705-44c3-8cd2-72327955dbf7,Midbrain
23,0.30000000000000004,3.7,ZFM-05492,734bfce6-1705-44c3-8cd2-72327955dbf7,Midbrain
24,0.31000000000000005,3.9000000000000004,ZFM-05492,734bfce6-1705-44c3-8cd2-72327955dbf7,Midbrain
0,0.45999999999999996,-0.9,ZFM-05492,945c6309-78ed-403d-a05d-c3d18ccd2234,Hippocampus
1,0.47,-0.7000000000000001,ZFM-05492,945c6309-78ed-403d-a05d-c3d18ccd2234,Hippocampus
2,0.47,-0.5,ZFM-05492,945c6309-78ed-403d-a05d-c3d18ccd2234,Hippocampus
3,0.47,-0.30000000000000004,ZFM-05492,945c6309-78ed-403d-a05d-c3d18ccd2234,Hippocampus
4,0.47,-0.1,ZFM-05492,945c6309-78ed-403d-a05d-c3d18ccd2234,Hippocampus
5,0.47,0.1,ZFM-05492,945c6309-78ed-403d-a05d-c3d18ccd2234,Hippocampus
6,0.47,0.30000000000000004,ZFM-05492,945c6309-78ed-403d-a05d-c3d18ccd2234,Hippocampus
7,0.45999999999999996,0.5,ZFM-05492,945c6309-78ed-403d-a05d-c3d18ccd2234,Hippocampus
8,0.44999999999999996,0.7000000000000001,ZFM-05492,945c6309-78ed-403d-a05d-c3d18ccd2234,Hippocampus
9,0.41000000000000003,0.9,ZFM-05492,945c6309-78ed-403d-a05d-c3d18ccd2234,Hippocampus
10,0.4,1.1,ZFM-05492,945c6309-78ed-403d-a05d-c3d18ccd2234,Hippocampus
11,0.4,1.3000000000000003,ZFM-05492,945c6309-78ed-403d-a05d-c3d18ccd2234,Hippocampus
12,0.41000000000000003,1.5,ZFM-05492,945c6309-78ed-403d-a05d-c3d18ccd2234,Hippocampus
13,0.39,1.7000000000000002,ZFM-05492,945c6309-78ed-403d-a05d-c3d18ccd2234,Hippocampus
14,0.39,1.9,ZFM-05492,945c6309-78ed-403d-a05d-c3d18ccd2234,Hippocampus
15,0.4,2.1,ZFM-05492,945c6309-78ed-403d-a05d-c3d18ccd2234,Hippocampus
16,0.4,2.3000000000000003,ZFM-05492,945c6309-78ed-403d-a05d-c3d18ccd2234,Hippocampus
17,0.4,2.5,ZFM-05492,945c6309-78ed-403d-a05d-c3d18ccd2234,Hippocampus
18,0.41000000000000003,2.7,ZFM-05492,945c6309-78ed-403d-a05d-c3d18ccd2234,Hippocampus
19,0.41000000000000003,2.9000000000000004,ZFM-05492,945c6309-78ed-403d-a05d-c3d18ccd2234,Hippocampus
20,0.41000000000000003,3.1,ZFM-05492,945c6309-78ed-403d-a05d-c3d18ccd2234,Hippocampus
21,0.41000000000000003,3.3000000000000003,ZFM-05492,945c6309-78ed-403d-a05d-c3d18ccd2234,Hippocampus
22,0.39,3.5,ZFM-05492,945c6309-78ed-403d-a05d-c3d18ccd2234,Hippocampus
23,0.39,3.7,ZFM-05492,945c6309-78ed-403d-a05d-c3d18ccd2234,Hippocampus
24,0.38,3.9000000000000004,ZFM-05492,945c6309-78ed-403d-a05d-c3d18ccd2234,Hippocampus
0,0.64,-0.9,ZFM-05492,945c6309-78ed-403d-a05d-c3d18ccd2234,Sensory cortex
1,0.6,-0.7000000000000001,ZFM-05492,945c6309-78ed-403d-a05d-c3d18ccd2234,Sensory cortex
2,0.61,-0.5,ZFM-05492,945c6309-78ed-403d-a05d-c3d18ccd2234,Sensory cortex
3,0.54,-0.30000000000000004,ZFM-05492,945c6309-78ed-403d-a05d-c3d18ccd2234,Sensory cortex
4,0.5900000000000001,-0.1,ZFM-05492,945c6309-78ed-403d-a05d-c3d18ccd2234,Sensory cortex
5,0.56,0.1,ZFM-05492,945c6309-78ed-403d-a05d-c3d18ccd2234,Sensory cortex
6,0.6,0.30000000000000004,ZFM-05492,945c6309-78ed-403d-a05d-c3d18ccd2234,Sensory cortex
7,0.6599999999999999,0.5,ZFM-05492,945c6309-78ed-403d-a05d-c3d18ccd2234,Sensory cortex
8,0.61,0.7000000000000001,ZFM-05492,945c6309-78ed-403d-a05d-c3d18ccd2234,Sensory cortex
9,0.63,0.9,ZFM-05492,945c6309-78ed-403d-a05d-c3d18ccd2234,Sensory cortex
10,0.63,1.1,ZFM-05492,945c6309-78ed-403d-a05d-c3d18ccd2234,Sensory cortex
11,0.6599999999999999,1.3000000000000003,ZFM-05492,945c6309-78ed-403d-a05d-c3d18ccd2234,Sensory cortex
12,0.6799999999999999,1.5,ZFM-05492,945c6309-78ed-403d-a05d-c3d18ccd2234,Sensory cortex
13,0.6,1.7000000000000002,ZFM-05492,945c6309-78ed-403d-a05d-c3d18ccd2234,Sensory cortex
14,0.65,1.9,ZFM-05492,945c6309-78ed-403d-a05d-c3d18ccd2234,Sensory cortex
15,0.6799999999999999,2.1,ZFM-05492,945c6309-78ed-403d-a05d-c3d18ccd2234,Sensory cortex
16,0.5900000000000001,2.3000000000000003,ZFM-05492,945c6309-78ed-403d-a05d-c3d18ccd2234,Sensory cortex
17,0.63,2.5,ZFM-05492,945c6309-78ed-403d-a05d-c3d18ccd2234,Sensory cortex
18,0.62,2.7,ZFM-05492,945c6309-78ed-403d-a05d-c3d18ccd2234,Sensory cortex
19,0.64,2.9000000000000004,ZFM-05492,945c6309-78ed-403d-a05d-c3d18ccd2234,Sensory cortex
20,0.5900000000000001,3.1,ZFM-05492,945c6309-78ed-403d-a05d-c3d18ccd2234,Sensory cortex
21,0.63,3.3000000000000003,ZFM-05492,945c6309-78ed-403d-a05d-c3d18ccd2234,Sensory cortex
22,0.63,3.5,ZFM-05492,945c6309-78ed-403d-a05d-c3d18ccd2234,Sensory cortex
23,0.62,3.7,ZFM-05492,945c6309-78ed-403d-a05d-c3d18ccd2234,Sensory cortex
24,0.7,3.9000000000000004,ZFM-05492,945c6309-78ed-403d-a05d-c3d18ccd2234,Sensory cortex
0,0.36,-0.9,ZFM-05492,945c6309-78ed-403d-a05d-c3d18ccd2234,Thalamus
1,0.37,-0.7000000000000001,ZFM-05492,945c6309-78ed-403d-a05d-c3d18ccd2234,Thalamus
2,0.37,-0.5,ZFM-05492,945c6309-78ed-403d-a05d-c3d18ccd2234,Thalamus
3,0.38,-0.30000000000000004,ZFM-05492,945c6309-78ed-403d-a05d-c3d18ccd2234,Thalamus
4,0.37,-0.1,ZFM-05492,945c6309-78ed-403d-a05d-c3d18ccd2234,Thalamus
5,0.35,0.1,ZFM-05492,945c6309-78ed-403d-a05d-c3d18ccd2234,Thalamus
6,0.32999999999999996,0.30000000000000004,ZFM-05492,945c6309-78ed-403d-a05d-c3d18ccd2234,Thalamus
7,0.32999999999999996,0.5,ZFM-05492,945c6309-78ed-403d-a05d-c3d18ccd2234,Thalamus
8,0.32999999999999996,0.7000000000000001,ZFM-05492,945c6309-78ed-403d-a05d-c3d18ccd2234,Thalamus
9,0.33999999999999997,0.9,ZFM-05492,945c6309-78ed-403d-a05d-c3d18ccd2234,Thalamus
10,0.35,1.1,ZFM-05492,945c6309-78ed-403d-a05d-c3d18ccd2234,Thalamus
11,0.36,1.3000000000000003,ZFM-05492,945c6309-78ed-403d-a05d-c3d18ccd2234,Thalamus
12,0.37,1.5,ZFM-05492,945c6309-78ed-403d-a05d-c3d18ccd2234,Thalamus
13,0.37,1.7000000000000002,ZFM-05492,945c6309-78ed-403d-a05d-c3d18ccd2234,Thalamus
14,0.37,1.9,ZFM-05492,945c6309-78ed-403d-a05d-c3d18ccd2234,Thalamus
15,0.36,2.1,ZFM-05492,945c6309-78ed-403d-a05d-c3d18ccd2234,Thalamus
16,0.37,2.3000000000000003,ZFM-05492,945c6309-78ed-403d-a05d-c3d18ccd2234,Thalamus
17,0.35,2.5,ZFM-05492,945c6309-78ed-403d-a05d-c3d18ccd2234,Thalamus
18,0.35,2.7,ZFM-05492,945c6309-78ed-403d-a05d-c3d18ccd2234,Thalamus
19,0.35,2.9000000000000004,ZFM-05492,945c6309-78ed-403d-a05d-c3d18ccd2234,Thalamus
20,0.33999999999999997,3.1,ZFM-05492,945c6309-78ed-403d-a05d-c3d18ccd2234,Thalamus
21,0.35,3.3000000000000003,ZFM-05492,945c6309-78ed-403d-a05d-c3d18ccd2234,Thalamus
22,0.37,3.5,ZFM-05492,945c6309-78ed-403d-a05d-c3d18ccd2234,Thalamus
23,0.37,3.7,ZFM-05492,945c6309-78ed-403d-a05d-c3d18ccd2234,Thalamus
24,0.37,3.9000000000000004,ZFM-05492,945c6309-78ed-403d-a05d-c3d18ccd2234,Thalamus
0,0.55,-0.9,ZFM-05492,17f6f32a-67c5-4e28-9b12-42887c4f3b57,Thalamus
1,0.55,-0.7000000000000001,ZFM-05492,17f6f32a-67c5-4e28-9b12-42887c4f3b57,Thalamus
2,0.54,-0.5,ZFM-05492,17f6f32a-67c5-4e28-9b12-42887c4f3b57,Thalamus
3,0.53,-0.30000000000000004,ZFM-05492,17f6f32a-67c5-4e28-9b12-42887c4f3b57,Thalamus
4,0.53,-0.1,ZFM-05492,17f6f32a-67c5-4e28-9b12-42887c4f3b57,Thalamus
5,0.53,0.1,ZFM-05492,17f6f32a-67c5-4e28-9b12-42887c4f3b57,Thalamus
6,0.54,0.30000000000000004,ZFM-05492,17f6f32a-67c5-4e28-9b12-42887c4f3b57,Thalamus
7,0.55,0.5,ZFM-05492,17f6f32a-67c5-4e28-9b12-42887c4f3b57,Thalamus
8,0.56,0.7000000000000001,ZFM-05492,17f6f32a-67c5-4e28-9b12-42887c4f3b57,Thalamus
9,0.54,0.9,ZFM-05492,17f6f32a-67c5-4e28-9b12-42887c4f3b57,Thalamus
10,0.55,1.1,ZFM-05492,17f6f32a-67c5-4e28-9b12-42887c4f3b57,Thalamus
11,0.55,1.3000000000000003,ZFM-05492,17f6f32a-67c5-4e28-9b12-42887c4f3b57,Thalamus
12,0.54,1.5,ZFM-05492,17f6f32a-67c5-4e28-9b12-42887c4f3b57,Thalamus
13,0.55,1.7000000000000002,ZFM-05492,17f6f32a-67c5-4e28-9b12-42887c4f3b57,Thalamus
14,0.55,1.9,ZFM-05492,17f6f32a-67c5-4e28-9b12-42887c4f3b57,Thalamus
15,0.56,2.1,ZFM-05492,17f6f32a-67c5-4e28-9b12-42887c4f3b57,Thalamus
16,0.56,2.3000000000000003,ZFM-05492,17f6f32a-67c5-4e28-9b12-42887c4f3b57,Thalamus
17,0.56,2.5,ZFM-05492,17f6f32a-67c5-4e28-9b12-42887c4f3b57,Thalamus
18,0.5700000000000001,2.7,ZFM-05492,17f6f32a-67c5-4e28-9b12-42887c4f3b57,Thalamus
19,0.56,2.9000000000000004,ZFM-05492,17f6f32a-67c5-4e28-9b12-42887c4f3b57,Thalamus
20,0.56,3.1,ZFM-05492,17f6f32a-67c5-4e28-9b12-42887c4f3b57,Thalamus
21,0.55,3.3000000000000003,ZFM-05492,17f6f32a-67c5-4e28-9b12-42887c4f3b57,Thalamus
22,0.5700000000000001,3.5,ZFM-05492,17f6f32a-67c5-4e28-9b12-42887c4f3b57,Thalamus
23,0.56,3.7,ZFM-05492,17f6f32a-67c5-4e28-9b12-42887c4f3b57,Thalamus
24,0.56,3.9000000000000004,ZFM-05492,17f6f32a-67c5-4e28-9b12-42887c4f3b57,Thalamus
0,0.6,-0.9,ZFM-05492,5e5d8b5c-0df0-446e-956f-c834769b2ab4,Frontal cortex
1,0.5800000000000001,-0.7000000000000001,ZFM-05492,5e5d8b5c-0df0-446e-956f-c834769b2ab4,Frontal cortex
2,0.61,-0.5,ZFM-05492,5e5d8b5c-0df0-446e-956f-c834769b2ab4,Frontal cortex
3,0.5,-0.30000000000000004,ZFM-05492,5e5d8b5c-0df0-446e-956f-c834769b2ab4,Frontal cortex
4,0.5700000000000001,-0.1,ZFM-05492,5e5d8b5c-0df0-446e-956f-c834769b2ab4,Frontal cortex
5,0.5800000000000001,0.1,ZFM-05492,5e5d8b5c-0df0-446e-956f-c834769b2ab4,Frontal cortex
6,0.53,0.30000000000000004,ZFM-05492,5e5d8b5c-0df0-446e-956f-c834769b2ab4,Frontal cortex
7,0.47,0.5,ZFM-05492,5e5d8b5c-0df0-446e-956f-c834769b2ab4,Frontal cortex
8,0.56,0.7000000000000001,ZFM-05492,5e5d8b5c-0df0-446e-956f-c834769b2ab4,Frontal cortex
9,0.54,0.9,ZFM-05492,5e5d8b5c-0df0-446e-956f-c834769b2ab4,Frontal cortex
10,0.5800000000000001,1.1,ZFM-05492,5e5d8b5c-0df0-446e-956f-c834769b2ab4,Frontal cortex
11,0.5700000000000001,1.3000000000000003,ZFM-05492,5e5d8b5c-0df0-446e-956f-c834769b2ab4,Frontal cortex
12,0.53,1.5,ZFM-05492,5e5d8b5c-0df0-446e-956f-c834769b2ab4,Frontal cortex
13,0.5800000000000001,1.7000000000000002,ZFM-05492,5e5d8b5c-0df0-446e-956f-c834769b2ab4,Frontal cortex
14,0.63,1.9,ZFM-05492,5e5d8b5c-0df0-446e-956f-c834769b2ab4,Frontal cortex
15,0.65,2.1,ZFM-05492,5e5d8b5c-0df0-446e-956f-c834769b2ab4,Frontal cortex
16,0.61,2.3000000000000003,ZFM-05492,5e5d8b5c-0df0-446e-956f-c834769b2ab4,Frontal cortex
17,0.56,2.5,ZFM-05492,5e5d8b5c-0df0-446e-956f-c834769b2ab4,Frontal cortex
18,0.54,2.7,ZFM-05492,5e5d8b5c-0df0-446e-956f-c834769b2ab4,Frontal cortex
19,0.55,2.9000000000000004,ZFM-05492,5e5d8b5c-0df0-446e-956f-c834769b2ab4,Frontal cortex
20,0.5800000000000001,3.1,ZFM-05492,5e5d8b5c-0df0-446e-956f-c834769b2ab4,Frontal cortex
21,0.53,3.3000000000000003,ZFM-05492,5e5d8b5c-0df0-446e-956f-c834769b2ab4,Frontal cortex
22,0.56,3.5,ZFM-05492,5e5d8b5c-0df0-446e-956f-c834769b2ab4,Frontal cortex
23,0.54,3.7,ZFM-05492,5e5d8b5c-0df0-446e-956f-c834769b2ab4,Frontal cortex
24,0.53,3.9000000000000004,ZFM-05492,5e5d8b5c-0df0-446e-956f-c834769b2ab4,Frontal cortex
0,0.49,-0.9,ZFM-05495,0319e090-a0c1-4325-b3ce-a52ef819b791,Midbrain
1,0.51,-0.7000000000000001,ZFM-05495,0319e090-a0c1-4325-b3ce-a52ef819b791,Midbrain
2,0.52,-0.5,ZFM-05495,0319e090-a0c1-4325-b3ce-a52ef819b791,Midbrain
3,0.52,-0.30000000000000004,ZFM-05495,0319e090-a0c1-4325-b3ce-a52ef819b791,Midbrain
4,0.51,-0.1,ZFM-05495,0319e090-a0c1-4325-b3ce-a52ef819b791,Midbrain
5,0.5,0.1,ZFM-05495,0319e090-a0c1-4325-b3ce-a52ef819b791,Midbrain
6,0.51,0.30000000000000004,ZFM-05495,0319e090-a0c1-4325-b3ce-a52ef819b791,Midbrain
7,0.5,0.5,ZFM-05495,0319e090-a0c1-4325-b3ce-a52ef819b791,Midbrain
8,0.49,0.7000000000000001,ZFM-05495,0319e090-a0c1-4325-b3ce-a52ef819b791,Midbrain
9,0.48,0.9,ZFM-05495,0319e090-a0c1-4325-b3ce-a52ef819b791,Midbrain
10,0.5,1.1,ZFM-05495,0319e090-a0c1-4325-b3ce-a52ef819b791,Midbrain
11,0.52,1.3000000000000003,ZFM-05495,0319e090-a0c1-4325-b3ce-a52ef819b791,Midbrain
12,0.52,1.5,ZFM-05495,0319e090-a0c1-4325-b3ce-a52ef819b791,Midbrain
13,0.48,1.7000000000000002,ZFM-05495,0319e090-a0c1-4325-b3ce-a52ef819b791,Midbrain
14,0.48,1.9,ZFM-05495,0319e090-a0c1-4325-b3ce-a52ef819b791,Midbrain
15,0.48,2.1,ZFM-05495,0319e090-a0c1-4325-b3ce-a52ef819b791,Midbrain
16,0.48,2.3000000000000003,ZFM-05495,0319e090-a0c1-4325-b3ce-a52ef819b791,Midbrain
17,0.5,2.5,ZFM-05495,0319e090-a0c1-4325-b3ce-a52ef819b791,Midbrain
18,0.5,2.7,ZFM-05495,0319e090-a0c1-4325-b3ce-a52ef819b791,Midbrain
19,0.51,2.9000000000000004,ZFM-05495,0319e090-a0c1-4325-b3ce-a52ef819b791,Midbrain
20,0.5,3.1,ZFM-05495,0319e090-a0c1-4325-b3ce-a52ef819b791,Midbrain
21,0.49,3.3000000000000003,ZFM-05495,0319e090-a0c1-4325-b3ce-a52ef819b791,Midbrain
22,0.48,3.5,ZFM-05495,0319e090-a0c1-4325-b3ce-a52ef819b791,Midbrain
23,0.47,3.7,ZFM-05495,0319e090-a0c1-4325-b3ce-a52ef819b791,Midbrain
24,0.48,3.9000000000000004,ZFM-05495,0319e090-a0c1-4325-b3ce-a52ef819b791,Midbrain
0,0.5,-0.9,ZFM-05495,a7dc2b34-4c03-412e-ae5c-76329cee941b,Frontal cortex
1,0.56,-0.7000000000000001,ZFM-05495,a7dc2b34-4c03-412e-ae5c-76329cee941b,Frontal cortex
2,0.52,-0.5,ZFM-05495,a7dc2b34-4c03-412e-ae5c-76329cee941b,Frontal cortex
3,0.47,-0.30000000000000004,ZFM-05495,a7dc2b34-4c03-412e-ae5c-76329cee941b,Frontal cortex
4,0.44999999999999996,-0.1,ZFM-05495,a7dc2b34-4c03-412e-ae5c-76329cee941b,Frontal cortex
5,0.49,0.1,ZFM-05495,a7dc2b34-4c03-412e-ae5c-76329cee941b,Frontal cortex
6,0.54,0.30000000000000004,ZFM-05495,a7dc2b34-4c03-412e-ae5c-76329cee941b,Frontal cortex
7,0.55,0.5,ZFM-05495,a7dc2b34-4c03-412e-ae5c-76329cee941b,Frontal cortex
8,0.47,0.7000000000000001,ZFM-05495,a7dc2b34-4c03-412e-ae5c-76329cee941b,Frontal cortex
9,0.5700000000000001,0.9,ZFM-05495,a7dc2b34-4c03-412e-ae5c-76329cee941b,Frontal cortex
10,0.48,1.1,ZFM-05495,a7dc2b34-4c03-412e-ae5c-76329cee941b,Frontal cortex
11,0.45999999999999996,1.3000000000000003,ZFM-05495,a7dc2b34-4c03-412e-ae5c-76329cee941b,Frontal cortex
12,0.48,1.5,ZFM-05495,a7dc2b34-4c03-412e-ae5c-76329cee941b,Frontal cortex
13,0.54,1.7000000000000002,ZFM-05495,a7dc2b34-4c03-412e-ae5c-76329cee941b,Frontal cortex
14,0.42000000000000004,1.9,ZFM-05495,a7dc2b34-4c03-412e-ae5c-76329cee941b,Frontal cortex
15,0.41000000000000003,2.1,ZFM-05495,a7dc2b34-4c03-412e-ae5c-76329cee941b,Frontal cortex
16,0.49,2.3000000000000003,ZFM-05495,a7dc2b34-4c03-412e-ae5c-76329cee941b,Frontal cortex
17,0.48,2.5,ZFM-05495,a7dc2b34-4c03-412e-ae5c-76329cee941b,Frontal cortex
18,0.45999999999999996,2.7,ZFM-05495,a7dc2b34-4c03-412e-ae5c-76329cee941b,Frontal cortex
19,0.52,2.9000000000000004,ZFM-05495,a7dc2b34-4c03-412e-ae5c-76329cee941b,Frontal cortex
20,0.51,3.1,ZFM-05495,a7dc2b34-4c03-412e-ae5c-76329cee941b,Frontal cortex
21,0.55,3.3000000000000003,ZFM-05495,a7dc2b34-4c03-412e-ae5c-76329cee941b,Frontal cortex
22,0.55,3.5,ZFM-05495,a7dc2b34-4c03-412e-ae5c-76329cee941b,Frontal cortex
23,0.44999999999999996,3.7,ZFM-05495,a7dc2b34-4c03-412e-ae5c-76329cee941b,Frontal cortex
24,0.49,3.9000000000000004,ZFM-05495,a7dc2b34-4c03-412e-ae5c-76329cee941b,Frontal cortex
0,0.71,-0.9,ZFM-05495,cac70c63-0243-42fa-91e7-6c4811cb3714,Hippocampus
1,0.71,-0.7000000000000001,ZFM-05495,cac70c63-0243-42fa-91e7-6c4811cb3714,Hippocampus
2,0.73,-0.5,ZFM-05495,cac70c63-0243-42fa-91e7-6c4811cb3714,Hippocampus
3,0.71,-0.30000000000000004,ZFM-05495,cac70c63-0243-42fa-91e7-6c4811cb3714,Hippocampus
4,0.69,-0.1,ZFM-05495,cac70c63-0243-42fa-91e7-6c4811cb3714,Hippocampus
5,0.7,0.1,ZFM-05495,cac70c63-0243-42fa-91e7-6c4811cb3714,Hippocampus
6,0.7,0.30000000000000004,ZFM-05495,cac70c63-0243-42fa-91e7-6c4811cb3714,Hippocampus
7,0.73,0.5,ZFM-05495,cac70c63-0243-42fa-91e7-6c4811cb3714,Hippocampus
8,0.76,0.7000000000000001,ZFM-05495,cac70c63-0243-42fa-91e7-6c4811cb3714,Hippocampus
9,0.75,0.9,ZFM-05495,cac70c63-0243-42fa-91e7-6c4811cb3714,Hippocampus
10,0.72,1.1,ZFM-05495,cac70c63-0243-42fa-91e7-6c4811cb3714,Hippocampus
11,0.71,1.3000000000000003,ZFM-05495,cac70c63-0243-42fa-91e7-6c4811cb3714,Hippocampus
12,0.7,1.5,ZFM-05495,cac70c63-0243-42fa-91e7-6c4811cb3714,Hippocampus
13,0.7,1.7000000000000002,ZFM-05495,cac70c63-0243-42fa-91e7-6c4811cb3714,Hippocampus
14,0.69,1.9,ZFM-05495,cac70c63-0243-42fa-91e7-6c4811cb3714,Hippocampus
15,0.7,2.1,ZFM-05495,cac70c63-0243-42fa-91e7-6c4811cb3714,Hippocampus
16,0.7,2.3000000000000003,ZFM-05495,cac70c63-0243-42fa-91e7-6c4811cb3714,Hippocampus
17,0.6799999999999999,2.5,ZFM-05495,cac70c63-0243-42fa-91e7-6c4811cb3714,Hippocampus
18,0.69,2.7,ZFM-05495,cac70c63-0243-42fa-91e7-6c4811cb3714,Hippocampus
19,0.72,2.9000000000000004,ZFM-05495,cac70c63-0243-42fa-91e7-6c4811cb3714,Hippocampus
20,0.73,3.1,ZFM-05495,cac70c63-0243-42fa-91e7-6c4811cb3714,Hippocampus
21,0.71,3.3000000000000003,ZFM-05495,cac70c63-0243-42fa-91e7-6c4811cb3714,Hippocampus
22,0.7,3.5,ZFM-05495,cac70c63-0243-42fa-91e7-6c4811cb3714,Hippocampus
23,0.6699999999999999,3.7,ZFM-05495,cac70c63-0243-42fa-91e7-6c4811cb3714,Hippocampus
24,0.6599999999999999,3.9000000000000004,ZFM-05495,cac70c63-0243-42fa-91e7-6c4811cb3714,Hippocampus
0,0.42000000000000004,-0.9,ZFM-05495,cac70c63-0243-42fa-91e7-6c4811cb3714,Midbrain
1,0.41000000000000003,-0.7000000000000001,ZFM-05495,cac70c63-0243-42fa-91e7-6c4811cb3714,Midbrain
2,0.41000000000000003,-0.5,ZFM-05495,cac70c63-0243-42fa-91e7-6c4811cb3714,Midbrain
3,0.41000000000000003,-0.30000000000000004,ZFM-05495,cac70c63-0243-42fa-91e7-6c4811cb3714,Midbrain
4,0.42000000000000004,-0.1,ZFM-05495,cac70c63-0243-42fa-91e7-6c4811cb3714,Midbrain
5,0.42000000000000004,0.1,ZFM-05495,cac70c63-0243-42fa-91e7-6c4811cb3714,Midbrain
6,0.41000000000000003,0.30000000000000004,ZFM-05495,cac70c63-0243-42fa-91e7-6c4811cb3714,Midbrain
7,0.41000000000000003,0.5,ZFM-05495,cac70c63-0243-42fa-91e7-6c4811cb3714,Midbrain
8,0.42000000000000004,0.7000000000000001,ZFM-05495,cac70c63-0243-42fa-91e7-6c4811cb3714,Midbrain
9,0.42000000000000004,0.9,ZFM-05495,cac70c63-0243-42fa-91e7-6c4811cb3714,Midbrain
10,0.42000000000000004,1.1,ZFM-05495,cac70c63-0243-42fa-91e7-6c4811cb3714,Midbrain
11,0.41000000000000003,1.3000000000000003,ZFM-05495,cac70c63-0243-42fa-91e7-6c4811cb3714,Midbrain
12,0.41000000000000003,1.5,ZFM-05495,cac70c63-0243-42fa-91e7-6c4811cb3714,Midbrain
13,0.42000000000000004,1.7000000000000002,ZFM-05495,cac70c63-0243-42fa-91e7-6c4811cb3714,Midbrain
14,0.42000000000000004,1.9,ZFM-05495,cac70c63-0243-42fa-91e7-6c4811cb3714,Midbrain
15,0.43000000000000005,2.1,ZFM-05495,cac70c63-0243-42fa-91e7-6c4811cb3714,Midbrain
16,0.43000000000000005,2.3000000000000003,ZFM-05495,cac70c63-0243-42fa-91e7-6c4811cb3714,Midbrain
17,0.43000000000000005,2.5,ZFM-05495,cac70c63-0243-42fa-91e7-6c4811cb3714,Midbrain
18,0.43000000000000005,2.7,ZFM-05495,cac70c63-0243-42fa-91e7-6c4811cb3714,Midbrain
19,0.43000000000000005,2.9000000000000004,ZFM-05495,cac70c63-0243-42fa-91e7-6c4811cb3714,Midbrain
20,0.43999999999999995,3.1,ZFM-05495,cac70c63-0243-42fa-91e7-6c4811cb3714,Midbrain
21,0.43000000000000005,3.3000000000000003,ZFM-05495,cac70c63-0243-42fa-91e7-6c4811cb3714,Midbrain
22,0.42000000000000004,3.5,ZFM-05495,cac70c63-0243-42fa-91e7-6c4811cb3714,Midbrain
23,0.41000000000000003,3.7,ZFM-05495,cac70c63-0243-42fa-91e7-6c4811cb3714,Midbrain
24,0.4,3.9000000000000004,ZFM-05495,cac70c63-0243-42fa-91e7-6c4811cb3714,Midbrain
0,0.36,-0.9,ZFM-05495,dd93e428-05fb-44a8-88ab-f7d00b1356e8,Midbrain
1,0.36,-0.7000000000000001,ZFM-05495,dd93e428-05fb-44a8-88ab-f7d00b1356e8,Midbrain
2,0.35,-0.5,ZFM-05495,dd93e428-05fb-44a8-88ab-f7d00b1356e8,Midbrain
3,0.33999999999999997,-0.30000000000000004,ZFM-05495,dd93e428-05fb-44a8-88ab-f7d00b1356e8,Midbrain
4,0.35,-0.1,ZFM-05495,dd93e428-05fb-44a8-88ab-f7d00b1356e8,Midbrain
5,0.33999999999999997,0.1,ZFM-05495,dd93e428-05fb-44a8-88ab-f7d00b1356e8,Midbrain
6,0.33999999999999997,0.30000000000000004,ZFM-05495,dd93e428-05fb-44a8-88ab-f7d00b1356e8,Midbrain
7,0.33999999999999997,0.5,ZFM-05495,dd93e428-05fb-44a8-88ab-f7d00b1356e8,Midbrain
8,0.35,0.7000000000000001,ZFM-05495,dd93e428-05fb-44a8-88ab-f7d00b1356e8,Midbrain
9,0.35,0.9,ZFM-05495,dd93e428-05fb-44a8-88ab-f7d00b1356e8,Midbrain
10,0.35,1.1,ZFM-05495,dd93e428-05fb-44a8-88ab-f7d00b1356e8,Midbrain
11,0.35,1.3000000000000003,ZFM-05495,dd93e428-05fb-44a8-88ab-f7d00b1356e8,Midbrain
12,0.35,1.5,ZFM-05495,dd93e428-05fb-44a8-88ab-f7d00b1356e8,Midbrain
13,0.35,1.7000000000000002,ZFM-05495,dd93e428-05fb-44a8-88ab-f7d00b1356e8,Midbrain
14,0.35,1.9,ZFM-05495,dd93e428-05fb-44a8-88ab-f7d00b1356e8,Midbrain
15,0.35,2.1,ZFM-05495,dd93e428-05fb-44a8-88ab-f7d00b1356e8,Midbrain
16,0.35,2.3000000000000003,ZFM-05495,dd93e428-05fb-44a8-88ab-f7d00b1356e8,Midbrain
17,0.35,2.5,ZFM-05495,dd93e428-05fb-44a8-88ab-f7d00b1356e8,Midbrain
18,0.35,2.7,ZFM-05495,dd93e428-05fb-44a8-88ab-f7d00b1356e8,Midbrain
19,0.36,2.9000000000000004,ZFM-05495,dd93e428-05fb-44a8-88ab-f7d00b1356e8,Midbrain
20,0.36,3.1,ZFM-05495,dd93e428-05fb-44a8-88ab-f7d00b1356e8,Midbrain
21,0.36,3.3000000000000003,ZFM-05495,dd93e428-05fb-44a8-88ab-f7d00b1356e8,Midbrain
22,0.36,3.5,ZFM-05495,dd93e428-05fb-44a8-88ab-f7d00b1356e8,Midbrain
23,0.36,3.7,ZFM-05495,dd93e428-05fb-44a8-88ab-f7d00b1356e8,Midbrain
24,0.36,3.9000000000000004,ZFM-05495,dd93e428-05fb-44a8-88ab-f7d00b1356e8,Midbrain
0,0.49,-0.9,ZFM-05495,2f368829-0f3a-4672-9499-d733a1c8ed19,Frontal cortex
1,0.54,-0.7000000000000001,ZFM-05495,2f368829-0f3a-4672-9499-d733a1c8ed19,Frontal cortex
2,0.44999999999999996,-0.5,ZFM-05495,2f368829-0f3a-4672-9499-d733a1c8ed19,Frontal cortex
3,0.43999999999999995,-0.30000000000000004,ZFM-05495,2f368829-0f3a-4672-9499-d733a1c8ed19,Frontal cortex
4,0.45999999999999996,-0.1,ZFM-05495,2f368829-0f3a-4672-9499-d733a1c8ed19,Frontal cortex
5,0.41000000000000003,0.1,ZFM-05495,2f368829-0f3a-4672-9499-d733a1c8ed19,Frontal cortex
6,0.38,0.30000000000000004,ZFM-05495,2f368829-0f3a-4672-9499-d733a1c8ed19,Frontal cortex
7,0.4,0.5,ZFM-05495,2f368829-0f3a-4672-9499-d733a1c8ed19,Frontal cortex
8,0.45999999999999996,0.7000000000000001,ZFM-05495,2f368829-0f3a-4672-9499-d733a1c8ed19,Frontal cortex
9,0.47,0.9,ZFM-05495,2f368829-0f3a-4672-9499-d733a1c8ed19,Frontal cortex
10,0.43999999999999995,1.1,ZFM-05495,2f368829-0f3a-4672-9499-d733a1c8ed19,Frontal cortex
11,0.43999999999999995,1.3000000000000003,ZFM-05495,2f368829-0f3a-4672-9499-d733a1c8ed19,Frontal cortex
12,0.44999999999999996,1.5,ZFM-05495,2f368829-0f3a-4672-9499-d733a1c8ed19,Frontal cortex
13,0.41000000000000003,1.7000000000000002,ZFM-05495,2f368829-0f3a-4672-9499-d733a1c8ed19,Frontal cortex
14,0.42000000000000004,1.9,ZFM-05495,2f368829-0f3a-4672-9499-d733a1c8ed19,Frontal cortex
15,0.43000000000000005,2.1,ZFM-05495,2f368829-0f3a-4672-9499-d733a1c8ed19,Frontal cortex
16,0.43000000000000005,2.3000000000000003,ZFM-05495,2f368829-0f3a-4672-9499-d733a1c8ed19,Frontal cortex
17,0.37,2.5,ZFM-05495,2f368829-0f3a-4672-9499-d733a1c8ed19,Frontal cortex
18,0.33999999999999997,2.7,ZFM-05495,2f368829-0f3a-4672-9499-d733a1c8ed19,Frontal cortex
19,0.48,2.9000000000000004,ZFM-05495,2f368829-0f3a-4672-9499-d733a1c8ed19,Frontal cortex
20,0.53,3.1,ZFM-05495,2f368829-0f3a-4672-9499-d733a1c8ed19,Frontal cortex
21,0.42000000000000004,3.3000000000000003,ZFM-05495,2f368829-0f3a-4672-9499-d733a1c8ed19,Frontal cortex
22,0.45999999999999996,3.5,ZFM-05495,2f368829-0f3a-4672-9499-d733a1c8ed19,Frontal cortex
23,0.51,3.7,ZFM-05495,2f368829-0f3a-4672-9499-d733a1c8ed19,Frontal cortex
24,0.44999999999999996,3.9000000000000004,ZFM-05495,2f368829-0f3a-4672-9499-d733a1c8ed19,Frontal cortex
0,0.54,-0.9,ZFM-05495,4fe40195-2437-407e-bd05-c3b9784e78b1,Amygdala
1,0.55,-0.7000000000000001,ZFM-05495,4fe40195-2437-407e-bd05-c3b9784e78b1,Amygdala
2,0.56,-0.5,ZFM-05495,4fe40195-2437-407e-bd05-c3b9784e78b1,Amygdala
3,0.47,-0.30000000000000004,ZFM-05495,4fe40195-2437-407e-bd05-c3b9784e78b1,Amygdala
4,0.6,-0.1,ZFM-05495,4fe40195-2437-407e-bd05-c3b9784e78b1,Amygdala
5,0.5700000000000001,0.1,ZFM-05495,4fe40195-2437-407e-bd05-c3b9784e78b1,Amygdala
6,0.55,0.30000000000000004,ZFM-05495,4fe40195-2437-407e-bd05-c3b9784e78b1,Amygdala
7,0.54,0.5,ZFM-05495,4fe40195-2437-407e-bd05-c3b9784e78b1,Amygdala
8,0.5700000000000001,0.7000000000000001,ZFM-05495,4fe40195-2437-407e-bd05-c3b9784e78b1,Amygdala
9,0.61,0.9,ZFM-05495,4fe40195-2437-407e-bd05-c3b9784e78b1,Amygdala
10,0.5900000000000001,1.1,ZFM-05495,4fe40195-2437-407e-bd05-c3b9784e78b1,Amygdala
11,0.6,1.3000000000000003,ZFM-05495,4fe40195-2437-407e-bd05-c3b9784e78b1,Amygdala
12,0.56,1.5,ZFM-05495,4fe40195-2437-407e-bd05-c3b9784e78b1,Amygdala
13,0.64,1.7000000000000002,ZFM-05495,4fe40195-2437-407e-bd05-c3b9784e78b1,Amygdala
14,0.5800000000000001,1.9,ZFM-05495,4fe40195-2437-407e-bd05-c3b9784e78b1,Amygdala
15,0.5800000000000001,2.1,ZFM-05495,4fe40195-2437-407e-bd05-c3b9784e78b1,Amygdala
16,0.5800000000000001,2.3000000000000003,ZFM-05495,4fe40195-2437-407e-bd05-c3b9784e78b1,Amygdala
17,0.53,2.5,ZFM-05495,4fe40195-2437-407e-bd05-c3b9784e78b1,Amygdala
18,0.55,2.7,ZFM-05495,4fe40195-2437-407e-bd05-c3b9784e78b1,Amygdala
19,0.55,2.9000000000000004,ZFM-05495,4fe40195-2437-407e-bd05-c3b9784e78b1,Amygdala
20,0.6,3.1,ZFM-05495,4fe40195-2437-407e-bd05-c3b9784e78b1,Amygdala
21,0.5800000000000001,3.3000000000000003,ZFM-05495,4fe40195-2437-407e-bd05-c3b9784e78b1,Amygdala
22,0.5900000000000001,3.5,ZFM-05495,4fe40195-2437-407e-bd05-c3b9784e78b1,Amygdala
23,0.6,3.7,ZFM-05495,4fe40195-2437-407e-bd05-c3b9784e78b1,Amygdala
24,0.5700000000000001,3.9000000000000004,ZFM-05495,4fe40195-2437-407e-bd05-c3b9784e78b1,Amygdala
0,0.53,-0.9,ZFM-05182,92dfc699-55c5-4dae-81f9-9b5dbdbd5ed1,Hippocampus
1,0.56,-0.7000000000000001,ZFM-05182,92dfc699-55c5-4dae-81f9-9b5dbdbd5ed1,Hippocampus
2,0.54,-0.5,ZFM-05182,92dfc699-55c5-4dae-81f9-9b5dbdbd5ed1,Hippocampus
3,0.55,-0.30000000000000004,ZFM-05182,92dfc699-55c5-4dae-81f9-9b5dbdbd5ed1,Hippocampus
4,0.53,-0.1,ZFM-05182,92dfc699-55c5-4dae-81f9-9b5dbdbd5ed1,Hippocampus
5,0.55,0.1,ZFM-05182,92dfc699-55c5-4dae-81f9-9b5dbdbd5ed1,Hippocampus
6,0.56,0.30000000000000004,ZFM-05182,92dfc699-55c5-4dae-81f9-9b5dbdbd5ed1,Hippocampus
7,0.5700000000000001,0.5,ZFM-05182,92dfc699-55c5-4dae-81f9-9b5dbdbd5ed1,Hippocampus
8,0.5700000000000001,0.7000000000000001,ZFM-05182,92dfc699-55c5-4dae-81f9-9b5dbdbd5ed1,Hippocampus
9,0.54,0.9,ZFM-05182,92dfc699-55c5-4dae-81f9-9b5dbdbd5ed1,Hippocampus
10,0.55,1.1,ZFM-05182,92dfc699-55c5-4dae-81f9-9b5dbdbd5ed1,Hippocampus
11,0.52,1.3000000000000003,ZFM-05182,92dfc699-55c5-4dae-81f9-9b5dbdbd5ed1,Hippocampus
12,0.55,1.5,ZFM-05182,92dfc699-55c5-4dae-81f9-9b5dbdbd5ed1,Hippocampus
13,0.55,1.7000000000000002,ZFM-05182,92dfc699-55c5-4dae-81f9-9b5dbdbd5ed1,Hippocampus
14,0.54,1.9,ZFM-05182,92dfc699-55c5-4dae-81f9-9b5dbdbd5ed1,Hippocampus
15,0.52,2.1,ZFM-05182,92dfc699-55c5-4dae-81f9-9b5dbdbd5ed1,Hippocampus
16,0.54,2.3000000000000003,ZFM-05182,92dfc699-55c5-4dae-81f9-9b5dbdbd5ed1,Hippocampus
17,0.54,2.5,ZFM-05182,92dfc699-55c5-4dae-81f9-9b5dbdbd5ed1,Hippocampus
18,0.54,2.7,ZFM-05182,92dfc699-55c5-4dae-81f9-9b5dbdbd5ed1,Hippocampus
19,0.55,2.9000000000000004,ZFM-05182,92dfc699-55c5-4dae-81f9-9b5dbdbd5ed1,Hippocampus
20,0.53,3.1,ZFM-05182,92dfc699-55c5-4dae-81f9-9b5dbdbd5ed1,Hippocampus
21,0.54,3.3000000000000003,ZFM-05182,92dfc699-55c5-4dae-81f9-9b5dbdbd5ed1,Hippocampus
22,0.55,3.5,ZFM-05182,92dfc699-55c5-4dae-81f9-9b5dbdbd5ed1,Hippocampus
23,0.5800000000000001,3.7,ZFM-05182,92dfc699-55c5-4dae-81f9-9b5dbdbd5ed1,Hippocampus
24,0.5700000000000001,3.9000000000000004,ZFM-05182,92dfc699-55c5-4dae-81f9-9b5dbdbd5ed1,Hippocampus
0,0.6,-0.9,ZFM-05182,92dfc699-55c5-4dae-81f9-9b5dbdbd5ed1,Sensory cortex
1,0.61,-0.7000000000000001,ZFM-05182,92dfc699-55c5-4dae-81f9-9b5dbdbd5ed1,Sensory cortex
2,0.6599999999999999,-0.5,ZFM-05182,92dfc699-55c5-4dae-81f9-9b5dbdbd5ed1,Sensory cortex
3,0.65,-0.30000000000000004,ZFM-05182,92dfc699-55c5-4dae-81f9-9b5dbdbd5ed1,Sensory cortex
4,0.6799999999999999,-0.1,ZFM-05182,92dfc699-55c5-4dae-81f9-9b5dbdbd5ed1,Sensory cortex
5,0.74,0.1,ZFM-05182,92dfc699-55c5-4dae-81f9-9b5dbdbd5ed1,Sensory cortex
6,0.72,0.30000000000000004,ZFM-05182,92dfc699-55c5-4dae-81f9-9b5dbdbd5ed1,Sensory cortex
7,0.69,0.5,ZFM-05182,92dfc699-55c5-4dae-81f9-9b5dbdbd5ed1,Sensory cortex
8,0.72,0.7000000000000001,ZFM-05182,92dfc699-55c5-4dae-81f9-9b5dbdbd5ed1,Sensory cortex
9,0.71,0.9,ZFM-05182,92dfc699-55c5-4dae-81f9-9b5dbdbd5ed1,Sensory cortex
10,0.72,1.1,ZFM-05182,92dfc699-55c5-4dae-81f9-9b5dbdbd5ed1,Sensory cortex
11,0.6699999999999999,1.3000000000000003,ZFM-05182,92dfc699-55c5-4dae-81f9-9b5dbdbd5ed1,Sensory cortex
12,0.63,1.5,ZFM-05182,92dfc699-55c5-4dae-81f9-9b5dbdbd5ed1,Sensory cortex
13,0.64,1.7000000000000002,ZFM-05182,92dfc699-55c5-4dae-81f9-9b5dbdbd5ed1,Sensory cortex
14,0.63,1.9,ZFM-05182,92dfc699-55c5-4dae-81f9-9b5dbdbd5ed1,Sensory cortex
15,0.64,2.1,ZFM-05182,92dfc699-55c5-4dae-81f9-9b5dbdbd5ed1,Sensory cortex
16,0.63,2.3000000000000003,ZFM-05182,92dfc699-55c5-4dae-81f9-9b5dbdbd5ed1,Sensory cortex
17,0.62,2.5,ZFM-05182,92dfc699-55c5-4dae-81f9-9b5dbdbd5ed1,Sensory cortex
18,0.5900000000000001,2.7,ZFM-05182,92dfc699-55c5-4dae-81f9-9b5dbdbd5ed1,Sensory cortex
19,0.61,2.9000000000000004,ZFM-05182,92dfc699-55c5-4dae-81f9-9b5dbdbd5ed1,Sensory cortex
20,0.64,3.1,ZFM-05182,92dfc699-55c5-4dae-81f9-9b5dbdbd5ed1,Sensory cortex
21,0.65,3.3000000000000003,ZFM-05182,92dfc699-55c5-4dae-81f9-9b5dbdbd5ed1,Sensory cortex
22,0.69,3.5,ZFM-05182,92dfc699-55c5-4dae-81f9-9b5dbdbd5ed1,Sensory cortex
23,0.65,3.7,ZFM-05182,92dfc699-55c5-4dae-81f9-9b5dbdbd5ed1,Sensory cortex
24,0.6799999999999999,3.9000000000000004,ZFM-05182,92dfc699-55c5-4dae-81f9-9b5dbdbd5ed1,Sensory cortex
0,0.49,-0.9,ZFM-05182,92dfc699-55c5-4dae-81f9-9b5dbdbd5ed1,Thalamus
1,0.49,-0.7000000000000001,ZFM-05182,92dfc699-55c5-4dae-81f9-9b5dbdbd5ed1,Thalamus
2,0.49,-0.5,ZFM-05182,92dfc699-55c5-4dae-81f9-9b5dbdbd5ed1,Thalamus
3,0.49,-0.30000000000000004,ZFM-05182,92dfc699-55c5-4dae-81f9-9b5dbdbd5ed1,Thalamus
4,0.49,-0.1,ZFM-05182,92dfc699-55c5-4dae-81f9-9b5dbdbd5ed1,Thalamus
5,0.49,0.1,ZFM-05182,92dfc699-55c5-4dae-81f9-9b5dbdbd5ed1,Thalamus
6,0.49,0.30000000000000004,ZFM-05182,92dfc699-55c5-4dae-81f9-9b5dbdbd5ed1,Thalamus
7,0.49,0.5,ZFM-05182,92dfc699-55c5-4dae-81f9-9b5dbdbd5ed1,Thalamus
8,0.49,0.7000000000000001,ZFM-05182,92dfc699-55c5-4dae-81f9-9b5dbdbd5ed1,Thalamus
9,0.49,0.9,ZFM-05182,92dfc699-55c5-4dae-81f9-9b5dbdbd5ed1,Thalamus
10,0.49,1.1,ZFM-05182,92dfc699-55c5-4dae-81f9-9b5dbdbd5ed1,Thalamus
11,0.49,1.3000000000000003,ZFM-05182,92dfc699-55c5-4dae-81f9-9b5dbdbd5ed1,Thalamus
12,0.49,1.5,ZFM-05182,92dfc699-55c5-4dae-81f9-9b5dbdbd5ed1,Thalamus
13,0.49,1.7000000000000002,ZFM-05182,92dfc699-55c5-4dae-81f9-9b5dbdbd5ed1,Thalamus
14,0.49,1.9,ZFM-05182,92dfc699-55c5-4dae-81f9-9b5dbdbd5ed1,Thalamus
15,0.49,2.1,ZFM-05182,92dfc699-55c5-4dae-81f9-9b5dbdbd5ed1,Thalamus
16,0.49,2.3000000000000003,ZFM-05182,92dfc699-55c5-4dae-81f9-9b5dbdbd5ed1,Thalamus
17,0.49,2.5,ZFM-05182,92dfc699-55c5-4dae-81f9-9b5dbdbd5ed1,Thalamus
18,0.49,2.7,ZFM-05182,92dfc699-55c5-4dae-81f9-9b5dbdbd5ed1,Thalamus
19,0.49,2.9000000000000004,ZFM-05182,92dfc699-55c5-4dae-81f9-9b5dbdbd5ed1,Thalamus
20,0.49,3.1,ZFM-05182,92dfc699-55c5-4dae-81f9-9b5dbdbd5ed1,Thalamus
21,0.49,3.3000000000000003,ZFM-05182,92dfc699-55c5-4dae-81f9-9b5dbdbd5ed1,Thalamus
22,0.49,3.5,ZFM-05182,92dfc699-55c5-4dae-81f9-9b5dbdbd5ed1,Thalamus
23,0.49,3.7,ZFM-05182,92dfc699-55c5-4dae-81f9-9b5dbdbd5ed1,Thalamus
24,0.49,3.9000000000000004,ZFM-05182,92dfc699-55c5-4dae-81f9-9b5dbdbd5ed1,Thalamus
0,0.75,-0.9,ZFM-05182,a33c4785-c1e3-4ac1-bb4b-3a34d8c98b15,Hippocampus
1,0.71,-0.7000000000000001,ZFM-05182,a33c4785-c1e3-4ac1-bb4b-3a34d8c98b15,Hippocampus
2,0.71,-0.5,ZFM-05182,a33c4785-c1e3-4ac1-bb4b-3a34d8c98b15,Hippocampus
3,0.72,-0.30000000000000004,ZFM-05182,a33c4785-c1e3-4ac1-bb4b-3a34d8c98b15,Hippocampus
4,0.71,-0.1,ZFM-05182,a33c4785-c1e3-4ac1-bb4b-3a34d8c98b15,Hippocampus
5,0.69,0.1,ZFM-05182,a33c4785-c1e3-4ac1-bb4b-3a34d8c98b15,Hippocampus
6,0.71,0.30000000000000004,ZFM-05182,a33c4785-c1e3-4ac1-bb4b-3a34d8c98b15,Hippocampus
7,0.71,0.5,ZFM-05182,a33c4785-c1e3-4ac1-bb4b-3a34d8c98b15,Hippocampus
8,0.6799999999999999,0.7000000000000001,ZFM-05182,a33c4785-c1e3-4ac1-bb4b-3a34d8c98b15,Hippocampus
9,0.65,0.9,ZFM-05182,a33c4785-c1e3-4ac1-bb4b-3a34d8c98b15,Hippocampus
10,0.6599999999999999,1.1,ZFM-05182,a33c4785-c1e3-4ac1-bb4b-3a34d8c98b15,Hippocampus
11,0.6799999999999999,1.3000000000000003,ZFM-05182,a33c4785-c1e3-4ac1-bb4b-3a34d8c98b15,Hippocampus
12,0.7,1.5,ZFM-05182,a33c4785-c1e3-4ac1-bb4b-3a34d8c98b15,Hippocampus
13,0.73,1.7000000000000002,ZFM-05182,a33c4785-c1e3-4ac1-bb4b-3a34d8c98b15,Hippocampus
14,0.71,1.9,ZFM-05182,a33c4785-c1e3-4ac1-bb4b-3a34d8c98b15,Hippocampus
15,0.7,2.1,ZFM-05182,a33c4785-c1e3-4ac1-bb4b-3a34d8c98b15,Hippocampus
16,0.7,2.3000000000000003,ZFM-05182,a33c4785-c1e3-4ac1-bb4b-3a34d8c98b15,Hippocampus
17,0.6799999999999999,2.5,ZFM-05182,a33c4785-c1e3-4ac1-bb4b-3a34d8c98b15,Hippocampus
18,0.6799999999999999,2.7,ZFM-05182,a33c4785-c1e3-4ac1-bb4b-3a34d8c98b15,Hippocampus
19,0.7,2.9000000000000004,ZFM-05182,a33c4785-c1e3-4ac1-bb4b-3a34d8c98b15,Hippocampus
20,0.6699999999999999,3.1,ZFM-05182,a33c4785-c1e3-4ac1-bb4b-3a34d8c98b15,Hippocampus
21,0.64,3.3000000000000003,ZFM-05182,a33c4785-c1e3-4ac1-bb4b-3a34d8c98b15,Hippocampus
22,0.6799999999999999,3.5,ZFM-05182,a33c4785-c1e3-4ac1-bb4b-3a34d8c98b15,Hippocampus
23,0.69,3.7,ZFM-05182,a33c4785-c1e3-4ac1-bb4b-3a34d8c98b15,Hippocampus
24,0.74,3.9000000000000004,ZFM-05182,a33c4785-c1e3-4ac1-bb4b-3a34d8c98b15,Hippocampus
0,0.65,-0.9,ZFM-05182,a33c4785-c1e3-4ac1-bb4b-3a34d8c98b15,Thalamus
1,0.65,-0.7000000000000001,ZFM-05182,a33c4785-c1e3-4ac1-bb4b-3a34d8c98b15,Thalamus
2,0.65,-0.5,ZFM-05182,a33c4785-c1e3-4ac1-bb4b-3a34d8c98b15,Thalamus
3,0.65,-0.30000000000000004,ZFM-05182,a33c4785-c1e3-4ac1-bb4b-3a34d8c98b15,Thalamus
4,0.65,-0.1,ZFM-05182,a33c4785-c1e3-4ac1-bb4b-3a34d8c98b15,Thalamus
5,0.65,0.1,ZFM-05182,a33c4785-c1e3-4ac1-bb4b-3a34d8c98b15,Thalamus
6,0.65,0.30000000000000004,ZFM-05182,a33c4785-c1e3-4ac1-bb4b-3a34d8c98b15,Thalamus
7,0.65,0.5,ZFM-05182,a33c4785-c1e3-4ac1-bb4b-3a34d8c98b15,Thalamus
8,0.64,0.7000000000000001,ZFM-05182,a33c4785-c1e3-4ac1-bb4b-3a34d8c98b15,Thalamus
9,0.63,0.9,ZFM-05182,a33c4785-c1e3-4ac1-bb4b-3a34d8c98b15,Thalamus
10,0.64,1.1,ZFM-05182,a33c4785-c1e3-4ac1-bb4b-3a34d8c98b15,Thalamus
11,0.65,1.3000000000000003,ZFM-05182,a33c4785-c1e3-4ac1-bb4b-3a34d8c98b15,Thalamus
12,0.6599999999999999,1.5,ZFM-05182,a33c4785-c1e3-4ac1-bb4b-3a34d8c98b15,Thalamus
13,0.6599999999999999,1.7000000000000002,ZFM-05182,a33c4785-c1e3-4ac1-bb4b-3a34d8c98b15,Thalamus
14,0.6599999999999999,1.9,ZFM-05182,a33c4785-c1e3-4ac1-bb4b-3a34d8c98b15,Thalamus
15,0.6599999999999999,2.1,ZFM-05182,a33c4785-c1e3-4ac1-bb4b-3a34d8c98b15,Thalamus
16,0.6599999999999999,2.3000000000000003,ZFM-05182,a33c4785-c1e3-4ac1-bb4b-3a34d8c98b15,Thalamus
17,0.65,2.5,ZFM-05182,a33c4785-c1e3-4ac1-bb4b-3a34d8c98b15,Thalamus
18,0.65,2.7,ZFM-05182,a33c4785-c1e3-4ac1-bb4b-3a34d8c98b15,Thalamus
19,0.65,2.9000000000000004,ZFM-05182,a33c4785-c1e3-4ac1-bb4b-3a34d8c98b15,Thalamus
20,0.6599999999999999,3.1,ZFM-05182,a33c4785-c1e3-4ac1-bb4b-3a34d8c98b15,Thalamus
21,0.6599999999999999,3.3000000000000003,ZFM-05182,a33c4785-c1e3-4ac1-bb4b-3a34d8c98b15,Thalamus
22,0.65,3.5,ZFM-05182,a33c4785-c1e3-4ac1-bb4b-3a34d8c98b15,Thalamus
23,0.64,3.7,ZFM-05182,a33c4785-c1e3-4ac1-bb4b-3a34d8c98b15,Thalamus
24,0.63,3.9000000000000004,ZFM-05182,a33c4785-c1e3-4ac1-bb4b-3a34d8c98b15,Thalamus
0,0.62,-0.9,ZFM-05181,11bbec39-dd80-4e7c-b6de-8940183f3d86,Hippocampus
1,0.61,-0.7000000000000001,ZFM-05181,11bbec39-dd80-4e7c-b6de-8940183f3d86,Hippocampus
2,0.56,-0.5,ZFM-05181,11bbec39-dd80-4e7c-b6de-8940183f3d86,Hippocampus
3,0.5700000000000001,-0.30000000000000004,ZFM-05181,11bbec39-dd80-4e7c-b6de-8940183f3d86,Hippocampus
4,0.55,-0.1,ZFM-05181,11bbec39-dd80-4e7c-b6de-8940183f3d86,Hippocampus
5,0.56,0.1,ZFM-05181,11bbec39-dd80-4e7c-b6de-8940183f3d86,Hippocampus
6,0.51,0.30000000000000004,ZFM-05181,11bbec39-dd80-4e7c-b6de-8940183f3d86,Hippocampus
7,0.53,0.5,ZFM-05181,11bbec39-dd80-4e7c-b6de-8940183f3d86,Hippocampus
8,0.44999999999999996,0.7000000000000001,ZFM-05181,11bbec39-dd80-4e7c-b6de-8940183f3d86,Hippocampus
9,0.45999999999999996,0.9,ZFM-05181,11bbec39-dd80-4e7c-b6de-8940183f3d86,Hippocampus
10,0.51,1.1,ZFM-05181,11bbec39-dd80-4e7c-b6de-8940183f3d86,Hippocampus
11,0.56,1.3000000000000003,ZFM-05181,11bbec39-dd80-4e7c-b6de-8940183f3d86,Hippocampus
12,0.6,1.5,ZFM-05181,11bbec39-dd80-4e7c-b6de-8940183f3d86,Hippocampus
13,0.5900000000000001,1.7000000000000002,ZFM-05181,11bbec39-dd80-4e7c-b6de-8940183f3d86,Hippocampus
14,0.5700000000000001,1.9,ZFM-05181,11bbec39-dd80-4e7c-b6de-8940183f3d86,Hippocampus
15,0.5900000000000001,2.1,ZFM-05181,11bbec39-dd80-4e7c-b6de-8940183f3d86,Hippocampus
16,0.64,2.3000000000000003,ZFM-05181,11bbec39-dd80-4e7c-b6de-8940183f3d86,Hippocampus
17,0.63,2.5,ZFM-05181,11bbec39-dd80-4e7c-b6de-8940183f3d86,Hippocampus
18,0.65,2.7,ZFM-05181,11bbec39-dd80-4e7c-b6de-8940183f3d86,Hippocampus
19,0.55,2.9000000000000004,ZFM-05181,11bbec39-dd80-4e7c-b6de-8940183f3d86,Hippocampus
20,0.5900000000000001,3.1,ZFM-05181,11bbec39-dd80-4e7c-b6de-8940183f3d86,Hippocampus
21,0.5700000000000001,3.3000000000000003,ZFM-05181,11bbec39-dd80-4e7c-b6de-8940183f3d86,Hippocampus
22,0.5700000000000001,3.5,ZFM-05181,11bbec39-dd80-4e7c-b6de-8940183f3d86,Hippocampus
23,0.53,3.7,ZFM-05181,11bbec39-dd80-4e7c-b6de-8940183f3d86,Hippocampus
24,0.5900000000000001,3.9000000000000004,ZFM-05181,11bbec39-dd80-4e7c-b6de-8940183f3d86,Hippocampus
0,0.36,-0.9,ZFM-05181,0db7604c-22d6-467d-9364-b89afdd836cc,Midbrain
1,0.35,-0.7000000000000001,ZFM-05181,0db7604c-22d6-467d-9364-b89afdd836cc,Midbrain
2,0.35,-0.5,ZFM-05181,0db7604c-22d6-467d-9364-b89afdd836cc,Midbrain
3,0.35,-0.30000000000000004,ZFM-05181,0db7604c-22d6-467d-9364-b89afdd836cc,Midbrain
4,0.35,-0.1,ZFM-05181,0db7604c-22d6-467d-9364-b89afdd836cc,Midbrain
5,0.35,0.1,ZFM-05181,0db7604c-22d6-467d-9364-b89afdd836cc,Midbrain
6,0.36,0.30000000000000004,ZFM-05181,0db7604c-22d6-467d-9364-b89afdd836cc,Midbrain
7,0.36,0.5,ZFM-05181,0db7604c-22d6-467d-9364-b89afdd836cc,Midbrain
8,0.36,0.7000000000000001,ZFM-05181,0db7604c-22d6-467d-9364-b89afdd836cc,Midbrain
9,0.36,0.9,ZFM-05181,0db7604c-22d6-467d-9364-b89afdd836cc,Midbrain
10,0.36,1.1,ZFM-05181,0db7604c-22d6-467d-9364-b89afdd836cc,Midbrain
11,0.37,1.3000000000000003,ZFM-05181,0db7604c-22d6-467d-9364-b89afdd836cc,Midbrain
12,0.37,1.5,ZFM-05181,0db7604c-22d6-467d-9364-b89afdd836cc,Midbrain
13,0.37,1.7000000000000002,ZFM-05181,0db7604c-22d6-467d-9364-b89afdd836cc,Midbrain
14,0.37,1.9,ZFM-05181,0db7604c-22d6-467d-9364-b89afdd836cc,Midbrain
15,0.37,2.1,ZFM-05181,0db7604c-22d6-467d-9364-b89afdd836cc,Midbrain
16,0.36,2.3000000000000003,ZFM-05181,0db7604c-22d6-467d-9364-b89afdd836cc,Midbrain
17,0.36,2.5,ZFM-05181,0db7604c-22d6-467d-9364-b89afdd836cc,Midbrain
18,0.36,2.7,ZFM-05181,0db7604c-22d6-467d-9364-b89afdd836cc,Midbrain
19,0.36,2.9000000000000004,ZFM-05181,0db7604c-22d6-467d-9364-b89afdd836cc,Midbrain
20,0.36,3.1,ZFM-05181,0db7604c-22d6-467d-9364-b89afdd836cc,Midbrain
21,0.36,3.3000000000000003,ZFM-05181,0db7604c-22d6-467d-9364-b89afdd836cc,Midbrain
22,0.36,3.5,ZFM-05181,0db7604c-22d6-467d-9364-b89afdd836cc,Midbrain
23,0.37,3.7,ZFM-05181,0db7604c-22d6-467d-9364-b89afdd836cc,Midbrain
24,0.37,3.9000000000000004,ZFM-05181,0db7604c-22d6-467d-9364-b89afdd836cc,Midbrain
0,0.6,-0.9,ZFM-05181,82e65b04-7839-4722-918c-9b8ecad2ff46,Frontal cortex
1,0.64,-0.7000000000000001,ZFM-05181,82e65b04-7839-4722-918c-9b8ecad2ff46,Frontal cortex
2,0.49,-0.5,ZFM-05181,82e65b04-7839-4722-918c-9b8ecad2ff46,Frontal cortex
3,0.53,-0.30000000000000004,ZFM-05181,82e65b04-7839-4722-918c-9b8ecad2ff46,Frontal cortex
4,0.48,-0.1,ZFM-05181,82e65b04-7839-4722-918c-9b8ecad2ff46,Frontal cortex
5,0.61,0.1,ZFM-05181,82e65b04-7839-4722-918c-9b8ecad2ff46,Frontal cortex
6,0.54,0.30000000000000004,ZFM-05181,82e65b04-7839-4722-918c-9b8ecad2ff46,Frontal cortex
7,0.53,0.5,ZFM-05181,82e65b04-7839-4722-918c-9b8ecad2ff46,Frontal cortex
8,0.5,0.7000000000000001,ZFM-05181,82e65b04-7839-4722-918c-9b8ecad2ff46,Frontal cortex
9,0.56,0.9,ZFM-05181,82e65b04-7839-4722-918c-9b8ecad2ff46,Frontal cortex
10,0.6,1.1,ZFM-05181,82e65b04-7839-4722-918c-9b8ecad2ff46,Frontal cortex
11,0.54,1.3000000000000003,ZFM-05181,82e65b04-7839-4722-918c-9b8ecad2ff46,Frontal cortex
12,0.5800000000000001,1.5,ZFM-05181,82e65b04-7839-4722-918c-9b8ecad2ff46,Frontal cortex
13,0.5700000000000001,1.7000000000000002,ZFM-05181,82e65b04-7839-4722-918c-9b8ecad2ff46,Frontal cortex
14,0.56,1.9,ZFM-05181,82e65b04-7839-4722-918c-9b8ecad2ff46,Frontal cortex
15,0.54,2.1,ZFM-05181,82e65b04-7839-4722-918c-9b8ecad2ff46,Frontal cortex
16,0.43000000000000005,2.3000000000000003,ZFM-05181,82e65b04-7839-4722-918c-9b8ecad2ff46,Frontal cortex
17,0.5900000000000001,2.5,ZFM-05181,82e65b04-7839-4722-918c-9b8ecad2ff46,Frontal cortex
18,0.5,2.7,ZFM-05181,82e65b04-7839-4722-918c-9b8ecad2ff46,Frontal cortex
19,0.5900000000000001,2.9000000000000004,ZFM-05181,82e65b04-7839-4722-918c-9b8ecad2ff46,Frontal cortex
20,0.61,3.1,ZFM-05181,82e65b04-7839-4722-918c-9b8ecad2ff46,Frontal cortex
21,0.6,3.3000000000000003,ZFM-05181,82e65b04-7839-4722-918c-9b8ecad2ff46,Frontal cortex
22,0.62,3.5,ZFM-05181,82e65b04-7839-4722-918c-9b8ecad2ff46,Frontal cortex
23,0.54,3.7,ZFM-05181,82e65b04-7839-4722-918c-9b8ecad2ff46,Frontal cortex
24,0.64,3.9000000000000004,ZFM-05181,82e65b04-7839-4722-918c-9b8ecad2ff46,Frontal cortex
0,0.6,-0.9,ZFM-05181,82e65b04-7839-4722-918c-9b8ecad2ff46,Striatum
1,0.62,-0.7000000000000001,ZFM-05181,82e65b04-7839-4722-918c-9b8ecad2ff46,Striatum
2,0.61,-0.5,ZFM-05181,82e65b04-7839-4722-918c-9b8ecad2ff46,Striatum
3,0.6,-0.30000000000000004,ZFM-05181,82e65b04-7839-4722-918c-9b8ecad2ff46,Striatum
4,0.6,-0.1,ZFM-05181,82e65b04-7839-4722-918c-9b8ecad2ff46,Striatum
5,0.61,0.1,ZFM-05181,82e65b04-7839-4722-918c-9b8ecad2ff46,Striatum
6,0.55,0.30000000000000004,ZFM-05181,82e65b04-7839-4722-918c-9b8ecad2ff46,Striatum
7,0.55,0.5,ZFM-05181,82e65b04-7839-4722-918c-9b8ecad2ff46,Striatum
8,0.5700000000000001,0.7000000000000001,ZFM-05181,82e65b04-7839-4722-918c-9b8ecad2ff46,Striatum
9,0.6,0.9,ZFM-05181,82e65b04-7839-4722-918c-9b8ecad2ff46,Striatum
10,0.5900000000000001,1.1,ZFM-05181,82e65b04-7839-4722-918c-9b8ecad2ff46,Striatum
11,0.6,1.3000000000000003,ZFM-05181,82e65b04-7839-4722-918c-9b8ecad2ff46,Striatum
12,0.62,1.5,ZFM-05181,82e65b04-7839-4722-918c-9b8ecad2ff46,Striatum
13,0.5800000000000001,1.7000000000000002,ZFM-05181,82e65b04-7839-4722-918c-9b8ecad2ff46,Striatum
14,0.5900000000000001,1.9,ZFM-05181,82e65b04-7839-4722-918c-9b8ecad2ff46,Striatum
15,0.5700000000000001,2.1,ZFM-05181,82e65b04-7839-4722-918c-9b8ecad2ff46,Striatum
16,0.56,2.3000000000000003,ZFM-05181,82e65b04-7839-4722-918c-9b8ecad2ff46,Striatum
17,0.5800000000000001,2.5,ZFM-05181,82e65b04-7839-4722-918c-9b8ecad2ff46,Striatum
18,0.5800000000000001,2.7,ZFM-05181,82e65b04-7839-4722-918c-9b8ecad2ff46,Striatum
19,0.5900000000000001,2.9000000000000004,ZFM-05181,82e65b04-7839-4722-918c-9b8ecad2ff46,Striatum
20,0.5900000000000001,3.1,ZFM-05181,82e65b04-7839-4722-918c-9b8ecad2ff46,Striatum
21,0.61,3.3000000000000003,ZFM-05181,82e65b04-7839-4722-918c-9b8ecad2ff46,Striatum
22,0.5900000000000001,3.5,ZFM-05181,82e65b04-7839-4722-918c-9b8ecad2ff46,Striatum
23,0.5900000000000001,3.7,ZFM-05181,82e65b04-7839-4722-918c-9b8ecad2ff46,Striatum
24,0.5900000000000001,3.9000000000000004,ZFM-05181,82e65b04-7839-4722-918c-9b8ecad2ff46,Striatum
0,0.5,-0.9,ZFM-05181,542aa93b-4876-439c-93f7-dd77263e55e8,Frontal cortex
1,0.5900000000000001,-0.7000000000000001,ZFM-05181,542aa93b-4876-439c-93f7-dd77263e55e8,Frontal cortex
2,0.61,-0.5,ZFM-05181,542aa93b-4876-439c-93f7-dd77263e55e8,Frontal cortex
3,0.63,-0.30000000000000004,ZFM-05181,542aa93b-4876-439c-93f7-dd77263e55e8,Frontal cortex
4,0.65,-0.1,ZFM-05181,542aa93b-4876-439c-93f7-dd77263e55e8,Frontal cortex
5,0.5700000000000001,0.1,ZFM-05181,542aa93b-4876-439c-93f7-dd77263e55e8,Frontal cortex
6,0.6,0.30000000000000004,ZFM-05181,542aa93b-4876-439c-93f7-dd77263e55e8,Frontal cortex
7,0.53,0.5,ZFM-05181,542aa93b-4876-439c-93f7-dd77263e55e8,Frontal cortex
8,0.54,0.7000000000000001,ZFM-05181,542aa93b-4876-439c-93f7-dd77263e55e8,Frontal cortex
9,0.5700000000000001,0.9,ZFM-05181,542aa93b-4876-439c-93f7-dd77263e55e8,Frontal cortex
10,0.5700000000000001,1.1,ZFM-05181,542aa93b-4876-439c-93f7-dd77263e55e8,Frontal cortex
11,0.6,1.3000000000000003,ZFM-05181,542aa93b-4876-439c-93f7-dd77263e55e8,Frontal cortex
12,0.5700000000000001,1.5,ZFM-05181,542aa93b-4876-439c-93f7-dd77263e55e8,Frontal cortex
13,0.61,1.7000000000000002,ZFM-05181,542aa93b-4876-439c-93f7-dd77263e55e8,Frontal cortex
14,0.56,1.9,ZFM-05181,542aa93b-4876-439c-93f7-dd77263e55e8,Frontal cortex
15,0.55,2.1,ZFM-05181,542aa93b-4876-439c-93f7-dd77263e55e8,Frontal cortex
16,0.56,2.3000000000000003,ZFM-05181,542aa93b-4876-439c-93f7-dd77263e55e8,Frontal cortex
17,0.55,2.5,ZFM-05181,542aa93b-4876-439c-93f7-dd77263e55e8,Frontal cortex
18,0.48,2.7,ZFM-05181,542aa93b-4876-439c-93f7-dd77263e55e8,Frontal cortex
19,0.48,2.9000000000000004,ZFM-05181,542aa93b-4876-439c-93f7-dd77263e55e8,Frontal cortex
20,0.44999999999999996,3.1,ZFM-05181,542aa93b-4876-439c-93f7-dd77263e55e8,Frontal cortex
21,0.5,3.3000000000000003,ZFM-05181,542aa93b-4876-439c-93f7-dd77263e55e8,Frontal cortex
22,0.54,3.5,ZFM-05181,542aa93b-4876-439c-93f7-dd77263e55e8,Frontal cortex
23,0.5900000000000001,3.7,ZFM-05181,542aa93b-4876-439c-93f7-dd77263e55e8,Frontal cortex
24,0.6,3.9000000000000004,ZFM-05181,542aa93b-4876-439c-93f7-dd77263e55e8,Frontal cortex
0,0.25,-0.9,ZFM-05181,79f881cb-8140-47ed-8d1a-7cca7e66fb12,Amygdala
1,0.25,-0.7000000000000001,ZFM-05181,79f881cb-8140-47ed-8d1a-7cca7e66fb12,Amygdala
2,0.25,-0.5,ZFM-05181,79f881cb-8140-47ed-8d1a-7cca7e66fb12,Amygdala
3,0.25,-0.30000000000000004,ZFM-05181,79f881cb-8140-47ed-8d1a-7cca7e66fb12,Amygdala
4,0.25,-0.1,ZFM-05181,79f881cb-8140-47ed-8d1a-7cca7e66fb12,Amygdala
5,0.25,0.1,ZFM-05181,79f881cb-8140-47ed-8d1a-7cca7e66fb12,Amygdala
6,0.25,0.30000000000000004,ZFM-05181,79f881cb-8140-47ed-8d1a-7cca7e66fb12,Amygdala
7,0.24,0.5,ZFM-05181,79f881cb-8140-47ed-8d1a-7cca7e66fb12,Amygdala
8,0.24,0.7000000000000001,ZFM-05181,79f881cb-8140-47ed-8d1a-7cca7e66fb12,Amygdala
9,0.24,0.9,ZFM-05181,79f881cb-8140-47ed-8d1a-7cca7e66fb12,Amygdala
10,0.24,1.1,ZFM-05181,79f881cb-8140-47ed-8d1a-7cca7e66fb12,Amygdala
11,0.24,1.3000000000000003,ZFM-05181,79f881cb-8140-47ed-8d1a-7cca7e66fb12,Amygdala
12,0.24,1.5,ZFM-05181,79f881cb-8140-47ed-8d1a-7cca7e66fb12,Amygdala
13,0.24,1.7000000000000002,ZFM-05181,79f881cb-8140-47ed-8d1a-7cca7e66fb12,Amygdala
14,0.24,1.9,ZFM-05181,79f881cb-8140-47ed-8d1a-7cca7e66fb12,Amygdala
15,0.24,2.1,ZFM-05181,79f881cb-8140-47ed-8d1a-7cca7e66fb12,Amygdala
16,0.24,2.3000000000000003,ZFM-05181,79f881cb-8140-47ed-8d1a-7cca7e66fb12,Amygdala
17,0.24,2.5,ZFM-05181,79f881cb-8140-47ed-8d1a-7cca7e66fb12,Amygdala
18,0.24,2.7,ZFM-05181,79f881cb-8140-47ed-8d1a-7cca7e66fb12,Amygdala
19,0.24,2.9000000000000004,ZFM-05181,79f881cb-8140-47ed-8d1a-7cca7e66fb12,Amygdala
20,0.24,3.1,ZFM-05181,79f881cb-8140-47ed-8d1a-7cca7e66fb12,Amygdala
21,0.22999999999999998,3.3000000000000003,ZFM-05181,79f881cb-8140-47ed-8d1a-7cca7e66fb12,Amygdala
22,0.22999999999999998,3.5,ZFM-05181,79f881cb-8140-47ed-8d1a-7cca7e66fb12,Amygdala
23,0.22999999999999998,3.7,ZFM-05181,79f881cb-8140-47ed-8d1a-7cca7e66fb12,Amygdala
24,0.22999999999999998,3.9000000000000004,ZFM-05181,79f881cb-8140-47ed-8d1a-7cca7e66fb12,Amygdala
0,0.54,-0.9,ZFM-05169,9c5e319e-09e8-4770-a806-46958bb464f1,Midbrain
1,0.52,-0.7000000000000001,ZFM-05169,9c5e319e-09e8-4770-a806-46958bb464f1,Midbrain
2,0.6,-0.5,ZFM-05169,9c5e319e-09e8-4770-a806-46958bb464f1,Midbrain
3,0.55,-0.30000000000000004,ZFM-05169,9c5e319e-09e8-4770-a806-46958bb464f1,Midbrain
4,0.53,-0.1,ZFM-05169,9c5e319e-09e8-4770-a806-46958bb464f1,Midbrain
5,0.55,0.1,ZFM-05169,9c5e319e-09e8-4770-a806-46958bb464f1,Midbrain
6,0.5,0.30000000000000004,ZFM-05169,9c5e319e-09e8-4770-a806-46958bb464f1,Midbrain
7,0.5900000000000001,0.5,ZFM-05169,9c5e319e-09e8-4770-a806-46958bb464f1,Midbrain
8,0.51,0.7000000000000001,ZFM-05169,9c5e319e-09e8-4770-a806-46958bb464f1,Midbrain
9,0.5,0.9,ZFM-05169,9c5e319e-09e8-4770-a806-46958bb464f1,Midbrain
10,0.5,1.1,ZFM-05169,9c5e319e-09e8-4770-a806-46958bb464f1,Midbrain
11,0.54,1.3000000000000003,ZFM-05169,9c5e319e-09e8-4770-a806-46958bb464f1,Midbrain
12,0.54,1.5,ZFM-05169,9c5e319e-09e8-4770-a806-46958bb464f1,Midbrain
13,0.45999999999999996,1.7000000000000002,ZFM-05169,9c5e319e-09e8-4770-a806-46958bb464f1,Midbrain
14,0.5,1.9,ZFM-05169,9c5e319e-09e8-4770-a806-46958bb464f1,Midbrain
15,0.44999999999999996,2.1,ZFM-05169,9c5e319e-09e8-4770-a806-46958bb464f1,Midbrain
16,0.5700000000000001,2.3000000000000003,ZFM-05169,9c5e319e-09e8-4770-a806-46958bb464f1,Midbrain
17,0.6,2.5,ZFM-05169,9c5e319e-09e8-4770-a806-46958bb464f1,Midbrain
18,0.5800000000000001,2.7,ZFM-05169,9c5e319e-09e8-4770-a806-46958bb464f1,Midbrain
19,0.55,2.9000000000000004,ZFM-05169,9c5e319e-09e8-4770-a806-46958bb464f1,Midbrain
20,0.54,3.1,ZFM-05169,9c5e319e-09e8-4770-a806-46958bb464f1,Midbrain
21,0.55,3.3000000000000003,ZFM-05169,9c5e319e-09e8-4770-a806-46958bb464f1,Midbrain
22,0.52,3.5,ZFM-05169,9c5e319e-09e8-4770-a806-46958bb464f1,Midbrain
23,0.5800000000000001,3.7,ZFM-05169,9c5e319e-09e8-4770-a806-46958bb464f1,Midbrain
24,0.49,3.9000000000000004,ZFM-05169,9c5e319e-09e8-4770-a806-46958bb464f1,Midbrain
0,0.42000000000000004,-0.9,ZFM-05169,9c5e319e-09e8-4770-a806-46958bb464f1,Sensory cortex
1,0.52,-0.7000000000000001,ZFM-05169,9c5e319e-09e8-4770-a806-46958bb464f1,Sensory cortex
2,0.5,-0.5,ZFM-05169,9c5e319e-09e8-4770-a806-46958bb464f1,Sensory cortex
3,0.43000000000000005,-0.30000000000000004,ZFM-05169,9c5e319e-09e8-4770-a806-46958bb464f1,Sensory cortex
4,0.4,-0.1,ZFM-05169,9c5e319e-09e8-4770-a806-46958bb464f1,Sensory cortex
5,0.51,0.1,ZFM-05169,9c5e319e-09e8-4770-a806-46958bb464f1,Sensory cortex
6,0.42000000000000004,0.30000000000000004,ZFM-05169,9c5e319e-09e8-4770-a806-46958bb464f1,Sensory cortex
7,0.36,0.5,ZFM-05169,9c5e319e-09e8-4770-a806-46958bb464f1,Sensory cortex
8,0.42000000000000004,0.7000000000000001,ZFM-05169,9c5e319e-09e8-4770-a806-46958bb464f1,Sensory cortex
9,0.51,0.9,ZFM-05169,9c5e319e-09e8-4770-a806-46958bb464f1,Sensory cortex
10,0.55,1.1,ZFM-05169,9c5e319e-09e8-4770-a806-46958bb464f1,Sensory cortex
11,0.62,1.3000000000000003,ZFM-05169,9c5e319e-09e8-4770-a806-46958bb464f1,Sensory cortex
12,0.6,1.5,ZFM-05169,9c5e319e-09e8-4770-a806-46958bb464f1,Sensory cortex
13,0.5900000000000001,1.7000000000000002,ZFM-05169,9c5e319e-09e8-4770-a806-46958bb464f1,Sensory cortex
14,0.53,1.9,ZFM-05169,9c5e319e-09e8-4770-a806-46958bb464f1,Sensory cortex
15,0.43000000000000005,2.1,ZFM-05169,9c5e319e-09e8-4770-a806-46958bb464f1,Sensory cortex
16,0.39,2.3000000000000003,ZFM-05169,9c5e319e-09e8-4770-a806-46958bb464f1,Sensory cortex
17,0.39,2.5,ZFM-05169,9c5e319e-09e8-4770-a806-46958bb464f1,Sensory cortex
18,0.43999999999999995,2.7,ZFM-05169,9c5e319e-09e8-4770-a806-46958bb464f1,Sensory cortex
19,0.51,2.9000000000000004,ZFM-05169,9c5e319e-09e8-4770-a806-46958bb464f1,Sensory cortex
20,0.55,3.1,ZFM-05169,9c5e319e-09e8-4770-a806-46958bb464f1,Sensory cortex
21,0.6599999999999999,3.3000000000000003,ZFM-05169,9c5e319e-09e8-4770-a806-46958bb464f1,Sensory cortex
22,0.5800000000000001,3.5,ZFM-05169,9c5e319e-09e8-4770-a806-46958bb464f1,Sensory cortex
23,0.52,3.7,ZFM-05169,9c5e319e-09e8-4770-a806-46958bb464f1,Sensory cortex
24,0.5,3.9000000000000004,ZFM-05169,9c5e319e-09e8-4770-a806-46958bb464f1,Sensory cortex
0,0.5900000000000001,-0.9,ZFM-05169,ab6a0fbd-0c8b-42d5-9e15-8b872c8dd3b5,Midbrain
1,0.5900000000000001,-0.7000000000000001,ZFM-05169,ab6a0fbd-0c8b-42d5-9e15-8b872c8dd3b5,Midbrain
2,0.6,-0.5,ZFM-05169,ab6a0fbd-0c8b-42d5-9e15-8b872c8dd3b5,Midbrain
3,0.5900000000000001,-0.30000000000000004,ZFM-05169,ab6a0fbd-0c8b-42d5-9e15-8b872c8dd3b5,Midbrain
4,0.5900000000000001,-0.1,ZFM-05169,ab6a0fbd-0c8b-42d5-9e15-8b872c8dd3b5,Midbrain
5,0.5800000000000001,0.1,ZFM-05169,ab6a0fbd-0c8b-42d5-9e15-8b872c8dd3b5,Midbrain
6,0.5900000000000001,0.30000000000000004,ZFM-05169,ab6a0fbd-0c8b-42d5-9e15-8b872c8dd3b5,Midbrain
7,0.5900000000000001,0.5,ZFM-05169,ab6a0fbd-0c8b-42d5-9e15-8b872c8dd3b5,Midbrain
8,0.6,0.7000000000000001,ZFM-05169,ab6a0fbd-0c8b-42d5-9e15-8b872c8dd3b5,Midbrain
9,0.61,0.9,ZFM-05169,ab6a0fbd-0c8b-42d5-9e15-8b872c8dd3b5,Midbrain
10,0.5700000000000001,1.1,ZFM-05169,ab6a0fbd-0c8b-42d5-9e15-8b872c8dd3b5,Midbrain
11,0.56,1.3000000000000003,ZFM-05169,ab6a0fbd-0c8b-42d5-9e15-8b872c8dd3b5,Midbrain
12,0.56,1.5,ZFM-05169,ab6a0fbd-0c8b-42d5-9e15-8b872c8dd3b5,Midbrain
13,0.54,1.7000000000000002,ZFM-05169,ab6a0fbd-0c8b-42d5-9e15-8b872c8dd3b5,Midbrain
14,0.54,1.9,ZFM-05169,ab6a0fbd-0c8b-42d5-9e15-8b872c8dd3b5,Midbrain
15,0.56,2.1,ZFM-05169,ab6a0fbd-0c8b-42d5-9e15-8b872c8dd3b5,Midbrain
16,0.54,2.3000000000000003,ZFM-05169,ab6a0fbd-0c8b-42d5-9e15-8b872c8dd3b5,Midbrain
17,0.5700000000000001,2.5,ZFM-05169,ab6a0fbd-0c8b-42d5-9e15-8b872c8dd3b5,Midbrain
18,0.5700000000000001,2.7,ZFM-05169,ab6a0fbd-0c8b-42d5-9e15-8b872c8dd3b5,Midbrain
19,0.5700000000000001,2.9000000000000004,ZFM-05169,ab6a0fbd-0c8b-42d5-9e15-8b872c8dd3b5,Midbrain
20,0.55,3.1,ZFM-05169,ab6a0fbd-0c8b-42d5-9e15-8b872c8dd3b5,Midbrain
21,0.55,3.3000000000000003,ZFM-05169,ab6a0fbd-0c8b-42d5-9e15-8b872c8dd3b5,Midbrain
22,0.56,3.5,ZFM-05169,ab6a0fbd-0c8b-42d5-9e15-8b872c8dd3b5,Midbrain
23,0.5800000000000001,3.7,ZFM-05169,ab6a0fbd-0c8b-42d5-9e15-8b872c8dd3b5,Midbrain
24,0.5800000000000001,3.9000000000000004,ZFM-05169,ab6a0fbd-0c8b-42d5-9e15-8b872c8dd3b5,Midbrain
0,0.64,-0.9,ZFM-05169,ace3941b-b1e9-42eb-9a22-44986857adc0,Frontal cortex
1,0.5900000000000001,-0.7000000000000001,ZFM-05169,ace3941b-b1e9-42eb-9a22-44986857adc0,Frontal cortex
2,0.5800000000000001,-0.5,ZFM-05169,ace3941b-b1e9-42eb-9a22-44986857adc0,Frontal cortex
3,0.61,-0.30000000000000004,ZFM-05169,ace3941b-b1e9-42eb-9a22-44986857adc0,Frontal cortex
4,0.55,-0.1,ZFM-05169,ace3941b-b1e9-42eb-9a22-44986857adc0,Frontal cortex
5,0.65,0.1,ZFM-05169,ace3941b-b1e9-42eb-9a22-44986857adc0,Frontal cortex
6,0.6799999999999999,0.30000000000000004,ZFM-05169,ace3941b-b1e9-42eb-9a22-44986857adc0,Frontal cortex
7,0.69,0.5,ZFM-05169,ace3941b-b1e9-42eb-9a22-44986857adc0,Frontal cortex
8,0.6699999999999999,0.7000000000000001,ZFM-05169,ace3941b-b1e9-42eb-9a22-44986857adc0,Frontal cortex
9,0.6699999999999999,0.9,ZFM-05169,ace3941b-b1e9-42eb-9a22-44986857adc0,Frontal cortex
10,0.6699999999999999,1.1,ZFM-05169,ace3941b-b1e9-42eb-9a22-44986857adc0,Frontal cortex
11,0.6699999999999999,1.3000000000000003,ZFM-05169,ace3941b-b1e9-42eb-9a22-44986857adc0,Frontal cortex
12,0.64,1.5,ZFM-05169,ace3941b-b1e9-42eb-9a22-44986857adc0,Frontal cortex
13,0.62,1.7000000000000002,ZFM-05169,ace3941b-b1e9-42eb-9a22-44986857adc0,Frontal cortex
14,0.63,1.9,ZFM-05169,ace3941b-b1e9-42eb-9a22-44986857adc0,Frontal cortex
15,0.69,2.1,ZFM-05169,ace3941b-b1e9-42eb-9a22-44986857adc0,Frontal cortex
16,0.71,2.3000000000000003,ZFM-05169,ace3941b-b1e9-42eb-9a22-44986857adc0,Frontal cortex
17,0.7,2.5,ZFM-05169,ace3941b-b1e9-42eb-9a22-44986857adc0,Frontal cortex
18,0.7,2.7,ZFM-05169,ace3941b-b1e9-42eb-9a22-44986857adc0,Frontal cortex
19,0.63,2.9000000000000004,ZFM-05169,ace3941b-b1e9-42eb-9a22-44986857adc0,Frontal cortex
20,0.62,3.1,ZFM-05169,ace3941b-b1e9-42eb-9a22-44986857adc0,Frontal cortex
21,0.73,3.3000000000000003,ZFM-05169,ace3941b-b1e9-42eb-9a22-44986857adc0,Frontal cortex
22,0.63,3.5,ZFM-05169,ace3941b-b1e9-42eb-9a22-44986857adc0,Frontal cortex
23,0.65,3.7,ZFM-05169,ace3941b-b1e9-42eb-9a22-44986857adc0,Frontal cortex
24,0.74,3.9000000000000004,ZFM-05169,ace3941b-b1e9-42eb-9a22-44986857adc0,Frontal cortex
