,stimOn_times,feedback_times,goCue_times,probabilityLeft,contrastLeft,contrastRight,feedbackType,choice,firstMovement_times,signed_contrast,laser_stimulation,laser_probability,probe_trial,correct,right_choice,stim_side,time_to_choice,reaction_times,rt_log,pupil,whisking,sniffing,p_engaged,p_exploratory,p_disengaged,state,state_switch
20,504.8341448705048,505.84324395050584,504.8112804905048,0.2,,0.25,-1.0,1.0,505.15276159000047,0.25,0.0,0.0,0,0.0,0.0,1,1.031963460001009,1.031963460001009,2.0136643199647626,4.315275633374509,6.498375614484151,0.3872935938943783,1.0000260432161345e-08,1.000552015848039e-08,0.9999999799942194,2,0
24,537.5819697605376,542.6499629105426,537.5619717605375,0.2,,0.0625,-1.0,1.0,542.3907615900006,0.0625,1.0,1.0,0,0.0,0.0,1,5.087991150005109,5.087991150005109,2.7065463472340507,5.016147906744563,1.9023910363515217,0.2360379923943001,0.30521754203038737,0.12215415090684531,0.5726283070627673,2,0
25,546.8644080905468,557.3981879405574,546.8505761405469,0.2,,0.125,-1.0,1.0,547.7417615900006,0.125,1.0,1.0,0,0.0,0.0,1,10.547611800010486,10.547611800010486,3.0231541374073485,9.151637925822742,2.177982521057129,0.2788820686039651,0.30521754682545493,0.12215415164930511,0.57262830152524,2,0
33,906.6624580209067,907.1071135509071,906.6387603909067,0.2,,1.0,1.0,-1.0,906.8517615900009,1.0,1.0,1.0,0,1.0,1.0,1,0.46835316000044713,0.46835316000044713,1.6705734547809326,64.00506176444011,7.811495590209961,0.8435133125784919,0.30521754202239443,0.12215415090528392,0.5726283070723216,1,1
34,910.0936815309101,910.5181724109106,910.07241699091,0.2,,1.0,1.0,-1.0,910.2797615900009,1.0,1.0,1.0,0,1.0,1.0,1,0.4457554200005234,0.4457554200005234,1.6490966325249214,35.8953838562058,9.527120359738667,0.7395500560192719,0.7590228046627927,0.19245114802544339,0.04852604731176379,1,0
36,920.2099031409202,920.7590148909208,920.1990042309202,0.2,,0.0625,-1.0,1.0,920.5317615900009,0.0625,1.0,1.0,0,0.0,0.0,1,0.5600106600005574,0.5600106600005574,1.748196294033622,56.4837167761513,5.9911616484324135,0.5785768217594677,0.7583679463040853,0.19310589572053719,0.04852615797537763,1,0
38,931.925864760932,932.6867886609327,931.9242649209319,0.2,,0.0,1.0,-1.0,932.3197615900009,0.0,1.0,0.75,0,1.0,1.0,1,0.7625237400008018,0.7625237400008018,1.882253369318301,5.039868075012098,6.7505570073281564,0.5723635933730372,0.7590228046612515,0.19245114802698454,0.04852604731176406,0,1
39,935.8087097709358,936.2007372309362,935.8065766509358,0.2,,1.0,1.0,-1.0,935.985761590001,1.0,1.0,1.0,0,1.0,1.0,1,0.39416058000040266,0.39416058000040266,1.5956731883240605,8.386485690856944,9.866812268892923,0.6033985692486813,0.6621122672151715,0.2729943323071163,0.06489340047771239,0,0
45,967.7235513009678,968.0892480609681,967.7143522209677,0.2,0.25,,1.0,1.0,967.869761590001,-0.25,0.0,0.0,0,1.0,0.0,-1,0.374895840000363,0.374895840000363,1.5739106213366993,24.510336438035246,10.778997246424357,0.9524736149406287,0.6640479470306601,0.2799939664912695,0.0559580864780705,0,0
46,971.4568446009715,971.7509818509718,971.4400129509714,0.2,0.0,,1.0,1.0,971.4967615900009,-0.0,0.0,0.25,0,1.0,0.0,-1,0.31096890000037547,0.31096890000037547,1.4927169574075543,38.62455723088479,11.164689739545187,0.8447151928119114,0.6972396762977332,0.25422280247540074,0.04853752122686621,1,1
48,982.1894045709822,982.8258075909829,982.1749393509822,0.2,1.0,,1.0,1.0,982.6117615900009,-1.0,0.0,0.0,0,1.0,0.0,-1,0.6508682400007046,0.6508682400007046,1.8134930800701325,5.330355766292149,4.267638162771861,0.5242460415932669,0.7588050159718175,0.19266889991260733,0.04852608411557518,0,1
51,996.907265970997,997.3008266109973,996.8841682809968,0.2,1.0,,1.0,1.0,997.110761590001,-1.0,0.0,0.0,0,1.0,0.0,-1,0.41665833000047314,0.41665833000047314,1.6197800688379638,10.54518246269648,7.951560664176941,0.7769312808823599,0.6670618705357312,0.28249511937027305,0.050443010093996106,0,0
52,1000.5882645010006,1001.034486541001,1000.5888644410006,0.2,,0.0625,-1.0,1.0,1000.767761590001,0.0625,0.0,0.0,0,0.0,0.0,1,0.44562210000037794,0.44562210000037794,1.6489667209228829,5.438820494549926,7.823218639691671,0.772001068860485,0.6700290286432535,0.2811925002269536,0.048778471129793055,0,0
53,1005.1716727810052,1005.3578541610053,1005.1638402310052,0.2,,0.25,-1.0,1.0,1005.124761590001,0.25,0.0,0.0,0,0.0,0.0,1,0.19401393000009648,0.19401393000009648,1.2878329129456265,10.65171964973655,13.053635597229004,0.6665329755286034,0.6705546808676246,0.280875821729025,0.04856949740335048,0,0
54,1009.5398359210095,1009.7921106910098,1009.5247707610096,0.2,,0.125,-1.0,1.0,1009.533761590001,0.125,0.0,0.0,0,0.0,0.0,1,0.26733993000027567,0.26733993000027567,1.4270638300010563,14.594932917869091,12.54714532052317,0.8582343439837354,0.650786203264966,0.27211701034747326,0.07709678638756073,0,0
55,1013.904332761014,1014.4824082810145,1013.8827349210139,0.2,,0.0,-1.0,1.0,1014.264761590001,0.0,0.0,0.25,0,0.0,0.0,1,0.5996733600005655,0.5996733600005655,1.7779147560885153,23.68301492362967,5.143557224671046,0.5700753889612334,0.6689998567613535,0.2815569086126346,0.049443234626011905,0,0
57,1025.6372926810257,1026.056317441026,1025.6339930110257,0.8,,1.0,1.0,-1.0,1025.829761590001,1.0,0.0,0.0,0,1.0,1.0,1,0.42232443000034436,0.42232443000034436,1.6256462045777993,19.797798397698323,10.116835259622142,0.5824124260034247,0.6800802844490457,0.2713790316327566,0.04854068391819788,0,0
59,1034.4216808210344,1034.6685228010347,1034.4179478610345,0.8,0.125,,1.0,1.0,1034.452761590001,-0.125,0.0,0.0,0,1.0,0.0,-1,0.25057494000020597,0.25057494000020597,1.3989376350386806,8.221644061108982,12.301774477958679,0.9236628829529905,0.6791820677349346,0.2721053316896168,0.04871260057544865,0,0
61,1042.5543008110426,1042.7710124710427,1042.5545674510427,0.8,0.125,,1.0,1.0,1042.533761590001,-0.125,0.0,0.0,0,1.0,0.0,-1,0.2164450200000374,0.2164450200000374,1.3353475979505878,7.317593076594695,12.22592134475708,0.887695630313981,0.6694755962636392,0.2819346121414144,0.048589791594946474,0,0
62,1048.5207374410486,1048.926163561049,1048.5022059610485,0.8,0.0,,1.0,1.0,1048.702761590001,-0.0,0.0,0.25,0,1.0,0.0,-1,0.423957600000449,0.423957600000449,1.627322424973385,10.909964187305027,9.247194977601369,0.8934635552647568,0.6707487541598632,0.28052759087431833,0.048723654965818756,0,0
63,1052.6689559110528,1053.082514551053,1052.6522242510528,0.8,,1.0,1.0,-1.0,1052.845761590001,1.0,0.0,0.0,0,1.0,1.0,1,0.4302903000002516,0.4302903000002516,1.6337615559272043,6.4868017532657625,8.977927867571513,0.6138629629859341,0.6714907352139031,0.2799274123853175,0.04858185240077952,0,0
64,1056.2870607310563,1056.6943533310566,1056.2791615210563,0.8,,1.0,1.0,-1.0,1056.464761590001,1.0,0.0,0.0,0,1.0,1.0,1,0.4151918100003513,0.4151918100003513,1.618248778109344,9.600357464155987,10.026394613583882,0.5836020539589487,0.6677116988156299,0.2817657390349164,0.05052256214945374,0,0
65,1059.90363237106,1060.3787848510603,1059.87980142106,0.8,,0.0,-1.0,1.0,1060.1317615900011,0.0,0.0,0.25,0,0.0,0.0,1,0.4989834300004077,0.4989834300004077,1.6980861240224447,10.266895597240538,8.932141248385111,0.5871217732891989,0.6609418546021973,0.27766187665185715,0.061396268745945615,0,0
66,1065.851504191066,1066.131409531066,1065.8284065010657,0.8,,0.0625,-1.0,1.0,1065.883761590001,0.0625,1.0,1.0,0,0.0,0.0,1,0.30300303000035456,0.30300303000035456,1.4814469714259175,7.616790695937243,11.570352184772492,0.8826981517848496,0.6599296356228687,0.2766389946039208,0.0634313697732107,0,0
67,1070.801075851071,1070.951494141071,1070.7787114210707,0.8,1.0,,1.0,1.0,1070.714761590001,-1.0,1.0,1.0,0,1.0,0.0,-1,0.17278272000021389,0.17278272000021389,1.2375003065236045,6.549813579136683,12.910237566630046,0.6080229628675642,0.6699281826493155,0.281458007513507,0.048613809837177564,0,0
69,1078.3006591510782,1079.005655311079,1078.2809944510782,0.8,0.0,,1.0,1.0,1078.589761590001,-0.0,1.0,0.75,0,1.0,0.0,-1,0.7246608600007676,0.7246608600007676,1.8601348050677866,4.373094506346447,6.5772818227609,0.45490527026724303,0.5770422051461643,0.23056914313769658,0.19238865171613925,0,0
70,1082.000555791082,1082.5594998910826,1081.9803244810819,0.8,0.0,,1.0,1.0,1082.2757615900011,-0.0,0.0,0.75,1,1.0,0.0,-1,0.5791754100007438,0.5791754100007438,1.7628101147780255,16.880460577795247,6.040549568335215,0.5023758979376063,0.5851975277092782,0.24458835941486273,0.17021411287585905,0,0
71,1085.6185939510856,1085.8413050110858,1085.6052952810855,0.8,,0.0,-1.0,1.0,1085.5547615900011,0.0,0.0,0.75,1,0.0,0.0,1,0.2360097300002053,0.2360097300002053,1.3729299080476087,5.506378560157105,12.162521664301554,0.6152006318053951,0.668039272725514,0.28172547188673774,0.050235255387748375,0,0
72,1090.4518772410904,1090.919897101091,1090.4266131010904,0.8,,0.25,1.0,-1.0,1090.691761590001,0.25,1.0,1.0,0,1.0,1.0,1,0.49328400000058537,0.49328400000058537,1.6930970290560028,68.51956861381514,8.459309275945028,0.5807412386790438,0.6628448518843554,0.27855378548926063,0.058601362626384046,1,1
73,1093.949827411094,1094.5409016310946,1093.944594601094,0.8,,0.0,-1.0,1.0,1094.3237615900011,0.0,1.0,0.75,0,0.0,0.0,1,0.5963070300006166,0.5963070300006166,1.775469929373374,5.066620620491221,5.881124258041382,0.44694264371538844,0.759022804662793,0.19245114802544316,0.0485260473117638,0,1
75,1104.2009688611042,1105.1246431511051,1104.1921697411042,0.8,0.0,,1.0,1.0,1104.847761590001,-0.0,1.0,0.75,0,1.0,0.0,-1,0.9324734100009664,0.9324734100009664,1.9696364565080713,4.997892975452865,2.736622989177704,1.1463330642641278,0.664736004720825,0.281700764562149,0.05356323071702606,1,1
76,1108.2841605011083,1108.5695652911086,1108.2521637011082,0.8,1.0,,1.0,1.0,1108.3607615900012,-1.0,1.0,1.0,0,1.0,0.0,-1,0.3174015900003724,0.3174015900003724,1.501609097991162,11.457564015699901,10.986215738455455,0.9840810280582791,0.7574424171127685,0.19403126850767077,0.04852631437956065,0,1
78,1118.1484739711182,1118.6016619811187,1118.1334088111182,0.8,0.25,,1.0,1.0,1118.387761590001,-0.25,1.0,1.0,0,1.0,0.0,-1,0.46825317000048017,0.46825317000048017,1.6704807261627177,39.05841560047301,8.473744217554728,0.7276119998398511,0.6696691552829065,0.2817768613261493,0.04855398339094416,1,1
79,1124.066048821124,1124.7494138111247,1124.0670487211241,0.8,0.125,,1.0,1.0,1124.5247615900012,-0.125,1.0,1.0,0,1.0,0.0,-1,0.6823650900005305,0.6823650900005305,1.8340168000938857,5.758589956098132,3.536443269252777,0.28568705313093223,0.7589580447636963,0.19251589698085358,0.04852605825545009,0,1
80,1128.4640423111284,1128.7599793811287,1128.4586761811286,0.2,0.125,,1.0,1.0,1128.560761590001,-0.125,1.0,1.0,0,1.0,0.0,-1,0.30130320000012034,0.30130320000012034,1.4790037441360668,6.774439456247436,10.927302257219951,0.8091036219653257,0.641466083523798,0.2715206498109693,0.087013266665233,0,0
82,1137.1323753911372,1137.4295456711375,1137.1119441011372,0.2,0.25,,1.0,1.0,1137.2187615900011,-0.25,1.0,1.0,0,1.0,0.0,-1,0.3176015700003063,0.3176015700003063,1.5018826406089136,7.455479808110974,10.140965950489043,0.9257783972890373,0.6695113329122474,0.2817006505310688,0.048788016556683876,0,0
83,1140.6487903811408,1141.0976121611411,1140.6239262011406,0.2,,0.25,1.0,-1.0,1140.7447615900012,0.25,1.0,1.0,0,1.0,1.0,1,0.47368596000046637,0.47368596000046637,1.675490512478248,6.544981880055155,10.872590792179107,0.7205273976193259,0.6714301626444813,0.2800213862168131,0.048548451138705755,0,0
84,1144.1637388511442,1144.5614324111446,1144.1422410011442,0.2,,1.0,1.0,-1.0,1144.3397615900012,1.0,1.0,1.0,0,1.0,1.0,1,0.41919141000039417,0.41919141000039417,1.6224123745776469,4.6268405473938135,9.613911644617717,0.5488749532809051,0.6915766772856607,0.2433304577820599,0.06509286493227948,0,0
86,1151.7794105411517,1152.8313053411528,1151.7701781311519,0.2,0.25,,1.0,1.0,1152.144761590001,-0.25,1.0,1.0,0,1.0,0.0,-1,1.0611272100009046,1.0611272100009046,2.025767451092451,19.678392276646985,6.009989480177562,0.41193544126872494,0.6646027545804188,0.2801993602438001,0.05519788517578102,1,1
88,1160.1142103111602,1160.869834741161,1160.1038446811601,0.2,,0.25,-1.0,1.0,1160.632761590001,0.25,0.0,0.0,0,0.0,0.0,1,0.7659900600008314,0.7659900600008314,1.8842231339735982,4.8920541070281445,2.2172786355018617,0.13823796194680732,0.7470236568113316,0.1944067855632322,0.05856955762543609,0,1
89,1165.4289787811654,1165.7850765011658,1165.4217461711655,0.2,,0.125,-1.0,1.0,1165.5227615900012,0.125,0.0,0.0,0,0.0,0.0,1,0.3633303300002808,0.3633303300002808,1.560301653304366,6.0388889135068995,11.832555230458578,0.7299085510944583,0.5734590516598694,0.24136258515776945,0.1851783631823612,0,0
91,1173.8302052411739,1174.3057243511744,1173.8010081611737,0.2,0.0,,1.0,1.0,1174.0407615900012,-0.0,0.0,0.25,0,1.0,0.0,-1,0.5047161900006358,0.5047161900006358,1.7030472360100184,5.417202223137192,7.668771068255107,0.5955083173604774,0.663628109364694,0.2713960383280094,0.06497585230729674,0,0
93,1181.6633218511818,1181.8584023411818,1181.6472901211816,0.2,,0.0,1.0,-1.0,1181.5227615900012,0.0,0.0,0.25,0,1.0,1.0,1,0.21111222000013186,0.21111222000013186,1.3245133726966944,61.23676772545964,12.678408002853393,0.7398164367803339,0.6678777678222781,0.28205981022813675,0.050062421949585253,1,1
95,1189.3791835211894,1190.03758434119,1189.3652515811893,0.2,,0.0625,-1.0,1.0,1189.3097615900012,0.0625,0.0,0.0,0,0.0,0.0,1,0.6723327600006996,0.6723327600006996,1.8275842731480778,10.929156769492474,12.8204727490743,0.4862004295680234,0.7590228046627907,0.19245114802544558,0.048526047311763805,2,1
96,1194.144073651194,1194.6881859011946,1194.1318748711942,0.2,,0.0,-1.0,1.0,1194.442761590001,0.0,0.0,0.25,0,0.0,0.0,1,0.5563110300004155,0.5563110300004155,1.7453176707997657,12.560929084105519,6.995634286634384,0.5242860600582395,0.33421528014731416,0.1266460643601175,0.5391386554925682,0,1
97,1199.5455334511996,1200.1084104912002,1199.5425004211995,0.2,,0.25,1.0,-1.0,1199.8897615900012,0.25,0.0,0.0,0,1.0,1.0,1,0.5659100700006547,0.5659100700006547,1.7527474219911796,4.54531480423928,6.291122885545095,0.4302310656541509,0.6197671950267076,0.26113265254452894,0.1191001524287637,0,0
100,1211.894831731212,1212.0967448712122,1211.8933985412118,0.2,,0.25,-1.0,1.0,1211.8667615900013,0.25,0.0,0.0,0,0.0,0.0,1,0.20334633000038593,0.20334633000038593,1.308236338653742,48.47584247876863,12.136968882878621,0.7234927119517511,0.6567314566623927,0.27793454174815463,0.06533400158945273,1,1
102,1219.7108833812197,1219.88366610122,1219.6946850012198,0.2,,0.0,-1.0,1.0,1219.6157615900013,0.0,0.0,0.25,0,0.0,0.0,1,0.18898110000009183,0.18898110000009183,1.2764183725536475,34.56626173412978,9.74213760693868,0.366116667773896,0.7590228012840969,0.19245115140356842,0.048526047312334765,1,0
104,1228.4101133712284,1228.7831760612287,1228.4002810212285,0.2,,1.0,1.0,-1.0,1228.5917615900012,1.0,0.0,0.0,0,1.0,1.0,1,0.38289504000022134,0.38289504000022134,1.5830797405590062,6.938977010692721,9.941118399302164,0.3916391533544772,0.7590227756959397,0.19245117698740136,0.04852604731665886,0,1
107,1240.5927949812406,1241.3895153012413,1240.5828626412406,0.2,0.125,,1.0,1.0,1241.180761590001,-0.125,0.0,0.0,0,1.0,0.0,-1,0.8066526600007364,0.8066526600007364,1.906686570264237,5.782443774028828,1.5771544257799783,0.14275070030343526,0.6452635940526081,0.27237014602143533,0.08236625992595643,0,0
108,1245.3427199412454,1245.7777764312457,1245.3341541312454,0.2,,0.25,1.0,-1.0,1245.5537615900012,0.25,0.0,0.0,0,1.0,1.0,1,0.44362230000024283,0.44362230000024283,1.647013369135443,95.22901719393627,9.136809579531352,0.6210058860586937,0.5020583354587828,0.20960825612891598,0.2883334084123013,1,1
109,1249.0588816212492,1249.4591415912494,1249.043149861249,0.2,,0.125,-1.0,1.0,1249.2037615900012,0.125,0.0,0.0,0,0.0,0.0,1,0.4159917300003144,0.4159917300003144,1.6190846968504697,40.43679377098959,9.182905566692352,1.0797870174305009,0.759022804662793,0.19245114802544316,0.0485260473117638,1,0
110,1253.6572550712538,1253.914762651254,1253.6404234212537,0.2,,1.0,-1.0,1.0,1253.6877615900012,1.0,1.0,1.0,0,0.0,0.0,1,0.27433923000035065,0.27433923000035065,1.438287915349564,22.45681746613261,11.916163921356201,0.8213842423700722,0.7589612963603168,0.19251264593371606,0.048526057705967254,0,1
111,1258.7734767312588,1259.2829924412592,1258.7644109712587,0.2,,0.25,1.0,-1.0,1259.0237615900012,0.25,1.0,1.0,0,1.0,1.0,1,0.5185814700005267,0.5185814700005267,1.7148169944613008,9.024913216641224,7.0629425048828125,0.6097746012619377,0.6728565874289378,0.2785937269846575,0.04854968558640467,0,0
112,1262.5066033812625,1263.018252211263,1262.4870386712626,0.2,1.0,,1.0,1.0,1262.8107615900012,-1.0,1.0,1.0,0,1.0,0.0,-1,0.5312135400004081,0.5312135400004081,1.7252691361500967,6.54742488521053,6.616548307736715,0.5283507325982312,0.6675919275111402,0.28214239036123456,0.05026568212762544,0,0
117,1285.873599781286,1286.2903914312863,1285.854235051286,0.2,,1.0,1.0,-1.0,1286.0777615900013,1.0,1.0,1.0,0,1.0,1.0,1,0.4361563800002841,0.4361563800002841,1.6396422296231568,51.6517602885171,8.079408939679464,0.601775432371493,0.6663117717203938,0.2819106953847988,0.051777532894807514,1,1
124,1315.922094631316,1316.6196915313167,1315.912362271316,0.2,,0.125,-1.0,1.0,1316.3797615900012,0.125,1.0,1.0,0,0.0,0.0,1,0.7073292600007335,0.7073292600007335,1.8496216238593757,21.406205103639248,3.2748316526412964,0.19839031020329678,0.7590228044100146,0.19245114827817897,0.04852604731180652,0,1
126,1326.4545412813266,1326.6346232713267,1326.4449422413265,0.2,,0.125,-1.0,1.0,1326.4307615900013,0.125,1.0,1.0,0,0.0,0.0,1,0.18968103000020164,0.18968103000020164,1.2780238992693167,7.855204924539773,9.744515005747477,0.8783386050429722,0.6697553591733838,0.28170239198621744,0.048542248840399,1,1
131,1349.91822801135,1351.0464485113512,1349.91909459135,0.8,0.0625,,1.0,1.0,1350.7947615900014,-0.0625,1.0,1.0,0,1.0,0.0,-1,1.1273539200012692,1.1273539200012692,2.052060279288351,8.38204236619975,3.799570039908091,0.5272466500096058,0.7561225245009741,0.192789034507142,0.05108844099188411,0,1
132,1355.7195811513557,1356.1650699313561,1355.7117486013558,0.8,1.0,,-1.0,-1.0,1355.8007615900012,-1.0,0.0,0.0,0,0.0,1.0,-1,0.45332133000033537,0.45332133000033537,1.6564061542748907,37.539615294460035,12.197756838798522,0.7385913207653865,0.6120645800726221,0.2553072703512169,0.13262814957616098,1,1
135,1370.3336529313704,1370.7083487913708,1370.3346195013703,0.8,0.25,,1.0,1.0,1370.5087615900013,-0.25,0.0,0.0,0,1.0,0.0,-1,0.37372929000048316,0.37372929000048316,1.5725571358135264,10.930695417787032,9.768159139156342,0.7688525416696012,0.7590224270572706,0.19245152556715445,0.048526047375574845,0,1
137,1378.2333962113782,1378.5045024313786,1378.2342294613782,0.8,0.0,,1.0,1.0,1378.2807615900012,-0.0,0.0,0.25,0,1.0,0.0,-1,0.2702729700004056,0.2702729700004056,1.4318026140795697,22.614510325358527,12.078141832351685,0.7977882443685311,0.6686172261094734,0.2824038906130469,0.048978883277479644,0,0
140,1390.1338060513901,1390.3969464013903,1390.1235070813902,0.8,0.0625,,1.0,1.0,1390.1447615900013,-0.0625,0.0,0.0,0,1.0,0.0,-1,0.27343932000007953,0.27343932000007953,1.436860965356985,13.751743840056685,12.504752381642659,0.6915450318228256,0.6764670871813785,0.2749830101038071,0.04854990271481467,0,0
141,1396.2154644913962,1396.4071119913965,1396.1868006913962,0.8,,0.125,-1.0,1.0,1396.1607615900014,0.125,0.0,0.0,0,0.0,0.0,1,0.22031130000027588,0.22031130000027588,1.343036773146714,7.2423282199262555,12.47611247698466,0.566124902947824,0.6667410564933115,0.28031837694111134,0.05294056656557729,0,0
142,1400.7328793714007,1401.1651361414013,1400.7150811514007,0.8,0.125,,1.0,1.0,1400.9347615900012,-0.125,0.0,0.0,0,1.0,0.0,-1,0.4500549900005808,0.4500549900005808,1.6532655813192318,23.51265513855704,7.277017919222514,0.6491374172341938,0.6423369753704656,0.2690235227501626,0.08863950187937172,0,0
143,1404.4484744414044,1404.6417884414047,1404.4254100814044,0.8,0.25,,1.0,1.0,1404.3137615900014,-0.25,0.0,0.0,0,1.0,0.0,-1,0.2163783600003626,0.2163783600003626,1.335213824815452,9.311057804200205,12.978649139404297,0.7729558694951432,0.6833349615838692,0.2681231539968074,0.04854188441932364,0,0
145,1412.6479877414126,1413.0684790214132,1412.6376887714127,0.8,1.0,,1.0,1.0,1412.8667615900013,-1.0,0.0,0.0,0,1.0,0.0,-1,0.4307902500004275,0.4307902500004275,1.634265865426941,11.972160460365027,7.833453893661499,0.948782757113363,0.6670207462195109,0.28131591861480876,0.05166333516568045,0,0
146,1416.2494608914162,1416.4128112214164,1416.2269964714162,0.8,0.25,,1.0,1.0,1416.1347615900013,-0.25,0.0,0.0,0,1.0,0.0,-1,0.18581475000019054,0.18581475000019054,1.2690801853811737,17.95207732811681,11.681699975331624,0.5940389350703311,0.6747432185983514,0.27670785787962837,0.04854892352202012,1,1
147,1421.6639860514217,1422.092676511422,1421.6586199214216,0.8,0.0,,1.0,1.0,1421.8367615900013,-0.0,0.0,0.25,0,1.0,0.0,-1,0.4340565900004094,0.4340565900004094,1.637546354219302,50.657936554145635,8.84034538269043,0.7318614609642934,0.7196213408469683,0.22480442666816894,0.05557423248486275,1,0
149,1429.2819241814293,1429.6406549714297,1429.2748915514294,0.8,0.0,,1.0,1.0,1429.3307615900014,-0.0,1.0,0.25,1,1.0,0.0,-1,0.36576342000034856,0.36576342000034856,1.5632002695210043,4.527366392746661,10.675680104891459,0.6053030828950289,0.7590228024675748,0.19245115022029052,0.048526047312134765,0,1
150,1433.5132010114335,1433.882297431434,1433.4938696114334,0.8,0.25,,1.0,1.0,1433.5167615900014,-0.25,0.0,0.0,0,1.0,0.0,-1,0.38842782000051557,0.38842782000051557,1.5893103274152378,21.571980922771104,8.65353991985321,0.4446661591148156,0.6671477363503309,0.2814027371514866,0.051449526498182616,0,0
151,1438.7797076414388,1439.0021520614391,1438.7805075614388,0.8,0.25,,1.0,1.0,1438.7877615900013,-0.25,0.0,0.0,0,1.0,0.0,-1,0.22164450000036595,0.22164450000036595,1.3456569589643517,9.843467265536455,12.866154845555624,0.7207132336064351,0.6788762308371653,0.2725798677646415,0.04854390139819327,0,0
152,1442.2809574814423,1443.4638725114435,1442.2724583314423,0.8,,0.25,1.0,-1.0,1442.1607615900014,0.25,0.0,0.0,0,1.0,1.0,1,1.1914141800011748,1.1914141800011748,2.0760627646898158,7.8153363624375265,13.663315629959106,0.48188565812486656,0.6647162216999591,0.28020864076581437,0.055075137534226506,2,1
153,1446.5960259314465,1447.0804441514472,1446.5870934914467,0.8,1.0,,-1.0,-1.0,1446.4877615900014,-1.0,0.0,0.0,0,0.0,1.0,-1,0.49335066000048755,0.49335066000048755,1.693155713534339,8.802648076053206,12.698537254333496,0.6033564209943696,0.3077975197443743,0.12255380401956659,0.5696486762360591,2,0
154,1451.3624159114513,1451.7966724814519,1451.3500838114514,0.8,0.25,,1.0,1.0,1451.5267615900013,-0.25,1.0,1.0,0,1.0,0.0,-1,0.44658867000043756,0.44658867000043756,1.6499077007804104,5.4769718503420135,8.200639267762503,0.6651313136330487,0.3106704564858836,0.123001548589336,0.5663279949247803,0,1
155,1454.947124071455,1455.158369611455,1454.935058611455,0.8,,0.0625,-1.0,1.0,1454.8177615900013,0.0625,1.0,1.0,0,0.0,0.0,1,0.22331100000019433,0.22331100000019433,1.3489101163617345,11.456691521787874,14.364992268880208,0.6517529093893775,0.6632543249666445,0.2796453978973786,0.05710027713597696,0,0
156,1459.4785375514596,1459.9385582114598,1459.4623725014594,0.8,,0.125,1.0,-1.0,1459.7237615900015,0.125,1.0,1.0,0,1.0,1.0,1,0.4761857100004363,0.4761857100004363,1.6777763583912553,7.515639075455797,8.098430144786835,0.37137237090639247,0.6398318128726515,0.2677099016385148,0.0924582854888339,0,0
158,1468.5132006614685,1469.92229307147,1468.5143005514685,0.8,,0.0625,-1.0,1.0,1469.7157615900014,0.0625,1.0,1.0,0,0.0,0.0,1,1.4079925200014713,1.4079925200014713,2.1486003476109836,6.531872538530658,1.6154768506685893,0.10645864135603748,0.6367771685944495,0.26883214308686226,0.0943906883186882,2,1
160,1479.4956356414796,1480.843867471481,1479.4692382814794,0.8,,0.125,1.0,-1.0,1479.3887615900014,0.125,1.0,1.0,0,1.0,1.0,1,1.3746291900015422,1.3746291900015422,2.138185561835516,13.519687411331264,11.018206850687664,0.4799607965188217,0.35487556687153105,0.14422307169775164,0.5009013614307172,2,0
161,1485.2956555814853,1488.6208563614887,1485.2771907614854,0.8,0.0,,-1.0,-1.0,1485.8647615900013,-0.0,1.0,0.75,0,0.0,1.0,-1,3.3436656000033054,3.3436656000033054,2.5242228371476005,10.062483274129878,17.524365361531576,1.3683664813132765,0.3062056337143548,0.1223072118865957,0.5714871543990495,1,1
164,1505.875630711506,1506.1853330715062,1505.875730701506,0.8,0.125,,1.0,1.0,1505.8737615900013,-0.125,1.0,1.0,0,1.0,0.0,-1,0.3096023700002206,0.3096023700002206,1.490804276539532,7.8240240486316095,11.71627078851064,0.7320150863108315,0.7590176817740888,0.19245035446106185,0.04853196376484946,0,1
165,1509.7104805215097,1509.9023613315098,1509.7010481315097,0.8,0.0,,1.0,1.0,1509.5667615900015,-0.0,1.0,0.75,0,1.0,0.0,-1,0.20131320000018604,0.20131320000018604,1.3038722522820634,16.686365589796235,14.05708441734314,0.7735074478785431,0.6678880360831746,0.2820165972662564,0.05009536665056922,0,0
167,1519.99171896152,1520.5344646815206,1519.97202093152,0.8,1.0,,1.0,1.0,1520.2137615900015,-1.0,1.0,1.0,0,1.0,0.0,-1,0.5624437500005115,0.5624437500005115,1.7500790951639875,7.2655524252222214,6.4282578229904175,0.4764152030688608,0.668617484732049,0.2809085837412781,0.050473931526672844,0,0
169,1529.1745339215292,1529.6436536715296,1529.172934081529,0.8,1.0,,1.0,1.0,1529.3747615900015,-1.0,1.0,1.0,0,1.0,0.0,-1,0.470719590000499,0.470719590000499,1.6727622727745808,5.384423201215901,6.861438719431559,0.44609746435155323,0.663622687103589,0.280927020267065,0.055450292629345976,0,0
175,1556.1895321515563,1557.2299614315573,1556.159435161556,0.8,0.0625,,1.0,1.0,1556.3887615900014,-0.0625,1.0,1.0,0,1.0,0.0,-1,1.07052627000121,1.07052627000121,2.0295973290583698,14.53536603638413,8.493602732817331,0.6644906935071367,0.6616040638453017,0.27977434834341197,0.05862158781128652,1,1
179,1575.2050304115753,1575.4864356015755,1575.1809661515751,0.8,1.0,,1.0,1.0,1575.2047615900015,-1.0,0.0,0.0,0,1.0,0.0,-1,0.3054694500003734,0.3054694500003734,1.4849677829592964,8.688156226623551,11.298630583286286,0.6080700418930628,0.6091183243345264,0.1692301625217163,0.22165151314375717,0,1
181,1582.5732935115825,1582.7857056015828,1582.5419299815826,0.8,0.0,,1.0,1.0,1582.5037615900014,-0.0,1.0,0.25,1,1.0,0.0,-1,0.2437756200001786,0.2437756200001786,1.3869902696628738,7.375114936796613,13.294835726420084,0.8046985995139727,0.6407824627533492,0.2702847264312016,0.08893281081544939,0,0
184,1598.3536819815984,1599.1041735915992,1598.3394834015983,0.8,0.25,,1.0,1.0,1598.2757615900016,-0.25,0.0,0.0,0,1.0,0.0,-1,0.7646901900009198,0.7646901900009198,1.8834855187808015,14.112770974866594,12.276110204060872,0.8147527229046785,0.6679728306673326,0.28148281543133,0.050544353901337324,1,1
185,1602.2200953016022,1602.4156090816025,1602.2061300316022,0.8,0.125,,1.0,1.0,1602.1447615900015,-0.125,0.0,0.0,0,1.0,0.0,-1,0.20947905000025457,0.20947905000025457,1.3211405956830344,6.462579719189733,12.612100648880006,0.6061458087979488,0.7054690440926588,0.18415536824249937,0.11037558766484179,0,1
186,1605.7200786016058,1606.090841521606,1605.7211118316056,0.8,0.0,,1.0,1.0,1605.7027615900015,-0.0,0.0,0.25,0,1.0,0.0,-1,0.3697296900004403,0.3697296900004403,1.5678843266500082,43.217281936583475,11.045277055104574,0.6041872443157049,0.629490338374001,0.2642056077863956,0.1063040538396034,1,1
187,1613.954421751614,1614.3380500516143,1613.943056221614,0.8,1.0,,1.0,1.0,1614.0347615900016,-1.0,0.0,0.0,0,1.0,0.0,-1,0.39499383000043053,0.39499383000043053,1.5965903117841955,5.304165883922049,9.278005226453145,0.7862263369256778,0.7590224134272122,0.19245153919490948,0.048526047377878155,0,1
194,1651.2357932416512,1651.4452056316516,1651.2261275416513,0.2,0.0,,1.0,1.0,1651.1017615900016,-0.0,1.0,0.25,1,1.0,0.0,-1,0.21907809000026646,0.21907809000026646,1.340598945941426,26.105180433330624,12.619612789154052,0.7356152490957771,0.6693921008783209,0.28203426562974276,0.04857363349193641,0,0
200,1683.8836947916839,1684.048944931684,1683.875928901684,0.2,,0.0625,-1.0,1.0,1683.8227615900016,0.0625,1.0,1.0,0,0.0,0.0,1,0.1730160300000989,0.1730160300000989,1.2380863425396276,9.591088694648567,10.486443281173706,0.6409666745196471,0.7033300704699118,0.24813423020264075,0.04853569932744734,1,1
204,1700.914458211701,1701.3241172417013,1700.890160641701,0.2,,0.25,1.0,-1.0,1701.1197615900016,0.25,1.0,1.0,0,1.0,1.0,1,0.43395660000032876,0.43395660000032876,1.6374462978930322,12.448278562876858,8.876353561878204,0.8251919287912072,0.5024351983522602,0.15352721368783567,0.344037587959904,0,1
205,1704.3661796717045,1704.6574838717047,1704.3541475417044,0.2,1.0,,-1.0,-1.0,1704.3897615900016,-1.0,1.0,1.0,0,0.0,1.0,-1,0.30333633000032023,0.30333633000032023,1.4819244280283808,27.734448466973117,12.50682512919108,0.6950297160642211,0.6687568662030383,0.2811914577024155,0.05005167609454627,1,1
211,1728.8140679717287,1729.0761084317292,1728.791636881729,0.2,0.0,,1.0,1.0,1728.8367615900015,-0.0,1.0,0.75,0,1.0,0.0,-1,0.28447155000026214,0.28447155000026214,1.4540388391116825,43.46217556887067,11.636277214686077,0.7851386055459832,0.73444735343422,0.2170224313588465,0.048530215206933666,1,0
217,1755.2280596417552,1755.5498274617555,1755.2198271317552,0.2,,0.0625,-1.0,1.0,1755.3247615900016,0.0625,1.0,1.0,0,0.0,0.0,1,0.3300003300003027,0.3300003300003027,1.5185143741725506,22.149237695426983,10.5464510679245,0.9453321874958008,0.7590187124461509,0.1924552395505473,0.04852604800330186,0,1
218,1759.7611062917597,1760.1695321117602,1759.7364420917597,0.2,0.0625,,1.0,1.0,1759.9167615900017,-0.0625,1.0,1.0,0,1.0,0.0,-1,0.4330900200004635,0.4330900200004635,1.6365781760903446,9.180430267202183,8.289494768265754,0.8219471511284124,0.6740029112838315,0.27745360653011353,0.04854348218605503,0,0
220,1768.7271429317686,1769.6393850317697,1768.7033786417687,0.2,1.0,,-1.0,-1.0,1768.9507615900018,-1.0,0.0,0.0,0,0.0,1.0,-1,0.9360063900010118,0.9360063900010118,1.971278813623475,23.29196318224204,8.283986260493597,0.648484260770281,0.6702855992452972,0.2811112031406853,0.048603197614017615,1,1
223,1787.3611126817873,1787.5232631317876,1787.3386149317873,0.2,,0.0,-1.0,1.0,1787.2467615900016,0.0,0.0,0.25,0,0.0,0.0,1,0.18464820000031068,0.18464820000031068,1.2663450783896906,17.358040293761633,9.119305753707886,0.42342173322487986,0.7589599268450744,0.19244491771857677,0.048595155436348784,1,0
224,1791.7259094917918,1792.4564697617925,1791.7172436917917,0.2,,0.125,1.0,-1.0,1792.2417615900017,0.125,0.0,0.0,0,1.0,1.0,1,0.7392260700007682,0.7392260700007682,1.8687772745781612,5.847660446157288,2.309090922276179,0.23991013233632982,0.7535457850909659,0.19162253597644413,0.05483167893258988,0,1
227,1811.3746110918114,1811.5927892718116,1811.3698115718114,0.2,,0.25,-1.0,1.0,1811.3807615900016,0.25,0.0,0.0,0,0.0,0.0,1,0.22297770000022865,0.22297770000022865,1.3482614314287984,25.8299746289652,13.076658566792807,1.0078251374340654,0.5925987254146479,0.24980720527096437,0.15759406931438785,0,0
228,1815.6077544018156,1816.112103961816,1815.6060879018157,0.2,1.0,,1.0,1.0,1815.9197615900016,-1.0,0.0,0.0,0,1.0,0.0,-1,0.5060160600003201,0.5060160600003201,1.7041643007505385,8.76466807211903,6.4331876873970035,0.7223006799912286,0.6813148205700703,0.2701445289299988,0.048540650499931,0,0
230,1825.2923858418253,1825.7584059018259,1825.2810536418253,0.2,,0.25,1.0,-1.0,1825.5177615900018,0.25,0.0,0.0,0,1.0,1.0,1,0.47735226000054354,0.47735226000054354,1.6788389830514228,5.48731274486424,7.29764544169108,0.5345597164791606,0.6696548537143481,0.2815470372516343,0.04879810903401788,0,0
233,1839.7747041318398,1840.2910858218404,1839.7576058418397,0.8,0.0625,,1.0,1.0,1840.0927615900018,-0.0625,0.0,0.0,0,1.0,0.0,-1,0.5334799800007204,0.5334799800007204,1.7271181262190562,6.019277787959797,6.039960342645645,0.5505428743110653,0.6669082348613594,0.28199143026216955,0.051100334876471365,0,0
239,1866.8046008718668,1867.914056581868,1866.7927687218669,0.8,0.125,,1.0,1.0,1866.7177615900018,-0.125,0.0,0.0,0,1.0,0.0,-1,1.1212878600010754,1.1212878600010754,2.0497171201430846,26.69089730984583,10.359816598892213,0.6685135054183282,0.6672686316043591,0.2820911485472645,0.05064021984837647,1,1
240,1872.4390373718725,1872.6000546018727,1872.4197393018724,0.8,,0.0,-1.0,1.0,1872.2837615900019,0.0,0.0,0.25,0,0.0,0.0,1,0.18031530000030216,0.18031530000030216,1.2560325787678273,19.36491948352868,12.579820728302002,0.64522625536553,0.7590218437401204,0.19245099917310066,0.04852715708677895,0,1
244,1891.6367840718917,1892.084805931892,1891.6229521218916,0.8,,0.25,1.0,-1.0,1891.8847615900017,0.25,1.0,1.0,0,1.0,1.0,1,0.46185381000054804,0.46185381000054804,1.6645045306272546,5.537172269531115,8.275560698201579,0.5960144626831847,0.6902220131822187,0.2596318689886228,0.05014611782915862,0,0
250,1926.4698670819264,1926.969250471927,1926.4504023619265,0.8,0.125,,1.0,1.0,1926.695761590002,-0.125,1.0,1.0,0,1.0,0.0,-1,0.5188481100003628,0.5188481100003628,1.7150402390754234,75.75483472915971,6.8557398597399395,0.3968573326718963,0.6679055398410946,0.28214948410667157,0.04994497605223394,1,1
256,1954.8829921519548,1955.1282009619551,1954.862560861955,0.8,,0.0,-1.0,1.0,1954.926761590002,0.0,1.0,0.75,0,0.0,0.0,1,0.26564010000015514,0.26564010000015514,1.424293635056896,7.7792060677517085,13.119901752471923,0.8272634588984642,0.759022804662793,0.19245114802544316,0.0485260473117638,0,1
258,1964.1341336119642,1964.2818188419642,1964.1141689419642,0.8,,0.125,-1.0,1.0,1963.9867615900018,0.125,1.0,1.0,0,0.0,0.0,1,0.1676499000000149,0.1676499000000149,1.2244032987164961,9.023058485473817,9.794719119225778,0.4824476766846256,0.668619626272389,0.28211064813589437,0.04926972559171675,2,1
259,1968.4988970919685,1968.9318871219689,1968.4884648019686,0.8,,1.0,1.0,-1.0,1968.7067615900019,1.0,1.0,1.0,0,1.0,1.0,1,0.4434223200003089,0.4434223200003089,1.6468175498722954,7.539940785568479,8.836443185806274,0.6154534640880299,0.41272075318396745,0.13881577399107514,0.44846347282495747,0,1
261,1976.0834718919762,1976.4406695019766,1976.0644071319762,0.8,,1.0,1.0,-1.0,1976.241761590002,1.0,1.0,1.0,0,1.0,1.0,1,0.3762623700004042,0.3762623700004042,1.5754907867005232,6.895557037677854,9.790310800075531,0.4018465683310397,0.6442994223526736,0.2717496329635533,0.08395094468377326,0,0
262,1979.5833885319796,1979.8781257219798,1979.5700898619796,0.8,0.0,,1.0,1.0,1979.6047615900018,-0.0,0.0,0.75,1,1.0,0.0,-1,0.3080358600002455,0.3080358600002455,1.4886012778435624,4.877242766302027,11.56312906742096,0.6102537526181098,0.6331558856992914,0.2666376344875512,0.10020647981315761,0,0
265,1991.3474453419913,1991.5736227219916,1991.3366464219914,0.8,0.125,,1.0,1.0,1991.224761590002,-0.125,0.0,0.0,0,1.0,0.0,-1,0.23697630000015124,0.23697630000015124,1.3747049143905734,6.68364976280418,12.68208875656128,0.8674123373925995,0.6627610985810376,0.2788339230783855,0.05840497834057721,0,0
266,1994.6138186719945,1995.1607639719953,1994.5952871919947,0.2,,0.125,1.0,-1.0,1994.780761590002,0.125,0.0,0.0,0,1.0,1.0,1,0.5654767800006084,0.5654767800006084,1.7524147763266424,6.683243351637108,9.41807720263799,0.5994107885613359,0.6693657140443532,0.2819430872953371,0.04869119866030976,0,0
267,1998.2156251219983,1998.4569343219985,1998.1929273919982,0.2,,1.0,-1.0,1.0,1998.134761590002,1.0,0.0,0.0,0,0.0,0.0,1,0.26400693000027786,0.26400693000027786,1.4216153269508127,10.100323626181925,12.879308859507242,0.6444238467630675,0.6370206679597035,0.24144054594977873,0.12153878609051799,0,0
270,2014.4791319420144,2014.8548943620149,2014.4691662720145,0.2,0.125,,1.0,1.0,2014.645761590002,-0.125,0.0,0.0,0,1.0,0.0,-1,0.3857280900003843,0.3857280900003843,1.5862812667839958,19.082801048303438,10.355234809716542,0.6945375111712877,0.6412144640248337,0.26951014703774406,0.08927538893742218,0,0
272,2022.1456318820221,2022.3614436320224,2022.122100902022,0.2,,0.25,-1.0,1.0,2022.0727615900018,0.25,0.0,0.0,0,0.0,0.0,1,0.2393427300003168,0.2393427300003168,1.3790202403882748,6.753944001465462,12.091407346725465,0.8039001743144364,0.6737559820987374,0.2773450794216564,0.04889893847960642,0,0
273,2028.4287368420285,2028.6334497020287,2028.4267370420284,0.2,,1.0,-1.0,1.0,2028.385761590002,1.0,0.0,0.0,0,0.0,0.0,1,0.20671266000022115,0.20671266000022115,1.3153670755623024,23.03292655965507,12.33761936823527,0.7343617943200775,0.6693371729390728,0.2816721614478252,0.04899066561310199,0,0
277,2046.6293832620468,2047.7236071620478,2046.6032858720466,0.2,,0.0625,-1.0,1.0,2047.5357615900018,0.0625,0.0,0.0,0,0.0,0.0,1,1.1203212900011295,1.1203212900011295,2.049342589156391,7.273253305919379,1.4720584233601888,0.1454833716764731,0.692272039830048,0.259172984408717,0.048554975761235075,0,0
279,2056.2438550520565,2056.6267167620567,2056.2235570820562,0.2,,1.0,1.0,-1.0,2056.4317615900018,1.0,0.0,0.0,0,1.0,1.0,1,0.40315968000049907,0.40315968000049907,1.6054770918181989,5.211925401017943,9.667567483584087,0.579519748604095,0.6076621220189938,0.2566015288053211,0.13573634917568503,0,0
280,2063.043275042063,2063.4119715020634,2063.018210882063,0.2,,1.0,1.0,-1.0,2063.216761590002,1.0,0.0,0.0,0,1.0,1.0,1,0.39376062000019374,0.39376062000019374,1.5952322801825056,57.13178090383926,9.501608411471048,0.6357710663013011,0.6621596864596451,0.2790347357646536,0.05880557777570155,1,1
281,2066.6262833720666,2066.968515812067,2066.6001859820667,0.2,,1.0,1.0,-1.0,2066.734761590002,1.0,0.0,0.0,0,1.0,1.0,1,0.3683298300002207,0.3683298300002207,1.5662368925716712,9.533321242732956,10.07055468559265,0.8818565875975899,0.759022804662438,0.1924511480257981,0.04852604731176386,0,1
283,2075.3774081720753,2075.752903952076,2075.3484777320755,0.2,,1.0,1.0,-1.0,2075.554761590002,1.0,0.0,0.0,0,1.0,1.0,1,0.4044262200004596,0.4044262200004596,1.606839304269053,18.640111793853958,9.219348839918773,0.5169545342983499,0.6694821903102188,0.28193375944306565,0.04858405024671561,0,0
285,2084.4587999420846,2084.7454046120847,2084.4267364820844,0.2,0.25,,1.0,1.0,2084.5007615900017,-0.25,0.0,0.0,0,1.0,0.0,-1,0.3186681300003329,0.3186681300003329,1.5033386318543789,19.68683965340701,12.083230968316396,0.830904817568939,0.6717765190998292,0.27954187257241836,0.048681608327752646,0,0
286,2087.810298092088,2088.140398412088,2087.797399382088,0.2,,0.0625,-1.0,1.0,2087.877761590002,0.0625,1.0,1.0,0,0.0,0.0,1,0.3429990300001009,0.3429990300001009,1.5352928918614315,13.381240656828338,11.156101552645366,0.6368027787594566,0.6753817378729501,0.27593175924871194,0.0486865028783381,0,0
287,2092.3594764620925,2092.8207969920927,2092.3367120720923,0.2,0.125,,1.0,1.0,2092.6057615900017,-0.125,1.0,1.0,0,1.0,0.0,-1,0.48408492000044134,0.48408492000044134,1.6849215539017808,37.251963811828425,6.938338377078375,0.674507778747465,0.6666440287977268,0.27981216928344,0.053543801918833275,1,1
292,2116.3083813321164,2116.7173404321165,2116.289916512116,0.8,1.0,,1.0,1.0,2116.509761590002,-1.0,1.0,1.0,0,1.0,0.0,-1,0.4274239200003649,0.4274239200003649,1.6308588230069891,24.041232697494973,8.106809139251709,0.7886931685293032,0.7587770349953771,0.192696876160581,0.048526088844041915,0,1
294,2123.3746746321235,2123.835895172124,2123.370875012123,0.8,0.25,,1.0,1.0,2123.498761590002,-0.25,1.0,1.0,0,1.0,0.0,-1,0.4650201600006767,0.4650201600006767,1.667471781249654,7.4029782132416555,7.9767995317777,0.5395564007241214,0.6801897581699966,0.27127001964519537,0.048540222184808156,0,0
295,2128.041307922128,2128.4133707121287,2128.026509402128,0.8,0.0,,1.0,1.0,2127.9317615900018,-0.0,1.0,0.75,0,1.0,0.0,-1,0.38686131000076784,0.38686131000076784,1.5875552981022993,23.4364206693998,11.180653468767803,0.55751076720932,0.6655810744392965,0.2814548149759442,0.05296411058475943,1,1
296,2133.074437892133,2133.5307255921334,2133.042474422133,0.8,0.25,,1.0,1.0,2133.302761590002,-0.25,1.0,1.0,0,1.0,0.0,-1,0.48825117000023965,0.48825117000023965,1.6886432926645292,7.893207359947914,7.1150559743245445,0.6381949313864861,0.7180102893051379,0.2334524491625962,0.048537261532266084,0,1
297,2136.7057747221365,2137.2109575321374,2136.6907762221367,0.8,1.0,,1.0,1.0,2136.838761590002,-1.0,1.0,1.0,0,1.0,0.0,-1,0.5201813100006802,0.5201813100006802,1.7161547440355749,35.16935777729098,7.398416642347971,0.7118130178909964,0.6681527312461037,0.28242745829784915,0.049419810456047264,1,1
300,2151.056339522151,2151.251886632151,2151.030375452151,0.8,0.0,,1.0,1.0,2150.953761590002,-0.0,1.0,0.75,0,1.0,0.0,-1,0.22151118000010683,0.22151118000010683,1.3453956506034317,15.806140223683744,11.74739956855774,0.6387219465895076,0.7578882390110596,0.1935855219484861,0.04852623904045423,0,1
301,2155.4712313221553,2156.043740732156,2155.4466671121554,0.8,0.25,,1.0,1.0,2155.816761590002,-0.25,1.0,1.0,0,1.0,0.0,-1,0.5970736200006286,0.5970736200006286,1.776027883539431,13.023215126405898,4.780321224530538,0.7455749476151154,0.6688210395236277,0.2780619577972722,0.05311700267910011,0,0
302,2162.5219595121625,2162.7056411421627,2162.4956288121625,0.8,,0.0,-1.0,1.0,2162.443761590002,0.0,1.0,0.75,0,0.0,0.0,1,0.21001233000015418,0.21001233000015418,1.3222447932759755,47.86646637848851,11.175743945439656,0.787172473495094,0.67174135005241,0.2793873879724821,0.048871261975108,1,1
305,2176.2700179021763,2176.5650550621767,2176.251886382176,0.8,1.0,,1.0,1.0,2176.290761590002,-1.0,1.0,1.0,0,1.0,0.0,-1,0.3131686800006719,0.3131686800006719,1.49577832176703,9.667405493850374,10.960842577616374,0.845440462752109,0.7590228010026154,0.19245115168500224,0.04852604731238233,0,1
307,2186.821029362187,2187.014276702187,2186.806830782187,0.8,0.25,,1.0,1.0,2186.779761590002,-0.25,1.0,1.0,0,1.0,0.0,-1,0.20744592000028206,0.20744592000028206,1.316904897642753,9.646760720622641,13.176130596796671,0.7550872527925139,0.6688601333276335,0.2824416848812215,0.048698181791144886,0,0
308,2190.721005992191,2191.238620892191,2190.7111403121908,0.8,0.125,,1.0,1.0,2190.744761590002,-0.125,0.0,0.0,0,1.0,0.0,-1,0.5274805800004287,0.5274805800004287,1.7222064750523736,76.61088276048497,12.170527291297912,0.9236410425510887,0.665459536212657,0.2803801755952375,0.05416028819210548,1,1
309,2196.902087822197,2197.917119642198,2196.889455752197,0.8,0.0,,-1.0,-1.0,2197.546761590002,-0.0,0.0,0.25,0,0.0,1.0,-1,1.0276638900008948,1.0276638900008948,2.011851096579419,15.847457288595981,16.75042551358541,1.2647701913508878,0.759022804662793,0.19245114802544316,0.0485260473117638,1,0
311,2209.0364076022092,2209.2281884222093,2209.017709472209,0.8,0.25,,1.0,1.0,2208.986761590002,-0.25,0.0,0.0,0,1.0,0.0,-1,0.21047895000037897,0.21047895000037897,1.3232086685526616,6.52098411945225,12.945966339111328,1.0215798667319496,0.7589590810049829,0.19244127687109935,0.04859964212391767,0,1
312,2214.5693209222145,2214.997644752215,2214.5543557522146,0.8,0.25,,1.0,1.0,2214.787761590002,-0.25,0.0,0.0,0,1.0,0.0,-1,0.44328900000027716,0.44328900000027716,1.6466869546278873,25.361874878670083,8.097274518013,0.8885715846543872,0.6696128767014982,0.28184288536639673,0.048544237932105425,0,0
313,2218.069070912218,2218.4056705822186,2218.046673152218,0.8,,0.0,-1.0,1.0,2218.129761590002,0.0,1.0,0.25,1,0.0,0.0,1,0.35899743000072704,0.35899743000072704,1.5550913395518626,6.593367741206797,11.163825118541718,0.6967427444518712,0.6999985849347848,0.2514652373840271,0.04853617768118819,0,0
314,2223.250419392223,2223.7044406522236,2223.238320602223,0.8,1.0,,1.0,1.0,2223.489761590002,-1.0,0.0,0.0,0,1.0,0.0,-1,0.466120050000427,0.466120050000427,1.668497784368474,14.027704218360409,8.316309499740601,0.6827266684100742,0.6685629420111124,0.28054188101379096,0.05089517697509673,0,0
315,2227.0337743522273,2227.3566087322274,2227.018275902227,0.8,0.125,,-1.0,-1.0,2227.086761590002,-0.125,0.0,0.0,0,0.0,1.0,-1,0.33833283000058145,0.33833283000058145,1.5293441414365665,9.250657081922805,12.698787450790405,0.7048098625512406,0.6690377699688324,0.2815530003003798,0.049409229730788096,0,0
317,2235.2999809822354,2235.5284581322358,2235.2929150222353,0.8,0.25,,1.0,1.0,2235.180761590002,-0.25,0.0,0.0,0,1.0,0.0,-1,0.23554311000043526,0.23554311000043526,1.3720704049760553,8.90893717100804,12.69314767519633,0.6404538001387614,0.6505549094321941,0.2619739569170585,0.08747113365074749,0,0
318,2242.7513691022427,2243.147762792243,2242.7372038522426,0.8,,0.125,1.0,-1.0,2242.9587615900023,0.125,0.0,0.0,0,1.0,1.0,1,0.4105589400005556,0.4105589400005556,1.6133755134153533,6.604822250062005,8.305466834704081,0.5130069124375761,0.651887634294349,0.2744919040622159,0.07362046164343516,0,0
321,2254.5819859222547,2254.976779772255,2254.5598214722545,0.8,,1.0,1.0,-1.0,2254.785761590002,1.0,0.0,0.0,0,1.0,1.0,1,0.4169583000007151,0.4169583000007151,1.6200926233546948,10.03694272725563,8.80662934780121,0.5264247880214789,0.6620488096953362,0.279742992902866,0.05820819740179803,0,0
324,2271.2160890122714,2271.784965452272,2271.192391382271,0.8,0.25,,1.0,1.0,2271.599761590002,-0.25,0.0,0.0,0,1.0,0.0,-1,0.5925740700008646,0.5925740700008646,1.7727426435970814,32.09554398929173,4.7951815287272135,0.5170814937160659,0.663011716235392,0.28008051073628304,0.056907773028324934,1,1
325,2275.0987007122753,2275.690308212276,2275.0813691122753,0.8,0.0,,1.0,1.0,2275.048761590002,-0.0,0.0,0.25,0,1.0,0.0,-1,0.608939100000498,0.608939100000498,1.784573861013423,9.96578106791859,7.078216934204102,0.5494065178603236,0.7530582799140606,0.19841466483706097,0.04852705524887838,0,1
326,2279.066003942279,2279.4254346622793,2279.0427062722792,0.8,0.0,,1.0,1.0,2279.115761590002,-0.0,0.0,0.25,0,1.0,0.0,-1,0.38272839000001113,0.38272839000001113,1.5828906784853873,14.74776949619694,9.982655394077302,0.7463142733333424,0.6636064308844808,0.28049090427578355,0.055902664839735806,0,0
328,2286.3156122422865,2286.910319432287,2286.2889815722865,0.8,,0.0,-1.0,1.0,2286.296761590002,0.0,0.0,0.25,0,0.0,0.0,1,0.6213378600004944,0.6213378600004944,1.7933278172994938,6.134688497675271,11.867158134778341,0.7135917566217029,0.6696331310711089,0.2810814609666604,0.049285407962230875,1,1
330,2296.4481655522964,2296.888821482297,2296.4316005422966,0.8,,1.0,1.0,-1.0,2296.6997615900023,1.0,1.0,1.0,0,1.0,1.0,1,0.45722094000029756,0.45722094000029756,1.6601261121832809,9.865265303307392,7.945297614733378,0.5513582470734438,0.6937502973641323,0.18234334368801983,0.12390635894784778,0,1
331,2300.0291074223,2300.2280541923,2300.0249078423,0.8,0.125,,1.0,1.0,2299.937761590002,-0.125,1.0,1.0,0,1.0,0.0,-1,0.20314635000022463,0.20314635000022463,1.307809023615411,8.935427298612131,11.940501880645751,0.9325826807311525,0.6610776555945089,0.279732156129313,0.05919018827617837,0,0
332,2303.3625407123036,2303.656211342304,2303.3512418423034,0.8,,0.0,-1.0,1.0,2303.377761590002,0.0,0.0,0.75,1,0.0,0.0,1,0.3049695000004249,0.3049695000004249,1.4842564077275835,32.05093446749295,11.126656190554302,0.8037014693074298,0.6751429311157343,0.27591450623033775,0.048942562653928066,1,1
333,2307.912352352308,2308.3198449323086,2307.897520502308,0.8,1.0,,1.0,1.0,2308.088761590002,-1.0,1.0,1.0,0,1.0,0.0,-1,0.42232443000057174,0.42232443000057174,1.625646204578033,13.578937136300869,9.668370616436004,0.6593027910125052,0.7480139734243992,0.20345811888981186,0.04852790768578889,0,1
335,2317.5449889923175,2318.060804072318,2317.5164918423175,0.8,,0.25,-1.0,1.0,2317.834761590002,0.25,1.0,1.0,0,0.0,0.0,1,0.5443122300007417,0.5443122300007417,1.7358480924691313,5.653890007749885,5.564637291431427,0.6647709276240196,0.6678579960077657,0.2813590147438216,0.05078298924841286,0,0
336,2322.2967804323225,2322.4774623623225,2322.2977803323224,0.8,,0.0,-1.0,1.0,2322.1977615900023,0.0,1.0,0.75,0,0.0,0.0,1,0.17968203000009453,0.17968203000009453,1.2545046454893947,12.038899702091678,10.04386883576711,0.5077001116897917,0.6698242963526878,0.28138716018750015,0.04878854345981209,2,1
338,2330.977578932331,2333.3757057623334,2330.971412882331,0.8,0.0,,1.0,1.0,2330.8007615900024,-0.0,1.0,0.75,0,1.0,0.0,-1,2.404292880002231,2.404292880002231,2.380987370327909,16.668039914051192,10.007009307543436,0.5741794719337541,0.5225371417849982,0.15612364133392567,0.3213392168810761,2,0
344,2360.04270546236,2360.2520845223603,2360.01260847236,0.2,0.25,,1.0,1.0,,-0.25,1.0,1.0,0,1.0,0.0,-1,0.23947605000012118,0.23947605000012118,1.3792620861309943,11.214615691734371,13.175998751322428,0.6444182365042807,0.3073840290141814,0.12248975197111642,0.5701262190147023,0,1
349,2383.6413786923836,2384.016007892384,2383.624480382384,0.2,,1.0,1.0,-1.0,2383.823761590002,1.0,1.0,1.0,0,1.0,1.0,1,0.3915275100002873,0.3915275100002873,1.5927622824133212,15.43461827201314,8.690169699986775,0.5332594960093171,0.5103960537330623,0.21217361906988536,0.27743032719705246,0,0
350,2387.309178542387,2387.853790742388,2387.2864808123873,0.2,,0.125,-1.0,1.0,2387.4697615900022,0.125,1.0,1.0,0,0.0,0.0,1,0.567309930000647,0.567309930000647,1.7538203853745795,16.26217958700438,8.684140992164611,0.6149772584475585,0.6637760615858842,0.2791980596959928,0.05702587871812294,0,0
351,2392.0571703623923,2392.2287865323924,2392.022773802392,0.2,,0.0,-1.0,1.0,2391.924761590002,0.0,1.0,0.75,0,0.0,0.0,1,0.20601273000056608,0.20601273000056608,1.313894057253549,26.38554959736201,13.097449779510498,1.0590567791554006,0.6760420708538923,0.26915631907593035,0.054801610070177385,0,0
352,2396.4071686523966,2396.792430122397,2396.3957364623966,0.2,,0.0,-1.0,1.0,2396.5077615900022,0.0,0.0,0.25,0,0.0,0.0,1,0.3966936600004374,0.3966936600004374,1.5984552595897845,60.0033354024068,11.963106298446656,0.7552285571368544,0.6847930052797992,0.26666813389503125,0.04853886082516958,1,1
353,2400.840358622401,2401.2000559824014,2400.8147278524007,0.2,,0.0625,-1.0,1.0,2400.8227615900023,0.0625,0.0,0.0,0,0.0,0.0,1,0.38532813000074384,0.38532813000074384,1.5858307148478357,18.581713854846516,9.653583073616028,0.7048402358520448,0.7590228046627918,0.19245114802544433,0.0485260473117638,0,1
355,2410.0911334524103,2410.5566868924107,2410.05233733241,0.2,0.25,,1.0,1.0,2410.3767615900024,-0.25,0.0,0.0,0,1.0,0.0,-1,0.5043495600007191,0.5043495600007191,1.7027316462818556,20.238897551589076,6.285510496298472,0.6678298805376064,0.6701444590284582,0.2811934916722998,0.0486620492992422,0,0
356,2415.4226335824155,2415.916650842416,2415.4236668124154,0.2,,1.0,1.0,-1.0,2415.3477615900024,1.0,0.0,0.0,0,1.0,1.0,1,0.4929840300005708,0.4929840300005708,1.6928328507276031,16.50057090743913,8.444785658518473,0.698978624651108,0.6744536372253078,0.2769701808843556,0.04857618189033667,0,0
363,2453.2871800824532,2453.547754022454,2453.262149252453,0.2,1.0,,1.0,1.0,2453.3057615900025,-1.0,0.0,0.0,0,1.0,0.0,-1,0.28560477000064566,0.28560477000064566,1.4557654564923013,16.04457338774046,13.599369764328003,1.2565976616337255,0.670988760501046,0.27999947393691804,0.04901176556203591,0,0
368,2476.2689816724765,2477.020339862477,2476.2643488024764,0.2,,0.25,-1.0,1.0,2476.643761590002,0.25,0.0,0.0,0,0.0,0.0,1,0.7559910600007242,0.7559910600007242,1.878516659766669,12.518280087249446,2.648855678240458,0.19673097422045652,0.6829299973591803,0.2685301776547473,0.048539824986072545,0,0
370,2484.587116442485,2485.191489332485,2484.5642853924846,0.2,,0.25,1.0,-1.0,2484.8657615900024,0.25,0.0,0.0,0,1.0,1.0,1,0.6272039400005269,0.6272039400005269,1.7974087778573657,19.275404933506703,5.978355558713277,0.5580101673751682,0.6611063263930647,0.28017613504052713,0.05871753856640842,0,0
379,2532.3008445925325,2532.7072706125327,2532.284346242532,0.2,,1.0,1.0,-1.0,2532.5057615900023,1.0,1.0,1.0,0,1.0,1.0,1,0.4229243700006009,0.4229243700006009,1.6262627110439145,6.067124680087155,8.92627398967743,0.6981349470609273,0.6706316559528209,0.28071674113033007,0.048651602916849036,0,0
382,2551.4998245025517,2551.891385342552,2551.4868924625516,0.2,,0.25,1.0,-1.0,2551.6107615900023,0.25,1.0,1.0,0,1.0,1.0,1,0.40449288000036177,0.40449288000036177,1.6069108814395925,24.17824913462829,10.073252832889557,0.6412968644010901,0.6692271083910208,0.2818970515752269,0.048875840033752435,0,0
384,2559.68267280256,2560.05566883256,2559.6708406525595,0.2,,1.0,1.0,-1.0,2559.8587615900024,1.0,1.0,1.0,0,1.0,1.0,1,0.38482818000056795,0.38482818000056795,1.5852668668237833,7.573165898823255,9.400245712200801,0.7781145351580846,0.6952656381069904,0.2561962238032667,0.04853813808974309,0,0
388,2577.863154572578,2578.0482693925783,2577.851089112578,0.2,0.0625,,1.0,1.0,2577.8457615900024,-0.0625,1.0,1.0,0,1.0,0.0,-1,0.19718028000033883,0.19718028000033883,1.294863478986131,46.93069664152226,12.240626939137776,0.8592195967289233,0.6694165866157443,0.2819013951973905,0.04868201818686528,1,1
394,2604.046302662604,2604.4941245426044,2604.022605032604,0.2,1.0,,1.0,1.0,2604.1717615900025,-1.0,1.0,1.0,0,1.0,0.0,-1,0.47151951000023473,0.47151951000023473,1.673499667190307,14.891882540190537,7.007607618967692,0.5929063504269868,0.7590227560525736,0.19245119662744797,0.04852604731997837,0,1
396,2613.4296975626135,2614.028237702614,2613.4221983126135,0.2,,0.125,1.0,-1.0,2613.3957615900026,0.125,0.0,0.0,0,1.0,1.0,1,0.6060393900006602,0.6060393900006602,1.7825008523906756,7.187091216540968,5.0326462666193645,0.3452581444586541,0.6682848681891032,0.2822891693203394,0.049425962490557404,0,0
398,2623.095664202623,2623.5031234526236,2623.095164252623,0.2,,1.0,1.0,-1.0,2623.2787615900024,1.0,0.0,0.0,0,1.0,1.0,1,0.4079592000007324,0.4079592000007324,1.6106167314708522,6.430551165563242,9.146965157985687,0.5807788912789332,0.6537568382345497,0.2768148095733209,0.06942835219212948,0,0
401,2635.8450558026357,2636.2998769826363,2635.8360900326356,0.2,,1.0,1.0,-1.0,2636.0897615900026,1.0,0.0,0.0,0,1.0,1.0,1,0.4637869500006673,0.4637869500006673,1.6663185243312166,13.41814557309031,7.145964189370473,0.4242640075711045,0.6656898145186562,0.2810616348953197,0.05324855058602417,0,0
402,2639.4611608226396,2639.84488911264,2639.4473955326393,0.2,,1.0,1.0,-1.0,2639.6497615900025,1.0,0.0,0.0,0,1.0,1.0,1,0.39749358000062784,0.39749358000062784,1.5993301186709363,14.01844656476917,9.708233205477397,0.455127476335598,0.6662900556063197,0.28141964510426587,0.052290299289414456,0,0
404,2647.992207632648,2648.5386863126487,2647.987674752648,0.8,0.0,,1.0,1.0,2648.3267615900027,-0.0,0.0,0.25,0,1.0,0.0,-1,0.551011560000461,0.551011560000461,1.741160710270564,6.783448404001751,6.196874105930329,0.6307193921568625,0.6668104836512465,0.28012095465420944,0.05306856169454417,0,0
405,2651.727267422652,2652.1296271826523,2651.728000682652,0.8,0.0625,,1.0,1.0,2651.9217615900025,-0.0625,0.0,0.0,0,1.0,0.0,-1,0.40162650000047506,0.40162650000047506,1.603822360571931,21.75534178567418,9.652172597249349,1.0810865342352114,0.6685050531028589,0.2822809823867439,0.04921396451039746,0,0
407,2662.408365872662,2662.728933812663,2662.3956004826623,0.8,,0.125,-1.0,1.0,2662.4347615900024,0.125,0.0,0.0,0,0.0,0.0,1,0.3333333300006416,0.3333333300006416,1.5228787409382285,5.6059844830526036,8.260148739814758,0.6879799313843667,0.6908260296165538,0.260635839833198,0.04853813055024826,0,0
411,2678.4090323126784,2678.956810862679,2678.4058326326785,0.8,0.125,,1.0,1.0,2678.6947615900026,-0.125,0.0,0.0,0,1.0,0.0,-1,0.5509782300005099,0.5509782300005099,1.7411344395461048,48.587363281656984,6.295818551381429,0.3841542873440063,0.6729203593597888,0.2773565957071414,0.049723044933069935,1,1
412,2681.942345612682,2682.103662812682,2681.927147132682,0.8,0.0,,1.0,1.0,2681.8407615900023,-0.0,0.0,0.25,0,1.0,0.0,-1,0.17651568000019324,0.17651568000019324,1.246783290092649,5.951196765711705,14.577181752522787,0.5980396574272542,0.7590228021079204,0.19245115057988413,0.04852604731219554,2,1
417,2699.9225807427,2700.2707125927004,2699.9233806627,0.8,0.125,,-1.0,-1.0,2699.8507615900025,-0.125,0.0,0.0,0,0.0,1.0,-1,0.34733193000056417,0.34733193000056417,1.5407447095579245,2.5609034072510806,12.610310236612955,0.47870323756329414,0.6262818071722418,0.2629879250609121,0.11073026776684615,2,0
419,2710.5072888327104,2711.1776551227113,2710.4726589627103,0.8,1.0,,1.0,1.0,2710.7937615900023,-1.0,1.0,1.0,0,1.0,0.0,-1,0.7049961600009738,0.7049961600009738,1.848186751466676,5.478092121647333,9.340001404285431,0.6108082098134032,0.4998209365476891,0.19297395372522066,0.3072051097270903,2,0
421,2720.7898938027206,2721.727666682722,2720.764596332721,0.8,0.0,,1.0,1.0,2721.2697615900024,-0.0,1.0,0.75,0,1.0,0.0,-1,0.9630703500010895,0.9630703500010895,1.9836580124634233,5.7856784757227935,1.5503116925557454,0.12119000936487939,0.40308903293938736,0.13802015594540917,0.4588908111152034,2,0
422,2724.971342282725,2725.6163111127257,2724.929246492725,0.8,0.125,,1.0,1.0,2725.4197615900025,-0.125,1.0,1.0,0,1.0,0.0,-1,0.6870646200009105,0.6870646200009105,1.83699758537109,9.090648991382519,2.559252417087555,0.42249359183856605,0.3929267819625098,0.16114372072937486,0.44592949730811543,2,0
427,2749.054733702749,2750.12709312275,2749.039768532749,0.8,,0.0625,-1.0,1.0,2749.8267615900027,0.0625,1.0,1.0,0,0.0,0.0,1,1.087324590001117,1.087324590001117,2.0363592097747216,5.406385784805208,2.0825143297513327,0.1476375399427686,0.44154028956570657,0.18222735904833093,0.3762323513859625,2,0
431,2772.3372718827723,2773.093796222773,2772.3279728127723,0.8,0.125,,1.0,1.0,2772.5297615900026,-0.125,1.0,1.0,0,1.0,0.0,-1,0.7658234100008485,0.7658234100008485,1.8841286379045865,18.269068285981014,6.457198099295298,0.411134037022013,0.39078251633822536,0.16018879338954847,0.44902869027222614,0,1
432,2776.1866869027763,2776.3865335827763,2776.166288942776,0.8,0.0,,1.0,1.0,2775.9827615900026,-0.0,0.0,0.75,1,1.0,0.0,-1,0.22024464000014632,0.22024464000014632,1.3429053479731445,22.554596517941246,11.435442225138347,0.706265483536303,0.6589770427284193,0.26482608967517335,0.07619686759640752,0,0
435,2795.967175322796,2796.4286625027967,2795.948510522796,0.8,0.125,,1.0,1.0,2796.1597615900027,-0.125,1.0,1.0,0,1.0,0.0,-1,0.48015198000075543,0.48015198000075543,1.6813787241018843,6.898314218912252,8.047827430566151,0.7622306608748545,0.7007948987687393,0.2506223727655165,0.04858272846574418,0,0
438,2812.3680350728123,2812.5290189728125,2812.3454040028123,0.8,0.125,,1.0,1.0,2812.2487615900027,-0.125,1.0,1.0,0,1.0,0.0,-1,0.1836149700002352,0.1836149700002352,1.2639080860344079,4.465168568996296,12.324997774759929,0.9837665724423982,0.6697779830944933,0.2815957774214085,0.04862623948409835,0,0
440,2819.3174400628195,2820.11169396282,2819.3153736028194,0.8,0.0,,1.0,1.0,2819.6447615900024,-0.0,0.0,0.25,0,1.0,0.0,-1,0.7963203600006636,0.7963203600006636,1.9010878197359264,13.564812039451626,1.7390458583831787,0.21787398666711108,0.6897318495273146,0.2617174085943096,0.04855074187837603,0,0
447,2851.5973117528515,2852.053532792852,2851.5805134328516,0.2,,1.0,1.0,-1.0,2851.820761590003,1.0,0.0,0.0,0,1.0,1.0,1,0.47301936000030764,0.47301936000030764,1.6748789161484636,14.366303133405392,8.438795495033265,0.6717379681320124,0.6591447333512772,0.27917620460807263,0.06167906204065018,0,0
448,2855.1989182228554,2855.694468662856,2855.1918189328553,0.2,,0.0,-1.0,1.0,2855.2557615900027,0.0,1.0,0.25,1,0.0,0.0,1,0.5026497300004849,0.5026497300004849,1.7012654536086866,28.96630480091228,8.513365701834362,0.6715741358397402,0.6689752217800377,0.2812122475663971,0.04981253065356523,1,1
451,2873.6644048228736,2874.4650580828743,2873.6400405928734,0.2,,0.25,-1.0,1.0,2873.9987615900027,0.25,0.0,0.0,0,0.0,0.0,1,0.825017490000846,0.825017490000846,1.9164631554957936,16.203036940052478,5.251153469085693,0.6604118087512373,0.7390815740975742,0.21238900777180017,0.04852941813062549,0,1
453,2882.2803098128825,2883.3700341628833,2882.2730105428823,0.2,,0.125,-1.0,1.0,2883.1187615900026,0.125,0.0,0.0,0,0.0,0.0,1,1.0970236200009822,1.0970236200009822,2.0402159784640963,11.116247199863666,1.6864410003026327,0.29325023617338386,0.6711682425000302,0.2789421283917452,0.049889629108224615,0,0
455,2893.944776582894,2895.6836026828955,2893.922945432894,0.2,,0.0625,-1.0,1.0,2895.4287615900025,0.0625,0.0,0.0,0,0.0,0.0,1,1.7606572500017137,1.7606572500017137,2.2456748193853038,6.34394923399277,1.404292917251587,0.06478605828542207,0.6475870162727397,0.2743028271686504,0.07811015655860995,2,1
456,2899.7275982428996,2959.81355571296,2899.7118998129,0.2,0.25,,-1.0,0.0,,-0.25,0.0,0.0,0,0.0,-0.0,-1,60.101655900059995,60.101655900059995,3.778886437699107,4.723708574614771,1.4556397318840026,0.1046808730082899,0.30631644887182186,0.12264045411133778,0.5710430970168403,2,0
463,3164.162318793164,3167.3852964631674,3164.135654793164,0.2,,0.0,-1.0,1.0,3166.826761590003,0.0,1.0,0.75,0,0.0,0.0,1,3.249641670003257,3.249641670003257,2.511835475034281,12.945008994990971,5.256028763453165,0.6792367979039683,0.30521754199970885,0.1221541509017698,0.5726283070985213,2,0
465,3178.7282287231787,3179.049896553179,3178.7112637531786,0.2,,0.125,-1.0,1.0,3178.768761590003,0.125,1.0,1.0,0,0.0,0.0,1,0.33863280000059603,0.33863280000059603,1.529729021609195,15.130178869152804,10.563561352094014,0.6680860927733928,0.30691274964852533,0.12241674813678986,0.5706705022146847,0,1
