,stimOn_times,feedback_times,goCue_times,probabilityLeft,contrastLeft,contrastRight,feedbackType,choice,firstMovement_times,signed_contrast,laser_stimulation,laser_probability,probe_trial,correct,right_choice,stim_side,time_to_choice,reaction_times,abs_contrast,rt_log,pupil,whisking,sniffing,p_engaged,p_exploratory,p_disengaged,state,state_switch
487,4039.514099,4039.960099,4039.503399,0.2,,0.125,1.0,-1.0,4039.4170646997063,0.125,1.0,1.0,0,1.0,1.0,1,0.4566999999997279,0.4566999999997279,0.125,-0.3403689883932582,16.46895428126091,4.091677744189898,1.7684944296470746,5.129463780338295e-05,0.9999482579054361,4.4745894881364514e-07,1,0
488,4043.3803989999997,4043.9347989999997,4043.3812989999997,0.2,,0.25,1.0,-1.0,4043.4950646997077,0.25,1.0,1.0,0,1.0,1.0,1,0.5534999999999854,0.5534999999999854,0.25,-0.2568823747852698,14.377250316707094,10.892217830816906,2.8210119560266658,0.9999954426267943,1.7000183002562022e-08,4.540375347963532e-06,0,1
489,4047.596698,4047.923398,4047.597598,0.2,,1.0,1.0,-1.0,4047.6480646997093,1.0,1.0,1.0,0,1.0,1.0,1,0.32580000000007203,0.32580000000007203,1.0,-0.4870489200274134,13.146280836685634,1.0671355565388998,0.42321396166778785,0.9800607464236234,5.043802015840574e-07,0.01993874919861956,0,0
491,4056.8629979999996,4057.234498,4056.862698,0.2,,0.0,1.0,-1.0,4057.0360646997124,0.0,0.0,0.75,1,1.0,1.0,1,0.37179999999989377,0.37179999999989377,0.0,-0.4296906145642443,16.162955319679227,11.78725790977478,2.0816907473167623,0.9817496755722496,0.0006967872807613274,0.017553537149238328,0,0
492,4062.5458989999997,4062.850899,4062.538299,0.2,,0.0,1.0,-1.0,4062.5660646997144,0.0,1.0,0.75,0,1.0,1.0,1,0.31260000000020227,0.31260000000020227,0.0,-0.5050110263165509,11.668187990515491,5.061000015338262,1.3237866942044363,0.8418559488298545,0.00496112465459408,0.1531829265175585,0,0
493,4070.312199,4070.627499,4070.287799,0.2,,0.0,1.0,-1.0,4070.4370646997168,0.0,1.0,0.75,0,1.0,1.0,1,0.33969999999999345,0.33969999999999345,0.0,-0.4689044531299804,14.248562075143537,0.9734622294704119,0.41450321911674076,0.7284201076704676,2.471087979349275e-07,0.27157964522272293,0,0
494,4075.4450989999996,4075.595399,4075.4380989999995,0.2,,0.25,1.0,-1.0,4075.3210646997186,0.25,1.0,1.0,0,1.0,1.0,1,0.15730000000030486,0.15730000000030486,0.25,-0.8032712773758715,14.082210593662522,1.0360155458251634,0.5780587002949964,0.0008755762058515119,0.0011109164434495663,0.9980135073525507,2,1
495,4084.327699,4084.5344990000003,4084.309599,0.2,,0.25,1.0,-1.0,4084.2620646997216,0.25,1.0,1.0,0,1.0,1.0,1,0.22490000000016153,0.22490000000016153,0.25,-0.6480105445640559,13.807680270798164,3.3551000078519184,0.9545293048054376,0.17643510163697973,0.010815282805854184,0.8127496155590521,2,0
496,4089.7940990000006,4090.1761990000005,4089.782499,0.2,,1.0,1.0,-1.0,4089.9740646997234,1.0,1.0,1.0,0,1.0,1.0,1,0.3937000000005355,0.3937000000005355,1.0,-0.40483458520917975,13.466414765698778,1.1206311096747716,0.38467210567014654,0.9914050042986128,5.763272225632016e-05,0.008537362980824411,0,1
497,4101.560098999999,4104.192198999999,4101.548199,0.2,,0.0625,1.0,-1.0,4104.006064699728,0.0625,1.0,1.0,0,1.0,1.0,1,2.6439999999993233,2.6439999999993233,0.0625,0.4222614508134915,14.655251184439743,0.7835911070307096,0.3187880706993432,1.4112448750549017e-15,2.2443181066096082e-05,0.999977556820717,2,1
498,4109.075999,4109.319399,4109.072099,0.2,,0.25,-1.0,1.0,4109.07706469973,0.25,1.0,1.0,0,0.0,0.0,1,0.24729999999999563,0.24729999999999563,0.25,-0.6067758836387104,14.007411377427935,0.6347666684538126,0.4060316577905618,0.39739497724652595,0.000610952522954356,0.6019940702324175,2,0
499,4113.8258989999995,4114.274799,4113.800399,0.2,,0.25,1.0,-1.0,4114.068064699732,0.25,1.0,1.0,0,1.0,1.0,1,0.47440000000005966,0.47440000000005966,0.25,-0.3238553196437392,13.922524574797187,0.7409711097677548,0.2639309436332598,0.771154592791313,4.066494996072648e-05,0.22880474226065964,0,1
500,4119.475399,4122.8218990000005,4119.476299,0.2,,0.0,1.0,-1.0,4122.473064699734,0.0,1.0,0.75,0,1.0,1.0,1,3.345600000000559,3.345600000000559,0.0,0.5244740154736692,14.244026148268688,0.7691977833708127,0.22338011494085833,4.349013820187604e-20,3.7574585897122324e-06,0.9999962425433857,2,1
501,4129.641299,4130.1087990000005,4129.642399,0.2,,0.125,1.0,-1.0,4129.899064699736,0.125,1.0,1.0,0,1.0,1.0,1,0.46640000000024884,0.46640000000024884,0.125,-0.3312414582488106,13.472388389069279,4.953753356138865,1.1862237132710631,0.6369686243388233,0.002747691105344647,0.36028368455778803,0,1
502,4133.457799,4134.100999,4133.443699,0.2,,0.0,-1.0,1.0,4133.818064699738,0.0,1.0,0.75,0,0.0,0.0,1,0.6572999999998501,0.6572999999998501,0.0,-0.18223636771973128,14.425038189456481,2.7144110947847366,0.8473802318313592,0.19168168158055765,0.004716897355729391,0.8036014210657371,2,1
503,4139.7404989999995,4140.695199,4139.741499,0.2,0.0625,,1.0,1.0,4140.42606469974,-0.0625,1.0,1.0,0,1.0,0.0,-1,0.9537000000000262,0.9537000000000262,0.0625,-0.020588217365552736,15.204248355639661,1.090551108121872,0.46493425238013053,0.003998885919093292,0.00011915312785152802,0.9958819609551973,2,0
504,4148.556399,4148.937499000001,4148.553699,0.2,,0.125,1.0,-1.0,4148.628064699743,0.125,1.0,1.0,0,1.0,1.0,1,0.3838000000005195,0.3838000000005195,0.125,-0.41589502959995944,13.551742694306716,7.615788878997167,0.5840737935637256,0.8264968748504844,6.449487346096637e-05,0.17343863027789788,0,1
505,4155.939399,4156.356899,4155.940199000001,0.8,0.0625,,-1.0,-1.0,4156.151064699746,-0.0625,1.0,1.0,0,0.0,1.0,-1,0.41669999999976426,0.41669999999976426,0.0625,-0.38017649954296767,13.365316670070287,9.043335528175037,0.9258677044528416,0.7425386219870287,0.0009669499619879573,0.2564944280528952,0,0
506,4164.738998,4167.971998,4164.738098,0.8,0.0625,,-1.0,-1.0,4167.80406469975,-0.0625,1.0,1.0,0,0.0,1.0,-1,3.233900000000176,3.233900000000176,0.0625,0.5097265863435491,13.40037060995995,11.575380007425943,1.3960712341316912,5.447435403810546e-20,0.019267704391580064,0.9807322956104763,2,1
508,4180.304699,4180.663999,4180.297399,0.8,1.0,,1.0,1.0,4180.475064699754,-1.0,1.0,1.0,0,1.0,0.0,-1,0.3666000000002896,0.3666000000002896,1.0,-0.43580753937345906,12.226574937522967,10.837966656684875,1.9208358644289945,0.9979844557129226,0.0008989118679880254,0.0011166324210531563,0,1
509,4185.820999,4187.342798999999,4185.821999,0.8,,0.0,1.0,-1.0,4186.516064699756,0.0,1.0,0.75,0,1.0,1.0,1,1.5207999999993262,1.5207999999993262,0.0,0.18207210385719433,13.361337504168512,6.512015557289123,1.8554330806732824,6.048138089477969e-08,0.027128915078972398,0.9728710244418604,2,1
510,4194.003699,4194.950999,4193.988499,0.8,0.0,,1.0,1.0,4194.341064699758,-0.0,1.0,0.75,0,1.0,0.0,-1,0.9624999999996362,0.9624999999996362,0.0,-0.016599261819625864,12.985383765782332,6.945891078313192,1.5295413114076664,0.0006221732400864154,0.0019786977498918697,0.9973991290122651,2,0
511,4202.819799,4203.308799,4202.807399,0.8,0.0,,1.0,1.0,4203.0850646997615,-0.0,1.0,0.75,0,1.0,0.0,-1,0.5014000000001033,0.5014000000001033,0.0,-0.2998156703777128,14.240492991201332,5.360064436992009,1.0506003117964744,0.5736362902307309,0.0003932142031677,0.4259704955681705,0,1
512,4210.769299,4211.112998999999,4210.765598999999,0.8,0.0625,,1.0,1.0,4210.892064699764,-0.0625,1.0,1.0,0,1.0,0.0,-1,0.3473999999996522,0.3473999999996522,0.0625,-0.45917018588935493,11.473691560220836,7.019371104240418,0.469891094683744,0.84980505009356,0.0004704173640274089,0.14972453254461268,0,0
513,4218.701899,4219.556399,4218.685399,0.8,0.0625,,1.0,1.0,4219.353064699767,-0.0625,1.0,1.0,0,1.0,0.0,-1,0.8710000000000946,0.8710000000000946,0.0625,-0.05998184499228963,12.063021183894417,1.1303022255500157,0.26466815477947303,0.0049153001439442645,0.0001483649650809384,0.9949363348933687,2,1
514,4226.101799,4227.420999,4226.102299,0.8,0.125,,1.0,1.0,4226.507064699769,-0.125,1.0,1.0,0,1.0,0.0,-1,1.318699999999808,1.318699999999808,0.125,0.12014600618804842,12.27312203311675,5.407282237211863,0.83927242377182,8.260822274282311e-07,0.0019944429458381135,0.9980047309742753,2,0
515,4232.867899,4233.514799,4232.864098999999,0.8,1.0,,1.0,1.0,4233.231064699771,-1.0,1.0,1.0,0,1.0,0.0,-1,0.6507000000001426,0.6507000000001426,1.0,-0.18661919326604912,12.639911639929775,2.253704437613487,0.860679457304378,0.9872163422674096,0.0031022133207882305,0.009681444414040596,0,1
516,4236.900899,4237.505699,4236.879099000001,0.8,1.0,,-1.0,-1.0,4237.271064699773,-1.0,1.0,1.0,0,0.0,1.0,-1,0.6265999999995984,0.6265999999995984,1.0,-0.203009609454592,12.102250471437312,12.478059983253479,1.663301193497847,0.8599698287305193,0.00015217467125290993,0.13987799660049208,0,0
517,4246.117099,4246.659199000001,4246.113899,0.8,0.0,,-1.0,-1.0,4246.335064699776,-0.0,0.0,0.25,0,0.0,1.0,-1,0.5453000000006796,0.5453000000006796,0.0,-0.26336450231263747,16.1765143994425,10.359008932113648,0.9880343300989025,0.8911638942817438,0.006553987062916591,0.10228211865743898,0,0
518,4252.899599,4253.265999,4252.900399,0.8,,1.0,1.0,-1.0,4253.011064699778,1.0,0.0,0.0,0,1.0,1.0,1,0.36560000000008586,0.36560000000008586,1.0,-0.4369938129381042,10.598071830706987,10.893744373321534,1.6835999470258318,0.9908811769701361,0.00053754857115018,0.008581274461176737,0,0
521,4280.731299,4281.048599000001,4280.718999000001,0.8,,1.0,1.0,-1.0,4280.620064699787,1.0,0.0,0.0,0,1.0,1.0,1,0.32960000000002765,0.32960000000002765,1.0,-0.48201279697488536,11.538542881571423,9.707777857780457,1.1060900582870956,0.9895507675929082,1.802024918136484e-07,0.01044905220695292,0,0
522,4290.363699,4293.994699,4290.353799,0.8,0.125,,-1.0,-1.0,4293.833064699791,-0.125,0.0,0.0,0,0.0,1.0,-1,3.6408999999994194,3.6408999999994194,0.125,0.5612087508798795,7.4328992478325135,6.658422187964121,0.9056344204535036,1.2390964149646185e-24,0.9994249464935553,0.0005750535087147136,1,1
523,4299.046899,4299.875899000001,4299.037899,0.8,0.0,,-1.0,-1.0,4299.1710646997935,-0.0,0.0,0.25,0,0.0,1.0,-1,0.8380000000006476,0.8380000000006476,0.0,-0.0767559813693879,12.895253502872515,10.253888924916586,1.9350857410127669,1.7978120129627242e-06,1.4020684828518065e-06,0.9999968001219522,2,1
524,4304.263099,4304.932499,4304.2534989999995,0.8,0.0,,-1.0,-1.0,4304.681064699795,-0.0,0.0,0.25,0,0.0,1.0,-1,0.6790000000000873,0.6790000000000873,0.0,-0.16813022571944247,12.612115230573478,5.407588920990626,1.136670668828253,0.07906515217787942,0.0005969220567202025,0.9203379257676881,2,0
525,4309.512798,4309.907398,4309.494098,0.8,0.0625,,-1.0,-1.0,4309.710064699797,-0.0625,0.0,0.0,0,0.0,1.0,-1,0.413300000000163,0.413300000000163,0.0625,-0.38373459471812055,11.271015759999152,3.068073300023874,0.8401536287650851,0.8015726316877702,0.0015253031121733947,0.1969020652025398,0,1
527,4319.845399,4320.120399,4319.846199,0.2,,0.25,1.0,-1.0,4319.8830646998,0.25,0.0,0.0,0,1.0,1.0,1,0.2742000000007465,0.2742000000007465,0.25,-0.5619325495453238,11.921197513586245,9.095571136474609,1.4313862246217757,0.8347371333857653,0.0007286199923052573,0.1645342466245908,0,0
528,4326.327899,4326.722699,4326.316099,0.2,0.0,,-1.0,-1.0,4326.244064699802,-0.0,0.0,0.25,0,0.0,1.0,-1,0.4066000000002532,0.4066000000002532,0.0,-0.39083262569770977,11.544700179049405,6.963915538787842,1.3885264101392498,0.8586068372123089,0.002860689967875583,0.13853247282215178,0,0
530,4339.294099000001,4339.757299,4339.268199,0.2,,0.0625,1.0,-1.0,4339.557064699807,0.0625,0.0,0.0,0,1.0,1.0,1,0.48909999999978027,0.48909999999978027,0.0625,-0.3106023371789128,13.990595367574642,5.1978489299615225,0.6587441033286069,0.7320560871354211,0.0006997917159311872,0.26724412115112395,0,0
532,4353.909699,4354.4958990000005,4353.882899,0.2,,0.0,1.0,-1.0,4354.1120646998115,0.0,0.0,0.25,0,1.0,1.0,1,0.6130000000002838,0.6130000000002838,0.0,-0.2125395254813839,14.30100324852614,11.691739988327026,1.2988699866361466,0.36214050537714787,0.0027277441002418416,0.6351317505249922,2,1
533,4370.975299,4371.340998999999,4370.976199,0.2,1.0,,1.0,1.0,4371.117064699817,-1.0,0.0,0.0,0,1.0,0.0,-1,0.3647999999993772,0.3647999999993772,1.0,-0.4379451703443629,14.34788426212545,1.3212155520915985,0.45904667753706246,0.9893152917742344,6.76235780013035e-05,0.010617084650279635,0,1
534,4376.958199,4377.218799,4376.9567990000005,0.2,,0.0,1.0,-1.0,4376.969064699819,0.0,0.0,0.25,0,1.0,1.0,1,0.26199999999971624,0.26199999999971624,0.0,-0.5816987086807249,13.880990274198453,13.701664479573568,1.7011895961842733,0.4679648419246543,0.000294166951132822,0.5317409911267077,2,1
535,4380.858099,4381.2170989999995,4380.845098999999,0.2,0.25,,1.0,1.0,4380.85206469982,-0.25,0.0,0.0,0,1.0,0.0,-1,0.3720000000002983,0.3720000000002983,0.25,-0.4294570601177542,8.727825580085188,0.7336000015338262,0.26997389910240904,0.9969408135978963,0.000975704289776136,0.002083482114720425,0,1
536,4386.107699,4387.083899,4386.097299,0.2,,0.0,1.0,-1.0,4386.785064699822,0.0,0.0,0.25,0,1.0,1.0,1,0.9866000000001804,0.9866000000001804,0.0,-0.005858888873798145,12.623491974607727,0.9230511059363683,0.4241029739923201,0.0006638386066385789,8.497371374904704e-10,0.999336160545876,2,1
537,4392.273799,4396.428798999999,4392.257199,0.2,,0.25,1.0,-1.0,4396.237064699826,0.25,0.0,0.0,0,1.0,1.0,1,4.171599999999671,4.171599999999671,0.25,0.6203026587858377,13.56471232137841,0.4296866693844398,0.27252356415938694,1.278334606694978e-24,4.167100487357482e-06,0.999995832901774,2,0
538,4404.0731989999995,4404.825299,4404.065299,0.2,0.125,,-1.0,-1.0,4404.565064699828,-0.125,0.0,0.0,0,0.0,1.0,-1,0.7600000000002183,0.7600000000002183,0.125,-0.11918640771908391,12.979578195229108,0.523362223803997,0.2864929800778217,0.03092933355203038,7.521917790336866e-09,0.9690706589285538,2,0
539,4409.455798999999,4410.553799,4409.4508989999995,0.2,,0.25,1.0,-1.0,4410.398064699831,0.25,0.0,0.0,0,1.0,1.0,1,1.1029000000007727,1.1029000000007727,0.25,0.04253613672244775,13.77126299638828,1.1775133416056633,0.3083410064380154,0.00015779445831127793,6.632521267567762e-05,0.9997758803316678,2,0
540,4413.8723979999995,4414.533198,4413.8597979999995,0.2,,0.125,1.0,-1.0,4414.328064699832,0.125,0.0,0.0,0,1.0,1.0,1,0.6734000000005835,0.6734000000005835,0.125,-0.17172688794755386,15.529643845283294,1.508115561803182,0.7244402159588768,0.3977735671143855,0.0036308050665393755,0.5985956278217764,2,0
541,4420.155498,4420.551098,4420.144998000001,0.2,,1.0,1.0,-1.0,4420.377064699834,1.0,0.0,0.0,0,1.0,1.0,1,0.40609999999924185,0.40609999999924185,1.0,-0.3913670105107738,13.514771033853322,3.5596511244773863,0.5848475496987894,0.9905718821322436,2.6972882278588192e-05,0.009401144988081497,0,1
542,4425.4715989999995,4425.902698999999,4425.451899,0.2,,0.125,1.0,-1.0,4425.626064699835,0.125,0.0,0.0,0,1.0,1.0,1,0.4507999999996173,0.4507999999996173,0.125,-0.3460160926262998,12.4463188841694,9.365355598926545,0.5160421308498164,0.8792463467409688,0.0002569253601931214,0.12049672790126753,0,0
543,4431.4375979999995,4431.932598,4431.418498,0.2,,0.25,1.0,-1.0,4431.705064699838,0.25,0.0,0.0,0,1.0,1.0,1,0.514100000000326,0.514100000000326,0.25,-0.28895239613269075,15.438001534006192,6.200242148836454,1.0880177712489556,0.8784658325184408,0.010693716539887621,0.11084045094430335,0,0
544,4436.504499,4437.300698999999,4436.496699,0.2,,0.0,-1.0,1.0,4436.9010646998395,0.0,0.0,0.25,0,0.0,0.0,1,0.8039999999991778,0.8039999999991778,0.0,-0.09474395125199285,13.092276937789547,6.191146250694029,1.2182949845954512,0.02060998747499421,0.019272470734309915,0.960117541793412,2,1
545,4441.737199,4442.0871990000005,4441.731599,0.2,,0.25,1.0,-1.0,4441.903064699841,0.25,0.0,0.0,0,1.0,1.0,1,0.3556000000007771,0.3556000000007771,0.25,-0.44903824770087486,10.764579266977687,8.017568866411844,1.6226017248976203,0.9583216261986426,0.0037273351701948417,0.03795103863373115,0,1
546,4446.1536989999995,4446.608799,4446.147199,0.2,,0.0,1.0,-1.0,4446.307064699842,0.0,0.0,0.25,0,1.0,1.0,1,0.46159999999963475,0.46159999999963475,0.0,-0.3357341998526686,12.385228583306894,1.8566999942064286,0.9337204751788684,0.6914447465120935,0.0023237372931287333,0.30623151619743605,0,0
547,4452.603199,4452.737698999999,4452.584398999999,0.2,0.0625,,-1.0,-1.0,4452.522064699844,-0.0625,0.0,0.0,0,0.0,1.0,-1,0.1532999999999447,0.1532999999999447,0.0625,-0.8144578451457815,13.826682977604344,4.244855539500714,1.0194474401763285,0.00031425635432911944,0.0037697184158272954,0.9959160252325983,2,1
549,4462.402499,4462.597199,4462.376198999999,0.2,,0.25,1.0,-1.0,4462.294064699848,0.25,0.0,0.0,0,1.0,1.0,1,0.22100000000045839,0.22100000000045839,0.25,-0.6556077263139886,12.781471071076473,4.849957786003748,1.353693225734047,0.1639156941409366,0.025698265446453233,0.8103860404154278,2,0
550,4469.185499,4469.588799,4469.174399,0.2,1.0,,-1.0,-1.0,4469.36806469985,-1.0,0.0,0.0,0,0.0,1.0,-1,0.4143999999996595,0.4143999999996595,1.0,-0.38258025326318024,14.51314071839293,0.7773422169188658,0.27145858199596035,0.9964291735417449,6.958543983065292e-06,0.0035638679170345248,0,1
551,4473.968599,4474.337799,4473.938999,0.2,,0.125,1.0,-1.0,4474.145064699852,0.125,0.0,0.0,0,1.0,1.0,1,0.3987999999999374,0.3987999999999374,0.125,-0.39924485036045004,12.970428952470522,1.3320466816425323,0.6393178854630032,0.8307571141088181,0.0002408287151087341,0.16900205717859088,0,0
552,4479.184598999999,4479.6127989999995,4479.168898999999,0.2,,1.0,1.0,-1.0,4479.437064699853,1.0,0.0,0.0,0,1.0,1.0,1,0.44390000000021246,0.44390000000021246,1.0,-0.3527148549744255,11.917986911780918,1.8734622252484163,0.5012895100632168,0.9679447028293948,1.9877711273724804e-05,0.0320354194618668,0,0
555,4499.216699,4499.942999,4499.208899,0.2,1.0,,1.0,1.0,4499.34006469986,-1.0,0.0,0.0,0,1.0,0.0,-1,0.7340999999996711,0.7340999999996711,1.0,-0.13424477592874293,9.952201331220252,5.192417810360591,1.545942414416775,0.5281948773807082,0.23789728507721464,0.233907837544747,0,0
556,4506.049599,4508.689299,4506.042098999999,0.2,,0.125,1.0,-1.0,4508.522064699863,0.125,0.0,0.0,0,1.0,1.0,1,2.647200000000339,2.647200000000339,0.125,0.42278675415185224,13.486835645707876,0.6904817118399567,0.3136838634362701,3.1937408734661946e-16,1.0970634808869022e-05,0.999989029368104,2,1
557,4514.449199,4514.956999,4514.427898999999,0.2,,0.25,1.0,-1.0,4514.741064699865,0.25,0.0,0.0,0,1.0,1.0,1,0.5291000000006534,0.5291000000006534,0.25,-0.27646223846740686,16.13194412629088,1.0722533312936624,0.27460035216829964,0.9193409522266802,0.0004619657962561748,0.08019708198000008,0,1
558,4521.065299,4525.638699,4521.038098999999,0.2,0.0625,,-1.0,-1.0,4525.439064699869,-0.0625,0.0,0.0,0,0.0,1.0,-1,4.600600000000668,4.600600000000668,0.0625,0.662814475093917,13.22751871737394,1.126677786062161,0.47967440273531,6.734066342020004e-27,1.5222724704267948e-05,0.9999847772782203,2,1
559,4530.081299,4530.786599,4530.058899,0.2,,0.125,1.0,-1.0,4530.241064699871,0.125,0.0,0.0,0,1.0,1.0,1,0.7277000000003682,0.7277000000003682,0.125,-0.13804762507832857,10.878925492970057,5.443057732780774,1.261612684714121,0.0723371943927525,0.053488419907247,0.8741743857030304,2,0
560,4534.297699,4535.211399,4534.289199,0.2,,0.125,1.0,-1.0,4534.329064699872,0.125,0.0,0.0,0,1.0,1.0,1,0.9221999999999753,0.9221999999999753,0.125,-0.03517488211662288,12.061066979893546,2.268308886885643,1.030284042580203,0.0015377302455941639,0.0022223821252579305,0.9962398876321841,2,0
561,4541.980499,4542.656399,4541.972699,0.2,,0.0,1.0,-1.0,4542.159064699875,0.0,0.0,0.25,0,1.0,1.0,1,0.6837000000004991,0.6837000000004991,0.0,-0.16513442009964494,13.843356755120722,10.415442212422688,1.8292758350183635,0.05628767309016562,0.003360513577776507,0.9403518133351294,2,0
564,4562.529199,4563.289899,4562.530399,0.2,,0.125,1.0,-1.0,4562.484064699881,0.125,1.0,1.0,0,1.0,1.0,1,0.7595000000001164,0.7595000000001164,0.125,-0.11947222180112829,12.790107280175677,9.052908905347188,1.2389863495317492,0.01942090602486978,0.005970373370957036,0.974608720607197,2,0
565,4569.795199,4573.407799,4569.786499,0.2,0.0,,-1.0,-1.0,4573.206064699884,-0.0,0.0,0.75,1,0.0,1.0,-1,3.621299999999792,3.621299999999792,0.0,0.5588645046423586,12.587702356005401,9.020835542678833,1.3994759572567637,9.949021648342977e-23,0.004005244745507147,0.995994755257577,2,0
566,4577.894799,4578.233399,4577.867999,0.8,1.0,,1.0,1.0,4577.875064699886,-1.0,1.0,1.0,0,1.0,0.0,-1,0.3653999999996813,0.3653999999996813,1.0,-0.4372314569838598,12.72314895822412,5.866737719376882,1.574489637293219,0.9959129065062154,0.0032384378887486062,0.000848655608045902,0,1
568,4591.560699,4591.835099,4591.554399,0.8,0.0,,-1.0,-1.0,4591.487064699891,-0.0,1.0,0.75,0,0.0,1.0,-1,0.28070000000025175,0.28070000000025175,0.0,-0.5517575873651713,14.016178419826748,1.5162999977668126,0.42862188014027514,0.4434141124547126,0.0006674078687687235,0.555918479679363,2,1
569,4599.593298999999,4600.600598999999,4599.585298999999,0.8,,0.0,-1.0,1.0,4599.740064699894,0.0,0.0,0.75,1,0.0,0.0,1,1.0153000000000247,1.0153000000000247,0.0,0.006594386184147678,14.36210681455398,0.8001022229592005,0.4219313472293849,0.00032873117277791136,0.0001538937980194109,0.9995173750320294,2,0
570,4605.7593990000005,4606.859699000001,4605.7557990000005,0.8,0.0625,,1.0,1.0,4606.652064699896,-0.0625,1.0,1.0,0,1.0,0.0,-1,1.103900000000067,1.103900000000067,0.0625,0.04292973334318603,14.092802833460851,10.555715656280517,2.1611663260301985,0.00010713341518381789,0.004585627107189666,0.9953072394805733,2,0
571,4614.792299,4615.393599,4614.792299,0.8,0.0,,-1.0,-1.0,4614.9900646998985,-0.0,0.0,0.75,1,0.0,1.0,-1,0.6013000000002648,0.6013000000002648,0.0,-0.22090879615430958,12.414716415110066,6.306784435113271,1.2103078505237452,0.15143497072310147,0.002691780240267168,0.8458732490394586,2,0
572,4619.825298,4620.190798,4619.796898,0.8,1.0,,1.0,1.0,4619.9440646999,-1.0,1.0,1.0,0,1.0,0.0,-1,0.39390000000003056,0.39390000000003056,1.0,-0.4046140191908245,14.35507603045417,0.6801177809635798,0.23895563159526087,0.9957774726612012,2.5712102715356386e-05,0.0041968152390434695,0,1
573,4625.474499,4625.866899,4625.475399,0.8,0.25,,1.0,1.0,4625.555064699902,-0.25,1.0,1.0,0,1.0,0.0,-1,0.3914999999997235,0.3914999999997235,0.25,-0.4072682336063445,15.428695685199251,0.7903088917334874,0.3155706009942948,0.9980297254650504,1.4330204438146783e-16,0.0019702745378071557,0,0
574,4632.5745990000005,4634.828799,4632.5736990000005,0.8,,1.0,1.0,-1.0,4634.665064699905,1.0,1.0,1.0,0,1.0,1.0,1,2.255099999999402,2.255099999999402,1.0,0.35316580496564237,10.829389493347445,1.0769822160402933,0.5327576176378367,1.3325447158311797e-12,0.00019967087036678674,0.9998003291314793,2,1
575,4641.190299,4641.6239989999995,4641.164799,0.8,0.0,,1.0,1.0,4641.365064699908,-0.0,0.0,0.75,1,1.0,0.0,-1,0.4591999999993277,0.4591999999993277,0.0,-0.3379981206107187,12.205600050340978,0.39277333170175555,0.28369984800232767,0.4838390100022236,2.52169168736067e-05,0.5161357730839938,2,0
576,4645.790299,4647.8942990000005,4645.769399,0.8,0.125,,-1.0,-1.0,4646.292064699909,-0.125,1.0,1.0,0,0.0,1.0,-1,2.1249000000007072,2.1249000000007072,0.125,0.3273384965181964,10.33276137345321,7.247240050633748,1.266374102367918,9.394854612467726e-13,0.08771247915275311,0.9122875208493305,2,0
577,4652.573199,4653.084699,4652.545299,0.8,,0.0625,1.0,-1.0,4652.8750646999115,0.0625,1.0,1.0,0,1.0,1.0,1,0.5393999999996595,0.5393999999996595,0.0625,-0.26808905788340176,12.380148959627848,1.231795574973027,0.5716287982048464,0.49090595003893583,4.553336548622417e-05,0.5090485165987064,2,0
578,4656.689599,4657.051299000001,4656.668799,0.8,0.0,,1.0,1.0,4656.696064699912,-0.0,1.0,0.75,0,1.0,0.0,-1,0.38250000000061846,0.38250000000061846,0.0,-0.41736856050966137,12.21175787791092,8.438733339309692,0.887980820122238,0.7298931824578824,0.0006459519680695898,0.2694608655770245,0,1
579,4663.288999,4663.880999,4663.272099,0.8,0.0,,-1.0,-1.0,4663.664064699915,-0.0,0.0,0.75,1,0.0,1.0,-1,0.6089000000001761,0.6089000000001761,0.0,-0.21545402594535185,11.18474246545401,10.348772048950195,1.396468082117276,0.35561955697055225,0.0180281311078493,0.6263523119247089,2,1
580,4668.272099,4668.943199,4668.267599,0.8,1.0,,1.0,1.0,4668.667064699916,-1.0,1.0,1.0,0,1.0,0.0,-1,0.675600000000486,0.675600000000486,1.0,-0.1703103591007165,17.94408521794717,2.450906679034233,0.4182422788369156,0.9915143994793195,0.008066768811944895,0.0004188317116702626,0,1
581,4673.905099,4674.700099,4673.905798999999,0.8,1.0,,1.0,1.0,4674.514064699919,-1.0,1.0,1.0,0,1.0,0.0,-1,0.7943000000004758,0.7943000000004758,1.0,-0.10001543745034883,14.32832474460624,0.8677225761836574,0.22808931774704608,0.3120283134621646,5.378145163353717e-06,0.6879663083956381,2,1
582,4680.137898999999,4680.565299,4680.126098999999,0.8,0.125,,1.0,1.0,4680.305064699921,-0.125,1.0,1.0,0,1.0,0.0,-1,0.43920000000071013,0.43920000000071013,0.125,-0.3573376685572623,10.324805535495376,4.163244401415189,1.0283440977563767,0.9299786428837863,0.0054644380880104525,0.06455691903104681,0,1
584,4698.619699,4699.251498999999,4698.608399,0.8,0.25,,1.0,1.0,4699.006064699926,-0.25,1.0,1.0,0,1.0,0.0,-1,0.6430999999993219,0.6430999999993219,0.25,-0.19172149041769013,12.550794378781218,5.816199946403503,1.0638941823750099,0.4782443719755959,0.0025385024188987423,0.519217125608431,2,1
585,4705.0697979999995,4705.4865979999995,4705.061197999999,0.8,0.0,,1.0,1.0,4705.267064699929,-0.0,0.0,0.75,1,1.0,0.0,-1,0.4254000000000815,0.4254000000000815,0.0,-0.3712025144332066,12.323458422928965,10.73499990304311,1.949789375002854,0.7124695603055461,0.0006361546414328177,0.2868942850559381,0,1
586,4712.685699,4713.153499,4712.673099,0.8,0.0,,1.0,1.0,4712.673064699931,-0.0,1.0,0.75,0,1.0,0.0,-1,0.48040000000037253,0.48040000000037253,0.0,-0.3183970012687948,13.577607440490198,1.302608882387479,0.6762142083088061,0.5754522767420804,0.0005023573765513716,0.42404536588400904,0,0
588,4731.1010989999995,4731.803099,4731.097699,0.8,0.0,,-1.0,-1.0,4731.602064699938,-0.0,1.0,0.75,0,0.0,1.0,-1,0.7053999999998268,0.7053999999998268,0.0,-0.15156454466863578,12.643128364114641,9.590793339411418,1.3984512874760424,0.0701219756885965,0.009149205068212016,0.9207288192458764,2,1
589,4736.334298999999,4736.849399,4736.328998999999,0.8,0.25,,1.0,1.0,4736.630064699939,-0.25,1.0,1.0,0,1.0,0.0,-1,0.5204000000003361,0.5204000000003361,0.25,-0.2836627121101708,12.20060055190257,7.6027548755368874,1.8110865446913176,0.720365211553919,0.01101866647740112,0.26861612197149914,0,1
590,4743.300199,4744.110999,4743.280199,0.2,0.0625,,1.0,1.0,4743.621064699942,-0.0625,1.0,1.0,0,1.0,0.0,-1,0.8308000000006359,0.8308000000006359,0.0625,-0.08050351213660607,13.631873209516385,5.635146709283193,0.8276440600133402,0.013937949536809633,0.005935688861887624,0.9801263616038801,2,1
591,4748.950099000001,4749.392099000001,4748.936399,0.2,,0.25,1.0,-1.0,4748.899064699944,0.25,1.0,1.0,0,1.0,1.0,1,0.45570000000043365,0.45570000000043365,0.25,-0.34132097141713796,14.80742667276609,9.046651105086008,1.3342174931660424,0.9358134485227232,0.0007772397794214286,0.06340931170050752,0,1
592,4754.7161989999995,4755.792899,4754.7125989999995,0.2,,0.125,-1.0,1.0,4755.227064699946,0.125,1.0,1.0,0,0.0,0.0,1,1.080300000000534,1.080300000000534,0.125,0.03354437609116246,17.11157899498722,9.817088866233826,1.1578793498826008,0.0016982944063720603,0.8104314979455605,0.1878702076507838,1,1
594,4765.498697999999,4766.278598,4765.485798,0.2,,0.0,1.0,-1.0,4765.559064699949,0.0,0.0,0.75,1,1.0,1.0,1,0.7928000000001703,0.7928000000001703,0.0,-0.10083635852268782,12.270180388601768,9.318184494972229,0.6440774395340554,0.0017517899252937111,3.731499357488237e-05,0.9982108950838199,2,1
596,4781.147599,4781.588099,4781.1410989999995,0.2,,0.125,1.0,-1.0,4781.401064699954,0.125,1.0,1.0,0,1.0,1.0,1,0.4470000000001164,0.4470000000001164,0.125,-0.3496924768679504,15.077608456848061,4.057693336407343,0.628910853174705,0.8534417963655981,0.00028748275834765733,0.1462707208788206,0,1
597,4786.464099000001,4786.912799000001,4786.447999,0.2,,0.125,1.0,-1.0,4786.700064699956,0.125,1.0,1.0,0,1.0,1.0,1,0.46480000000065047,0.46480000000065047,0.125,-0.3327338806171179,11.975781066911397,4.437117742498716,0.6324969764853204,0.7626177159412812,0.0009664868946386234,0.23641579716663105,0,0
598,4793.213699,4794.275799,4793.211598999999,0.2,,0.0,1.0,-1.0,4793.3020646999585,0.0,0.0,0.75,1,1.0,1.0,1,1.0642000000007101,1.0642000000007101,0.0,0.02702325458899341,11.43121723445464,1.1415644347667695,0.2063650404106762,0.00017959752200018156,6.88461002855725e-05,0.9997515563803762,2,1
599,4801.863198999999,4802.166698999999,4801.856699,0.2,,0.0625,-1.0,1.0,4801.932064699961,0.0625,1.0,1.0,0,0.0,0.0,1,0.3099999999994907,0.3099999999994907,0.0625,-0.5086383061664409,13.292294543607596,7.046580036481221,1.473133287197412,0.4821626513641431,0.003033228962415204,0.5148041196762285,2,0
600,4806.612899,4806.961198999999,4806.587299,0.2,1.0,,1.0,1.0,4806.753064699963,-1.0,1.0,1.0,0,1.0,0.0,-1,0.373899999999594,0.373899999999594,1.0,-0.42724453484625197,12.809417238542492,0.868335552016894,0.35636486067868467,0.9817746825513196,3.3841475821421405e-05,0.01819147597573165,0,1
602,4816.978599,4818.029399,4816.954099,0.2,,0.125,-1.0,1.0,4816.990064699966,0.125,1.0,1.0,0,0.0,0.0,1,1.075300000000425,1.075300000000425,0.125,0.031529645803594394,10.36213277210448,5.698202216625214,0.6631068793723959,0.0003312537311656477,0.033817665845799455,0.9658510804260764,2,1
605,4836.427698,4836.863098,4836.405398,0.2,,0.125,1.0,-1.0,4836.336064699973,0.125,1.0,1.0,0,1.0,1.0,1,0.4576999999999316,0.4576999999999316,0.125,-0.33941908757276534,12.473580837282237,10.522311075528462,1.7595913471551927,0.5782648614308326,0.0015672717994681706,0.4201678667726326,0,1
607,4845.093699,4846.037199,4845.084899,0.2,,0.0,-1.0,1.0,4845.001064699975,0.0,0.0,0.75,1,0.0,0.0,1,0.9522999999999229,0.9522999999999229,0.0,-0.021226215669912746,11.920577937460529,8.678866628805796,1.3049761593255182,0.0012409922953463487,0.00860592556223309,0.9901530821452399,2,1
608,4850.609699,4850.969699,4850.609099,0.2,,0.0,-1.0,1.0,4850.731064699978,0.0,1.0,0.75,0,0.0,0.0,1,0.3605999999999767,0.3605999999999767,0.0,-0.4429742776136449,13.279989805943936,6.356044497092565,0.9579791616777823,0.565498972050443,0.00028921200103791727,0.43421181595115704,0,1
609,4855.459599,4855.794298999999,4855.439998999999,0.2,,0.125,-1.0,1.0,4855.462064699979,0.125,1.0,1.0,0,0.0,0.0,1,0.35429999999996653,0.35429999999996653,0.125,-0.4506288476668638,14.215572756789763,9.493517732620239,1.3580797092082046,0.7388133627278045,0.001984316447566125,0.25920232082722094,0,0
610,4860.458999,4866.865199,4860.458299,0.2,0.0,,1.0,1.0,4866.650064699983,-0.0,1.0,0.75,0,1.0,0.0,-1,6.4068999999999505,6.4068999999999505,0.0,0.8066479455015941,11.756236826366314,6.957408555813374,0.6910699789187026,1.5313103451079186e-35,0.0002678647610564346,0.9997321352412798,2,1
611,4870.808598,4871.6070979999995,4870.797998,0.2,,0.25,1.0,-1.0,4871.342064699984,0.25,0.0,0.0,0,1.0,1.0,1,0.8090999999994892,0.8090999999994892,0.25,-0.09199779882772052,14.169484215989655,0.8808399965365727,0.47650663107634306,0.0409348116887969,0.0003158756807319704,0.9587493126328541,2,0
612,4878.241397999999,4878.865398,4878.2365979999995,0.2,,0.0,1.0,-1.0,4878.6940646999865,0.0,0.0,0.25,0,1.0,1.0,1,0.6288000000004104,0.6288000000004104,0.0,-0.2014874669683651,12.914962978958142,1.4882555554310481,0.9674720402768494,0.13409193964600033,0.0009252433594032483,0.864982816996756,2,0
613,4884.157598999999,4884.641398999999,4884.156099,0.2,,0.25,1.0,-1.0,4884.410064699989,0.25,0.0,0.0,0,1.0,1.0,1,0.4852999999993699,0.4852999999993699,0.25,-0.3139897086852783,12.077318339843957,0.6832430035837235,0.419112898569069,0.825630841645064,7.737825859546132e-05,0.17429178009826146,0,1
614,4888.1572989999995,4888.367399,4888.124999,0.2,,0.0625,-1.0,1.0,4888.13806469999,0.0625,0.0,0.0,0,0.0,0.0,1,0.24240000000008877,0.24240000000008877,0.0625,-0.6154673845055924,13.673130655315555,0.6385844384630521,0.2511315414791084,0.32204794351731303,2.6789483710336543e-05,0.6779252670011466,2,1
615,4892.790099,4893.233299,4892.773299,0.2,,0.125,1.0,-1.0,4893.0310646999915,0.125,0.0,0.0,0,1.0,1.0,1,0.4600000000000364,0.4600000000000364,0.125,-0.3372421683183916,15.607152567078105,4.684317757189274,1.044497563142564,0.897359271531727,0.006659735065003485,0.09598099340516923,0,1
617,4903.189599,4903.552199,4903.184399,0.2,,1.0,1.0,-1.0,4903.364064699995,1.0,0.0,0.0,0,1.0,1.0,1,0.36779999999998836,0.36779999999998836,1.0,-0.4343882750979551,11.475357441179034,5.967253315448761,1.2083763890774661,0.9755174968972271,0.0012618281181022918,0.02322067498667454,0,0
620,4921.021699,4922.331999,4920.999699,0.2,,0.0,1.0,-1.0,4922.042064700001,0.0,0.0,0.25,0,1.0,1.0,1,1.332300000000032,1.332300000000032,0.0,0.12460202789334882,11.425395863886889,1.0641444504261017,0.46066449317814706,1.089593738354191e-06,0.00020106375683261163,0.9997978466515963,2,1
621,4927.554298999999,4928.058099,4927.5358989999995,0.2,,0.125,1.0,-1.0,4927.790064700003,0.125,0.0,0.0,0,1.0,1.0,1,0.5222000000003391,0.5222000000003391,0.125,-0.2821631325127924,14.118425106321576,9.84752453962962,1.40207778198893,0.529566052143771,0.0029780899843749303,0.46745585787384725,0,1
623,4935.620799,4936.534799,4935.6037989999995,0.2,0.0625,,-1.0,-1.0,4935.677064700006,-0.0625,0.0,0.0,0,0.0,1.0,-1,0.9310000000004948,0.9310000000004948,0.0625,-0.03105031901842658,12.433961822524386,3.7264822284380594,0.8818400373496297,0.0016326669324958835,0.003573212566418585,0.9947941205028802,2,1
624,4942.803698999999,4943.117498999999,4942.791998999999,0.2,0.25,,1.0,1.0,4942.888064700008,-0.25,0.0,0.0,0,1.0,0.0,-1,0.32549999999991996,0.32549999999991996,0.25,-0.48744900709589606,14.402026138227033,9.29189992348353,1.3122915172648721,0.8503726289233082,0.001447006009837437,0.14818036506861829,0,1
625,4949.653298,4950.064298,4949.6448980000005,0.2,,1.0,1.0,-1.0,4949.867064700011,1.0,0.0,0.0,0,1.0,1.0,1,0.4193999999997686,0.4193999999997686,1.0,-0.3773715738709145,15.08877426989465,3.5939422329266866,0.9385388176924397,0.9870155060554543,0.0005130593148650227,0.012471434631343873,0,0
626,4955.469499,4956.051699,4955.4400989999995,0.2,,0.125,1.0,-1.0,4955.727064700012,0.125,0.0,0.0,0,1.0,1.0,1,0.6116000000001804,0.6116000000001804,0.125,-0.21353252325958935,14.544586847142265,8.333233340581257,1.2218553172357185,0.553492622393978,0.009717250415955694,0.43679012719169086,0,0
627,4962.152297999999,4962.7068979999995,4962.126297999999,0.2,,0.125,1.0,-1.0,4962.445064700015,0.125,0.0,0.0,0,1.0,1.0,1,0.5806000000002314,0.5806000000002314,0.125,-0.236122968504172,13.827335120387634,10.768768882751464,1.178848279444466,0.4195230472512809,0.0031106564470131416,0.5773662963032392,2,1
628,4968.685499,4969.474699,4968.662799,0.2,,0.125,1.0,-1.0,4969.244064700017,0.125,0.0,0.0,0,1.0,1.0,1,0.8119000000006054,0.8119000000006054,0.125,-0.09049745859426074,13.494262160263238,9.826348988215129,1.508122448568972,0.017906056474306296,0.008276974762840034,0.9738169687644075,2,0
629,4973.751598999999,4974.3600989999995,4973.721699,0.2,,0.0,-1.0,1.0,4973.808064700019,0.0,0.0,0.25,0,0.0,0.0,1,0.6383999999998196,0.6383999999998196,0.0,-0.19490712165744975,11.329423691736848,9.43648382925218,1.4506568142623966,0.16746474446591064,0.004507192592216851,0.828028062943542,2,0
630,4978.934699,4979.290599,4978.924299,0.2,,0.0,1.0,-1.0,4979.10506470002,0.0,0.0,0.25,0,1.0,1.0,1,0.36629999999968277,0.36629999999968277,0.0,-0.4361630813358312,14.119350258566369,9.233019987742106,1.6060980858102263,0.5217961104572564,0.0022196824010164607,0.47598420714349843,0,1
631,4984.217498,4987.6574980000005,4984.195898,0.2,0.0,,-1.0,-1.0,4987.496064700023,-0.0,0.0,0.25,0,0.0,1.0,-1,3.4616000000005442,3.4616000000005442,0.0,0.5392768821907361,12.470256692569752,9.852397767702739,1.0920434833565726,8.674001032793457e-22,0.012941957545342926,0.9870580424563146,2,1
632,4992.367099,4992.741599,4992.336699,0.2,,1.0,1.0,-1.0,4992.552064700025,1.0,0.0,0.0,0,1.0,1.0,1,0.40489999999954307,0.40489999999954307,1.0,-0.3926522232320767,13.772651162947513,5.83207998474439,1.171768672925476,0.9977231317831847,0.0014780084856404986,0.0007988597329712941,0,1
633,4996.383299,4996.762899,4996.359299,0.2,,1.0,1.0,-1.0,4996.344064700026,1.0,0.0,0.0,0,1.0,1.0,1,0.4036000000005515,0.4036000000005515,1.0,-0.39404884243453364,13.312532920644422,9.751959943771363,1.3680706019201831,0.9616723548144493,0.00026169220239637055,0.038065952984965526,0,0
634,5001.566398999999,5002.413098999999,5001.560199,0.2,,0.125,1.0,-1.0,5002.127064700028,0.125,0.0,0.0,0,1.0,1.0,1,0.8528999999998632,0.8528999999998632,0.125,-0.06910188558996508,13.579172207698836,4.023348916570345,1.2954284485122722,0.012451128811264763,0.018072613408366238,0.9694762577824715,2,1
635,5005.982698999999,5007.684499,5005.976798999999,0.2,,0.0625,1.0,-1.0,5006.819064700029,0.0625,0.0,0.0,0,1.0,1.0,1,1.707700000000841,1.707700000000841,0.0625,0.23241157842105975,12.48865324420758,10.180288966496786,0.493877811805714,1.5539449295298083e-10,0.00221885709290824,0.9977811427537084,2,0
636,5011.932398999999,5013.127699,5011.930998999999,0.2,0.125,,1.0,1.0,5012.411064700032,-0.125,0.0,0.0,0,1.0,0.0,-1,1.196700000000419,1.196700000000419,0.125,0.0779852910296541,14.248361192671876,9.910871036847432,0.8493735947649729,1.1156069252208792e-05,0.0036384368962904035,0.9963504070364005,2,0
637,5017.798599,5018.151199,5017.769899,0.2,,1.0,1.0,-1.0,5017.959064700033,1.0,0.0,0.0,0,1.0,1.0,1,0.3813000000000102,0.3813000000000102,1.0,-0.41873319472631776,17.261390714504724,11.290931129455567,1.1130974678509697,0.996677860823904,0.003298280061873131,2.385911638761787e-05,0,1
638,5021.998398999999,5022.464698999999,5021.977499,0.2,,0.25,1.0,-1.0,5022.265064700035,0.25,0.0,0.0,0,1.0,1.0,1,0.4871999999995751,0.4871999999995751,0.25,-0.31229272037555983,16.391792305470887,1.186166658004125,0.4724753615121967,0.9755319737008844,0.0006387962653377318,0.02382923003602965,0,0
640,5031.414199,5031.958999,5031.394699,0.2,0.0,,-1.0,-1.0,5031.607064700038,-0.0,0.0,0.25,0,0.0,1.0,-1,0.5643000000000029,0.5643000000000029,0.0,-0.24848994972995644,13.022829402370059,4.372937774658203,0.39724369726366454,0.6030027614156097,0.00012682985558652365,0.39687040873079465,0,0
641,5037.1473989999995,5037.452198999999,5037.141199,0.2,,0.0625,-1.0,1.0,5037.19706470004,0.0625,0.0,0.0,0,0.0,0.0,1,0.3109999999996944,0.3109999999996944,0.0625,-0.5072396109735893,15.080195148210079,9.718728907903035,1.4030630445733616,0.7629388687321691,0.002948871581540708,0.23411225968825827,0,0
642,5041.946999,5042.449199,5041.924798999999,0.2,,1.0,1.0,-1.0,5042.260064700042,1.0,0.0,0.0,0,1.0,1.0,1,0.5244000000002416,0.5244000000002416,1.0,-0.2803373169817533,12.51816711208008,8.124264446894328,0.6515143048878079,0.9573321126642464,0.0003208336239632571,0.04234705371395705,0,0
643,5047.0466989999995,5047.437798999999,5047.034699,0.2,,0.25,1.0,-1.0,5047.257064700043,0.25,0.0,0.0,0,1.0,1.0,1,0.40309999999954016,0.40309999999954016,0.25,-0.3945872018474443,14.28077904150252,10.477526744206747,1.5432061463407436,0.9040259464080211,0.001257596846657756,0.09471645674732132,0,0
644,5056.312599,5056.689899,5056.295499,0.2,,0.25,1.0,-1.0,5056.495064700046,0.25,0.0,0.0,0,1.0,1.0,1,0.3944000000001324,0.3944000000001324,0.25,-0.40406309373068056,14.606214429051782,10.364931106567383,2.0196349620996132,0.9615269519507589,0.00018230999332085013,0.03829073805793591,0,0
645,5062.762198,5063.137898,5062.757098,0.2,,0.0,1.0,-1.0,5062.757064700048,0.0,0.0,0.25,0,1.0,1.0,1,0.3807999999999083,0.3807999999999083,0.0,-0.41930306028766784,13.485825872058333,5.730413339535395,1.4259468691867851,0.9038073032918716,2.4043739674792092e-05,0.0961686529707247,0,0
646,5070.311799,5075.486599,5070.279299,0.2,,0.0625,1.0,-1.0,5075.256064700053,0.0625,0.0,0.0,0,1.0,1.0,1,5.207300000000032,5.207300000000032,0.0625,0.7166125987226415,17.953526951339132,10.657306635379792,1.6023237368018028,4.133024307941144e-28,0.9975865207645679,0.00241347923768369,1,1
647,5079.394399,5079.805399,5079.367399,0.2,,0.25,1.0,-1.0,5079.536064700053,0.25,0.0,0.0,0,1.0,1.0,1,0.43800000000010186,0.43800000000010186,0.25,-0.35852588949579944,13.961756652530033,8.533386715253194,1.6533040315901326,0.9997267908534283,4.8949634794972845e-06,0.0002683141853653414,0,1
648,5085.027698,5085.560698,5084.993298,0.2,,0.0625,1.0,-1.0,5085.1980647000555,0.0625,0.0,0.0,0,1.0,1.0,1,0.5673999999999069,0.5673999999999069,0.0625,-0.2461106685402378,13.63247999571186,0.7631755575537682,0.2582837064317304,0.5592257948946784,7.354263331437706e-05,0.44070066247430306,0,0
649,5089.127399,5089.517799,5089.103199,0.2,,0.25,1.0,-1.0,5089.333064700057,0.25,0.0,0.0,0,1.0,1.0,1,0.41460000000006403,0.41460000000006403,0.25,-0.3823707022420909,11.586084130272365,2.1614733109871547,0.812557619256206,0.9147140100489113,0.0006849731256586755,0.08460101682768811,0,0
650,5093.060398999999,5093.534199,5093.028198999999,0.2,,1.0,1.0,-1.0,5093.3110647000585,1.0,0.0,0.0,0,1.0,1.0,1,0.5060000000003129,0.5060000000003129,1.0,-0.29584948315993237,12.88956584413855,6.5724356204271315,1.043209331975861,0.9495342949581519,0.0006458697157582493,0.049819835328333416,0,0
651,5098.9595979999995,5099.319398,5098.9420979999995,0.2,,0.25,1.0,-1.0,5099.1420647000605,0.25,0.0,0.0,0,1.0,1.0,1,0.3773000000001048,0.3773000000001048,0.25,-0.42331319479888385,13.718558588497679,11.193493270874024,1.6750891866073319,0.8367997626362133,0.0007169574617007192,0.16248327990454486,0,0
652,5105.109399,5108.964499,5105.089899,0.2,,0.0,1.0,-1.0,5108.784064700064,0.0,1.0,0.25,1,1.0,1.0,1,3.8746000000001004,3.8746000000001004,0.0,0.5882268741302221,14.725947799002792,12.009292548702609,1.2301962496737475,4.1476811212756453e-23,0.08056175068798775,0.9194382493143846,2,1
653,5113.192198999999,5115.701698999999,5113.183099,0.2,,0.125,1.0,-1.0,5115.508064700066,0.125,0.0,0.0,0,1.0,1.0,1,2.5185999999994237,2.5185999999994237,0.125,0.40115919902369,13.932344015493848,6.778588934739431,1.1114252486940177,2.525614159911089e-15,0.005809662610362421,0.994190337392073,2,0
654,5119.2251989999995,5119.548898999999,5119.192298999999,0.2,0.25,,1.0,1.0,5119.365064700067,-0.25,0.0,0.0,0,1.0,0.0,-1,0.3566000000000713,0.3566000000000713,0.25,-0.44781866116057734,13.458127644427611,2.865317768851916,0.46740379406839455,0.8600216849526291,0.00012584137590541768,0.13985247367400414,0,1
655,5123.041499,5123.349698999999,5123.018298999999,0.2,,1.0,1.0,-1.0,5123.181064700068,1.0,0.0,0.0,0,1.0,1.0,1,0.33140000000003056,0.33140000000003056,1.0,-0.479647495916642,13.877953178334495,3.7756866912047067,0.5048421802355265,0.9575883134918161,0.00010298996248819236,0.04230869654798484,0,0
656,5128.524598999999,5132.032499,5128.504499,0.2,,0.0625,1.0,-1.0,5131.800064700071,0.0625,0.0,0.0,0,1.0,1.0,1,3.5280000000002474,3.5280000000002474,0.0625,0.5475285764598126,14.202535315044079,11.3760622104009,1.456365446162296,3.99299872412155e-21,0.04946933459218721,0.9505306654102705,2,1
657,5137.723698999999,5138.184799,5137.707998999999,0.2,,0.25,1.0,-1.0,5137.967064700073,0.25,0.0,0.0,0,1.0,1.0,1,0.4768000000003667,0.4768000000003667,0.25,-0.321663753267486,12.96598000581039,9.217281733789752,1.5943798662434001,0.8301414098601141,0.002742319310069506,0.1671162708322902,0,1
658,5141.873399,5142.299999,5141.861599,0.2,,0.25,1.0,-1.0,5142.107064700075,0.25,1.0,1.0,0,1.0,1.0,1,0.43840000000000146,0.43840000000000146,0.25,-0.35812945452368583,13.52162857730634,10.419539960225423,0.8258885336425915,0.8546829799304875,0.0002726793516718359,0.14504434072026742,0,0
659,5146.023299,5146.670199,5146.005499,0.2,0.0,,-1.0,-1.0,5146.291064700076,-0.0,1.0,0.75,0,0.0,1.0,-1,0.6647000000002663,0.6647000000002663,0.0,-0.17737432122568528,14.024012825356769,3.9364444593588512,1.0114964248651241,0.1808857540180472,0.0085684605893232,0.8105457853953391,2,1
660,5151.1896990000005,5152.052499,5151.176399,0.2,,0.0,1.0,-1.0,5151.671064700078,0.0,1.0,0.75,0,1.0,1.0,1,0.876100000000406,0.876100000000406,0.0,-0.057446319665588816,15.660333073586532,9.816866683959962,0.9790633240643135,0.01389841965484284,0.026182289764186267,0.9599192905836431,2,0
661,5155.722599,5156.186399,5155.7202990000005,0.2,,0.25,1.0,-1.0,5155.97706470008,0.25,1.0,1.0,0,1.0,1.0,1,0.466099999999642,0.466099999999642,0.25,-0.33152089706774795,14.731700488197424,1.4201799978812535,0.3332592448803726,0.8407044170131334,0.0001192438082552012,0.15917633918119875,0,1
662,5159.805799,5161.295199,5159.781599,0.2,,0.0,-1.0,1.0,5161.094064700081,0.0,1.0,0.75,0,0.0,0.0,1,1.513600000000224,1.513600000000224,0.0,0.18001111905778183,14.282320329629695,11.470653374989828,0.6986162941113789,3.7602473860162676e-08,0.006308273081613489,0.9936916893184723,2,1
663,5167.138798,5167.667098,5167.123398000001,0.2,0.25,,1.0,1.0,5167.4070647000835,-0.25,1.0,1.0,0,1.0,0.0,-1,0.5436999999992622,0.5436999999992622,0.25,-0.26464066699887856,12.409250929270025,10.627444354693095,1.1885513273559916,0.595232697857324,0.002868417854232551,0.40189888429101717,0,1
664,5173.5880990000005,5177.851199000001,5173.580699,0.2,,0.0,1.0,-1.0,5177.677064700087,0.0,1.0,0.75,0,1.0,1.0,1,4.270500000000538,4.270500000000538,0.0,0.6304787262026911,13.461602242964142,0.8881044467290242,0.33008968402696903,4.7787639516805204e-26,7.178374492636071e-08,0.9999999282188153,2,1
665,5182.1374989999995,5182.567899,5182.117499,0.2,,1.0,1.0,-1.0,5182.3780647000885,1.0,1.0,1.0,0,1.0,1.0,1,0.4503999999997177,0.4503999999997177,1.0,-0.3464016181569824,21.208769133479166,9.220104392369588,0.9936694251275079,0.017762680682302995,0.9822373192997897,2.0454657063352895e-11,1,1
666,5189.336999,5189.720399,5189.324399,0.2,0.25,,1.0,1.0,5189.4680647000905,-0.25,1.0,1.0,0,1.0,0.0,-1,0.3959999999997308,0.3959999999997308,0.25,-0.4023048140747829,13.377666773210972,9.564542190233867,1.5849041797748527,0.9999087601275628,6.68497668590305e-15,9.123987493640954e-05,0,1
667,5193.320199,5195.272999,5193.298898999999,0.2,,1.0,1.0,-1.0,5195.0760647000925,1.0,1.0,1.0,0,1.0,1.0,1,1.9741000000003623,1.9741000000003623,1.0,0.2953691485100861,13.039210307306876,4.23374445438385,1.3956599592170165,2.8730357605084723e-10,0.0013780948671160674,0.9986219048481861,2,1
668,5200.236499000001,5200.630199,5200.201499000001,0.2,0.0625,,-1.0,-1.0,5200.201064700094,-0.0625,1.0,1.0,0,0.0,1.0,-1,0.4286999999994805,0.4286999999994805,0.0625,-0.36784651648989364,14.489624313791694,13.871860035260518,2.249511025497926,0.7647845092141685,8.165228269596906e-05,0.2351338385057931,0,1
669,5205.2858989999995,5205.664199,5205.282099,0.8,,0.25,1.0,-1.0,5205.486064700096,0.25,1.0,1.0,0,1.0,1.0,1,0.38209999999980937,0.38209999999980937,0.25,-0.4178229623118078,13.202777114539893,9.58354442914327,0.9264844154099572,0.9142512323394333,3.966111997319166e-05,0.08570910654317863,0,0
670,5209.235599,5209.600998999999,5209.220998999999,0.8,0.125,,1.0,1.0,5209.396064700097,-0.125,1.0,1.0,0,1.0,0.0,-1,0.38000000000010914,0.38000000000010914,0.125,-0.4202164033830651,13.981362871476783,9.258884423226117,0.5172550741301546,0.9299878898637822,2.778212862031807e-05,0.06998432801020289,0,0
671,5214.035299,5214.369999,5214.023599,0.8,0.0,,1.0,1.0,5214.106064700099,-0.0,1.0,0.75,0,1.0,0.0,-1,0.3463999999994485,0.3463999999994485,0.0,-0.4604221166553824,14.498843241537063,7.727613317966461,0.7310533673648408,0.819350847447347,0.0006687332114128134,0.17998041934373823,0,0
672,5224.534899,5224.960699,5224.508699,0.8,1.0,,-1.0,-1.0,5224.725064700102,-1.0,1.0,1.0,0,0.0,1.0,-1,0.45200000000022555,0.45200000000022555,1.0,-0.34486156518840116,13.409284331160864,9.383097807566324,2.07608777562129,0.9759327884236398,0.00041163229485723335,0.02365557928412614,0,0
673,5230.467398,5230.771498,5230.448898,0.8,1.0,,1.0,1.0,5230.464064700104,-1.0,1.0,1.0,0,1.0,0.0,-1,0.32260000000042055,0.32260000000042055,1.0,-0.4913356369464911,15.729426745456799,2.091259990135829,1.0233032621284919,0.972868218455407,0.005115120677724612,0.022016660869436423,0,0
674,5237.400599,5238.466699,5237.394399,0.8,0.0625,,-1.0,-1.0,5238.165064700107,-0.0625,1.0,1.0,0,0.0,1.0,-1,1.0722999999998137,1.0722999999998137,0.0625,0.030316305988509984,11.460799939101012,9.367984457810719,1.273755403244222,0.00019625697529861817,0.019690894884761428,0.9801128481424898,2,1
675,5246.899998999999,5247.248299,5246.882299,0.8,0.0,,1.0,1.0,5246.967064700109,-0.0,1.0,0.75,0,1.0,0.0,-1,0.36599999999998545,0.36599999999998545,0.0,-0.4365189146056066,13.46431850298703,7.699177761872609,1.8424481843387919,0.5764211435243805,0.0014182917011913358,0.42216056477702046,0,1
676,5250.816299,5251.387699,5250.806499,0.8,,0.125,1.0,-1.0,5251.059064700111,0.125,1.0,1.0,0,1.0,1.0,1,0.581199999999626,0.581199999999626,0.125,-0.23567439437429555,14.68235494183789,11.848937797546387,1.1020125943980181,0.6502449185867579,0.0007037652036961305,0.3490513162120758,0,0
677,5255.849099,5256.183699,5255.843099,0.8,0.125,,-1.0,-1.0,5255.807064700112,-0.125,1.0,1.0,0,0.0,1.0,-1,0.34060000000044965,0.34060000000044965,0.125,-0.46775535637284443,13.637179406470645,10.35871114730835,1.2039451566514323,0.7179336393103831,0.0007822138217034045,0.281284146870426,0,0
678,5262.182199,5263.183199,5262.175599,0.8,,0.0,1.0,-1.0,5262.541064700115,0.0,0.0,0.75,1,1.0,1.0,1,1.0075999999999112,1.0075999999999112,0.0,0.003288158826037165,14.180287690643667,7.984871117273967,1.408691683060113,0.0005088715911610423,0.028045913195491875,0.9714452152159042,2,1
679,5266.815099,5271.710799,5266.789899,0.8,0.0625,,1.0,1.0,5271.512064700118,-0.0625,1.0,1.0,0,1.0,0.0,-1,4.920900000000074,4.920900000000074,0.0625,0.6920445396145664,11.751458894969506,0.6225066674252351,0.32572010051990663,3.7575720488023625e-29,1.2239426982586872e-07,0.9999998776083959,2,0
680,5277.3645989999995,5278.119199,5277.343398999999,0.8,0.25,,1.0,1.0,5277.87906470012,-0.25,1.0,1.0,0,1.0,0.0,-1,0.7758000000003449,0.7758000000003449,0.25,-0.11025022473576926,12.947497252482675,8.398006663719814,1.194304614762374,0.047184373445326305,0.009984981621525675,0.9428306449358114,2,0
681,5282.430799,5282.739398999999,5282.405299,0.8,,1.0,1.0,-1.0,5282.314064700122,1.0,1.0,1.0,0,1.0,1.0,1,0.33409999999912543,0.33409999999912543,1.0,-0.47612352436300553,14.398273328213753,10.678553358713787,0.6615082697408557,0.9985479671741363,7.895796857566768e-05,0.0013730748599508995,0,1
682,5287.647199,5287.943799000001,5287.613199,0.8,0.25,,1.0,1.0,5287.712064700123,-0.25,1.0,1.0,0,1.0,0.0,-1,0.3306000000002314,0.3306000000002314,0.25,-0.4806971507642674,13.361922319750947,8.916786583264669,0.6418546990330558,0.9062660331373242,3.060280384898037e-05,0.09370336406140342,0,0
683,5292.7633989999995,5293.169698999999,5292.731798999999,0.8,0.125,,1.0,1.0,5292.973064700125,-0.125,1.0,1.0,0,1.0,0.0,-1,0.4378999999998996,0.4378999999998996,0.125,-0.3586250548079741,12.496805380683696,9.82136447429657,0.9014618208859643,0.8850653541806268,0.0002379037574429482,0.11469674206461379,0,0
684,5297.113299000001,5297.520599,5297.109999,0.8,0.0,,1.0,1.0,5296.9930647001265,-0.0,1.0,0.75,0,1.0,0.0,-1,0.4106000000001586,0.4106000000001586,0.0,-0.3865810549652592,13.21422792840368,4.836151134967804,1.3267150242114194,0.7154014949820613,0.008766893764328572,0.27583161125628103,0,0
685,5301.413098999999,5302.913998999999,5301.395898999999,0.8,,0.125,1.0,-1.0,5301.403064700128,0.125,1.0,1.0,0,1.0,1.0,1,1.5181000000002314,1.5181000000002314,0.125,0.18130038026688655,13.736737857158877,10.83524219195048,0.777027348379486,5.1597898507213616e-08,0.002016696319606966,0.9979832520851909,2,1
686,5306.662598999999,5306.967799,5306.645199,0.8,0.0,,1.0,1.0,5306.6460647001295,-0.0,0.0,0.75,1,1.0,0.0,-1,0.32260000000042055,0.32260000000042055,0.0,-0.4913356369464911,12.152147219683911,9.199457812309266,0.7334963931522863,0.6940116925622601,0.00010203067343499003,0.30588627676695357,0,1
687,5312.128899,5312.509799,5312.120399,0.8,0.0,,1.0,1.0,5312.244064700131,-0.0,1.0,0.75,0,1.0,0.0,-1,0.3894000000000233,0.3894000000000233,0.0,-0.4096040528159612,14.166627007866431,2.7906888564427694,0.7531528294158337,0.6634363502357309,0.0013280484105377048,0.3352356013564006,0,0
688,5316.128699,5316.979799,5316.120299,0.8,0.0,,1.0,1.0,5316.725064700133,-0.0,1.0,0.75,0,1.0,0.0,-1,0.8594999999995707,0.8594999999995707,0.0,-0.0657541189771457,12.035877545894143,9.009639970461528,1.988088799864953,0.009654681682996342,0.006677818562609762,0.9836674997569026,2,1
689,5321.4117989999995,5321.785799,5321.380899,0.8,0.125,,1.0,1.0,5321.525064700135,-0.125,1.0,1.0,0,1.0,0.0,-1,0.40490000000045256,0.40490000000045256,0.125,-0.39265222323110116,12.30658321205388,1.962791127959887,0.9801929926799463,0.7571215130607986,9.465555785134849e-09,0.24287847747629634,0,1
690,5327.061298,5328.455198,5327.038098,0.8,0.25,,1.0,1.0,5328.162064700136,-0.25,1.0,1.0,0,1.0,0.0,-1,1.4170999999996639,1.4170999999996639,0.25,0.15140049803551472,14.01893360524424,0.9088422179222106,0.4635180060499061,2.4984564390265354e-06,9.903827393137943e-05,0.9998984632722614,2,1
691,5334.260899,5335.001399,5334.234299,0.8,1.0,,1.0,1.0,5334.574064700139,-1.0,1.0,1.0,0,1.0,0.0,-1,0.7671000000000276,0.7671000000000276,1.0,-0.11514801725398646,13.566260832148183,1.151786674124499,0.46612677527857593,0.8995889456024095,0.003377514468923805,0.09703353993135266,0,1
692,5340.076899,5340.935499,5340.071899,0.8,0.0,,-1.0,-1.0,5340.513064700141,-0.0,0.0,0.75,1,0.0,1.0,-1,0.8636000000005879,0.8636000000005879,0.0,-0.06368736633751117,12.492596702827047,10.620775524775187,1.6449295557217865,0.004598687645575378,0.016361188264553014,0.979040124092506,2,1
693,5345.609998999999,5346.268199,5345.602499,0.8,0.125,,1.0,1.0,5345.910064700142,-0.125,1.0,1.0,0,1.0,0.0,-1,0.66570000000047,0.66570000000047,0.125,-0.1767214430480226,12.324085013616221,10.732262134552002,1.0034886870214046,0.0924628722323052,0.0031518354197738905,0.9043852923506112,2,0
694,5349.826399,5350.693198999999,5349.794398999999,0.8,0.0625,,1.0,1.0,5349.804064700144,-0.0625,1.0,1.0,0,1.0,0.0,-1,0.8987999999999374,0.8987999999999374,0.0625,-0.046336936252938936,12.279939267960343,9.634566648801167,0.9722488789748773,0.0014242880143522133,4.0800588832177025e-08,0.9985756711877846,2,0
695,5357.392299,5358.643499,5357.373599,0.8,0.25,,1.0,1.0,5357.481064700147,-0.25,1.0,1.0,0,1.0,0.0,-1,1.2699000000002343,1.2699000000002343,0.25,0.10376952319375284,12.279428868119625,9.86685554186503,0.48161239702036435,3.0904009333387657e-06,6.603639946538181e-12,0.9999969095949841,2,0
696,5365.292099,5365.768199,5365.274399,0.8,0.25,,1.0,1.0,5365.500064700149,-0.25,1.0,1.0,0,1.0,0.0,-1,0.4938000000001921,0.4938000000001921,0.25,-0.3064489144039176,25.400712552334245,1.374842211107413,0.6964457350943528,9.793362297288537e-10,0.9999999990232027,4.453283317391278e-24,1,1
697,5369.841799,5370.205599,5369.815699,0.8,0.0,,1.0,1.0,5370.009064700151,-0.0,1.0,0.75,0,1.0,0.0,-1,0.38990000000012515,0.38990000000012515,0.0,-0.40904676481187485,12.160843872772832,9.61410448551178,1.633099777474303,7.473901476345266e-10,3.638134818940528e-12,0.9999999992514859,2,1
698,5374.691199,5375.4180989999995,5374.682599,0.8,,0.0,1.0,-1.0,5375.1560647001525,0.0,1.0,0.75,0,1.0,1.0,1,0.7354999999997744,0.7354999999997744,0.0,-0.13341732293658426,13.859775832998835,9.881526660919189,1.176981924422227,0.02417884009370358,1.0807102058874912e-08,0.9758211491016653,2,0
699,5383.407599,5387.350699,5383.382099,0.8,0.25,,1.0,1.0,5387.071064700157,-0.25,1.0,1.0,0,1.0,0.0,-1,3.968599999999242,3.968599999999242,0.25,0.598637328046138,13.309420265172175,9.83429114818573,2.308939017135618,8.476049621510581e-23,6.066409034606147e-08,0.9999999393385243,2,0
700,5392.7068979999995,5395.895098,5392.681598,0.8,,0.25,1.0,-1.0,5395.725064700159,0.25,1.0,1.0,0,1.0,1.0,1,3.21349999999984,3.21349999999984,0.25,0.5069783042463971,14.074026606926468,1.7247889026999474,0.8922625142334711,6.932316893974991e-19,0.00032606984515473234,0.9996739301574008,2,0
701,5402.6725989999995,5403.345399,5402.664999,0.8,0.0,,-1.0,-1.0,5403.026064700161,-0.0,1.0,0.75,0,0.0,1.0,-1,0.6804000000001906,0.6804000000001906,0.0,-0.1672356950593469,14.807206860834135,11.335359970728556,1.3015242926464277,0.11391692624285939,0.002204839578340122,0.8838782341811411,2,0
702,5409.422399,5409.971399,5409.386299,0.8,1.0,,1.0,1.0,5409.736064700164,-1.0,1.0,1.0,0,1.0,0.0,-1,0.5851000000002387,0.5851000000002387,1.0,-0.23276990188910457,13.703060966509586,10.502457825342814,1.085047711569568,0.9799963094833356,0.001863871720801355,0.01813981879816804,0,1
703,5415.405399,5415.753499,5415.377499,0.8,1.0,,-1.0,-1.0,5415.442064700166,-1.0,1.0,1.0,0,0.0,1.0,-1,0.3760000000002037,0.3760000000002037,1.0,-0.4248121550721036,13.825635649621262,4.355468910932541,0.6379464949370363,0.981887048664591,2.112293866183186e-05,0.018091828399176942,0,0
704,5425.271299,5425.679599,5425.262599000001,0.8,0.0,,1.0,1.0,5425.381064700169,-0.0,0.0,0.75,1,1.0,0.0,-1,0.4169999999994616,0.4169999999994616,0.0,-0.3798639450268032,13.724926420623577,4.969933342933655,1.1245747777632311,0.7889351056788898,0.003275129474795996,0.2077897648486753,0,0
705,5430.020998999999,5430.238098999999,5429.984498999999,0.8,0.0,,1.0,1.0,5430.002064700171,-0.0,0.0,0.25,0,1.0,0.0,-1,0.2536000000000058,0.2536000000000058,0.0,-0.5958507507902949,13.694420137679524,10.864270917830929,1.5120398233405699,0.3713370213354939,0.000833626393134153,0.6278293522738582,2,1
706,5434.020699,5434.291799,5434.003799,0.8,0.0625,,-1.0,-1.0,5434.021064700172,-0.0625,0.0,0.0,0,0.0,1.0,-1,0.28799999999955617,0.28799999999955617,0.0625,-0.5406075122414384,14.495181678337339,9.467508920033772,0.6698306838147496,0.601379426448946,0.00028081288341740164,0.39833976067022625,0,1
707,5439.036999,5439.597699,5439.000698999999,0.8,0.0,,1.0,1.0,5439.2280647001735,-0.0,0.0,0.25,0,1.0,0.0,-1,0.5970000000006621,0.5970000000006621,0.0,-0.22402566887014924,13.014496207347728,8.784811083475748,1.6056397670572027,0.24056212151856007,0.009080501740923853,0.7503573767429345,2,1
708,5446.503099,5450.674199,5446.492199,0.8,,0.0,-1.0,1.0,5450.463064700178,0.0,0.0,0.25,0,0.0,0.0,1,4.181999999999789,4.181999999999789,0.0,0.6213840284816311,13.799468921442486,10.935555617014566,1.5622066553840488,4.730485835877755e-25,0.011642311300996298,0.9883576887016758,2,0
709,5455.236099,5455.695699,5455.221699,0.8,1.0,,1.0,1.0,5455.49106470018,-1.0,0.0,0.0,0,1.0,0.0,-1,0.47400000000016007,0.47400000000016007,1.0,-0.32422165832576827,12.395832478550245,3.6439600229263305,1.6152768047876511,0.9945628635601088,0.0045618947400135595,0.000875241702428561,0,1
710,5459.969099,5460.327498999999,5459.937298999999,0.8,1.0,,1.0,1.0,5460.092064700181,-1.0,0.0,0.0,0,1.0,0.0,-1,0.39019999999982247,0.39019999999982247,1.0,-0.40871273494169835,12.240467748769442,9.95653993288676,1.4114454536742,0.9742078200255854,0.00015740939868677913,0.025634770578171512,0,0
711,5463.952098999999,5464.2386989999995,5463.934899,0.8,1.0,,1.0,1.0,5463.978064700183,-1.0,0.0,0.0,0,1.0,0.0,-1,0.30379999999968277,0.30379999999968277,1.0,-0.517412230473686,12.69073125056649,7.525640030701955,0.9051094699830624,0.9434195370695566,0.0003225397502838639,0.0562579231827471,0,0
712,5468.018099,5469.0178989999995,5467.9998989999995,0.8,0.125,,1.0,1.0,5468.367064700184,-0.125,0.0,0.0,0,1.0,0.0,-1,1.018000000000029,1.018000000000029,0.125,0.007747778000752358,15.778244170257944,11.519984436035156,0.5801484317679403,0.0030795452340367786,0.016801511099367963,0.980118943669272,2,1
713,5473.884599,5474.229599,5473.864999,0.8,1.0,,1.0,1.0,5474.044064700185,-1.0,0.0,0.0,0,1.0,0.0,-1,0.36459999999988213,0.36459999999988213,1.0,-0.4381833356811829,14.68576696112232,7.691342194875081,1.416719385806004,0.99930554596819,0.00037223820772720246,0.00032221582695439845,0,1
715,5490.466998,5490.842298,5490.432698,0.8,0.0,,1.0,1.0,5490.552064700191,-0.0,0.0,0.25,0,1.0,0.0,-1,0.4095999999999549,0.4095999999999549,0.0,-0.3876400520322735,13.27022345197805,11.104126580556233,0.9943085357349651,0.9144100590264664,1.512627876873196e-06,0.08558842834845544,0,0
716,5494.799899,5495.255599,5494.791598999999,0.8,,0.0,-1.0,1.0,5494.989064700193,0.0,1.0,0.25,1,0.0,0.0,1,0.4640000000008513,0.4640000000008513,0.0,-0.3334820194443223,18.021720817031152,11.421868840853373,0.7631652684136603,0.9870562681224638,0.010192437081478491,0.002751294798996402,0,0
717,5499.899599,5500.491199,5499.876899,0.8,0.0,,1.0,1.0,5500.129064700194,-0.0,0.0,0.25,0,1.0,0.0,-1,0.6143000000001848,0.6143000000001848,0.0,-0.21161948468030603,13.185342958281348,10.065851171811422,1.2280164612783941,0.2426679305267714,0.006241845822545054,0.7510902236536402,2,1
719,5510.648999,5512.743299,5510.626999,0.8,0.0,,-1.0,-1.0,5511.463064700198,-0.0,0.0,0.25,0,0.0,1.0,-1,2.1162999999996828,2.1162999999996828,0.0,0.3255772319403527,11.898357353383556,9.467955541610717,1.1921217709060197,3.236990328419451e-13,0.006779668958666982,0.9932203310438658,2,0
720,5517.364998999999,5517.787198999999,5517.328499,0.8,,0.0,-1.0,1.0,5517.5180647002,0.0,0.0,0.25,0,0.0,0.0,1,0.45869999999922584,0.45869999999922584,0.0,-0.33847125986875043,11.932098043479172,10.959524416923523,1.7229633714707968,0.4994575142786773,0.0009034838012863516,0.49963900192309635,2,0
721,5522.564898999999,5522.972298999999,5522.538098999999,0.8,1.0,,1.0,1.0,5522.760064700202,-1.0,0.0,0.0,0,1.0,0.0,-1,0.4341999999996915,0.4341999999996915,1.0,-0.3623101808819073,13.649057869162268,0.36245999932289125,0.1638848103193014,0.9899053051037664,1.2732457324194054e-06,0.010093421653324832,0,1
722,5528.781099000001,5529.129299,5528.744599000001,0.8,,0.0,-1.0,1.0,5528.910064700204,0.0,0.0,0.25,0,0.0,0.0,1,0.38469999999961146,0.38469999999961146,0.0,-0.41487781369362314,12.929514977465233,8.295702258745829,0.7714712140581932,0.8305988143225577,0.00045694599844971727,0.16894423968205036,0,0
723,5533.813998,5534.042998,5533.789198,0.8,0.125,,1.0,1.0,5533.713064700206,-0.125,0.0,0.0,0,1.0,0.0,-1,0.25379999999950087,0.25379999999950087,0.125,-0.5955083822421682,13.524303147152635,10.830750989913941,0.6422430405991097,0.5070385194539405,0.00020904355897720357,0.4927524369899875,0,0
724,5540.230399,5541.172099,5540.216399,0.8,0.0625,,-1.0,-1.0,5540.947064700208,-0.0625,0.0,0.0,0,0.0,1.0,-1,0.9557000000004336,0.9557000000004336,0.0625,-0.01967841399104658,15.317503522035933,10.938944482803345,1.6171361503921298,0.005370703793895668,0.04058540026169801,0.9540438959473341,2,1
725,5545.763099,5546.118999,5545.740999,0.8,1.0,,1.0,1.0,5545.92006470021,-1.0,0.0,0.0,0,1.0,0.0,-1,0.3780000000006112,0.3780000000006112,1.0,-0.42250820016207247,11.476076568395579,1.4139444361130395,0.38618408307338475,0.9995066357638649,6.931138427531429e-05,0.00042405285450174607,0,1
726,5550.279699,5550.589899,5550.257199,0.8,,0.25,-1.0,1.0,5550.362064700211,0.25,0.0,0.0,0,0.0,0.0,1,0.3326999999999316,0.3326999999999316,0.25,-0.47794719913126676,13.697821128488254,1.864497775832812,0.5240993337059142,0.8357084348234848,0.00029294738030763185,0.1639986177990203,0,0
727,5555.245999,5555.655399,5555.240099,0.8,0.25,,1.0,1.0,5555.332064700213,-0.25,0.0,0.0,0,1.0,0.0,-1,0.41530000000057044,0.41530000000057044,0.25,-0.3816380688895253,14.026869373935053,10.200902167956034,1.4231468965219443,0.8905995579405457,0.0011583200717377887,0.10824212199055705,0,0
728,5559.828699,5560.251399,5559.793699,0.8,0.25,,1.0,1.0,5559.982064700214,-0.25,0.0,0.0,0,1.0,0.0,-1,0.4576999999999316,0.4576999999999316,0.25,-0.33941908757276534,13.47160731657347,7.958780042330424,0.5310665176990232,0.9047332578300518,8.002379112506993e-05,0.09518671838158697,0,0
729,5572.8780990000005,5573.292499,5572.841499,0.8,,0.0,-1.0,1.0,5573.078064700218,0.0,1.0,0.25,1,0.0,0.0,1,0.45100000000002183,0.45100000000002183,0.0,-0.3458234581220184,12.554553661412285,12.10699782371521,0.9972989434454073,0.706336797842848,0.0005503411717661917,0.2931128609881857,0,0
730,5579.894098,5582.973598,5579.855698,0.2,,0.0,-1.0,1.0,5582.753064700222,0.0,0.0,0.25,0,0.0,0.0,1,3.117899999999281,3.117899999999281,0.0,0.49386218200582205,12.38999869749447,2.800704460342725,0.9835554148601443,2.197863966507483e-19,0.0006171988309607704,0.9993828011716751,2,1
731,5587.693598999999,5601.474599,5587.674499,0.2,0.0,,1.0,1.0,5601.296064700228,-0.0,0.0,0.25,0,1.0,0.0,-1,13.800100000000384,13.800100000000384,0.0,1.1398822334513092,13.013232420143046,5.21929108997186,0.9275730231881611,1.045330782956658e-56,7.310954867302014e-05,0.9999268904540178,2,0
732,5605.225899,5605.956099,5605.219199,0.2,,1.0,1.0,-1.0,5605.301064700229,1.0,0.0,0.0,0,1.0,1.0,1,0.7368999999998778,0.7368999999998778,1.0,-0.13259144347728077,14.35773099474127,11.287740008036296,1.622535329203469,0.9738670713137182,0.010403699313032753,0.015729229375961724,0,1
733,5610.725499,5611.025799,5610.714799,0.2,,0.0,-1.0,1.0,5610.782064700231,0.0,1.0,0.25,1,0.0,0.0,1,0.3109999999996944,0.3109999999996944,0.0,-0.5072396109735893,12.553861342432889,9.762297733624775,0.7674767667420995,0.8199958011091775,0.00014123113478915427,0.17986296775870697,0,0
734,5615.774998,5616.269498,5615.775997999999,0.2,,0.125,1.0,-1.0,5615.923064700233,0.125,0.0,0.0,0,1.0,1.0,1,0.49350000000049477,0.49350000000049477,0.125,-0.30671284299390905,14.202212247530927,10.968415490786235,1.3749399497900454,0.7800026096167948,0.0011141700628088773,0.2188832203231422,0,0
735,5620.341598999999,5620.557599,5620.304899,0.2,,1.0,1.0,-1.0,5620.216064700235,1.0,0.0,0.0,0,1.0,1.0,1,0.25270000000000437,0.25270000000000437,1.0,-0.5973947580800777,15.652716001125343,3.512153292695681,1.2113075352844918,0.9226895594351293,0.01953299257161654,0.05777744799592544,0,0
736,5624.141199,5624.620699,5624.1347989999995,0.2,,0.0625,1.0,-1.0,5624.298064700236,0.0625,0.0,0.0,0,1.0,1.0,1,0.48590000000058353,0.48590000000058353,0.0625,-0.3134531009364722,12.925980075308045,4.1465488900740946,0.7659090535043998,0.7828860969178082,0.0002522627254637684,0.21686164035919167,0,0
737,5628.1909989999995,5628.532099,5628.176399,0.2,,0.0625,1.0,-1.0,5628.327064700237,0.0625,0.0,0.0,0,1.0,1.0,1,0.35570000000006985,0.35570000000006985,0.0625,-0.4489161348141344,13.180362117393043,3.9683222154776256,1.4258827249303991,0.833369350317973,0.0013253682217492385,0.16530528146273443,0,0
738,5632.3573989999995,5632.7570989999995,5632.358399,0.2,,0.0625,1.0,-1.0,5632.398064700238,0.0625,0.0,0.0,0,1.0,1.0,1,0.39869999999973516,0.39869999999973516,0.0625,-0.39935376433789405,11.783270804253656,0.5039088892440001,0.10461444073879618,0.8815266590173568,1.608476454502585e-05,0.11845725622039936,0,0
739,5637.957099,5638.371299,5637.957899,0.2,,0.25,1.0,-1.0,5638.179064700241,0.25,0.0,0.0,0,1.0,1.0,1,0.41340000000036525,0.41340000000036525,0.25,-0.38362952770834685,12.974671313617966,1.0748711228370667,0.22204903694128705,0.9021412633288172,3.852172107066742e-06,0.09785488450129787,0,0
740,5641.989998,5642.371198,5641.990898,0.2,,0.125,1.0,-1.0,5642.194064700242,0.125,0.0,0.0,0,1.0,1.0,1,0.38029999999980646,0.38029999999980646,0.125,-0.41987367458863856,14.57083134699294,3.9152933339277904,0.7659224717900893,0.8695743963944574,0.0015008512741418191,0.1289247523337883,0,0
741,5646.122797999999,5646.594798,5646.123798,0.2,,0.25,1.0,-1.0,5646.357064700243,0.25,0.0,0.0,0,1.0,1.0,1,0.4710000000004584,0.4710000000004584,0.25,-0.32697909287068117,12.815542763138712,2.414948890606562,1.0198594720484122,0.851584016424334,0.0010664592562122136,0.14734952432158785,0,0
743,5654.488999,5655.088299,5654.483599,0.2,1.0,,-1.0,-1.0,5654.880064700246,-1.0,0.0,0.0,0,0.0,1.0,-1,0.6046999999998661,0.6046999999998661,1.0,-0.21846003139415443,12.19709842209322,10.865155601501465,1.3151990429274096,0.8373120850407056,0.0018751816935411942,0.16081273326783962,0,0
744,5660.005499,5660.3721989999995,5659.994899,0.2,,1.0,1.0,-1.0,5660.175064700247,1.0,0.0,0.0,0,1.0,1.0,1,0.3772999999991953,0.3772999999991953,1.0,-0.42331319479993074,17.356827773560376,8.303053375085195,1.2358161702707398,0.9967836663053863,0.0026428452623291896,0.0005734884340806703,0,0
745,5665.371899,5665.808499,5665.372799,0.2,,0.125,1.0,-1.0,5665.622064700249,0.125,0.0,0.0,0,1.0,1.0,1,0.4356999999999971,0.4356999999999971,0.125,-0.360812440064249,12.831267308612183,9.382024447123209,1.2852149060250964,0.8256022604055216,0.001872556182482907,0.17252518341375148,0,0
746,5670.054799,5670.401499,5670.053399,0.2,,0.25,1.0,-1.0,5670.063064700251,0.25,0.0,0.0,0,1.0,1.0,1,0.3480999999992491,0.3480999999992491,0.25,-0.4582959767166484,13.278684781154833,8.254148920377096,1.3213265234955667,0.8719662717458257,0.0009769324515676047,0.12705679580455626,0,0
747,5674.087699,5674.629699,5674.074299,0.2,,0.0,1.0,-1.0,5674.280064700252,0.0,0.0,0.25,0,1.0,1.0,1,0.5554000000001906,0.5554000000001906,0.0,-0.25539412458561217,13.5166650145014,0.8313377728064855,0.6503940586921082,0.5869021446240236,7.684840580488174e-05,0.41302100697200406,0,0
748,5680.070798999999,5680.463398999999,5680.071798999999,0.2,,0.125,1.0,-1.0,5680.288064700255,0.125,0.0,0.0,0,1.0,1.0,1,0.3915999999999258,0.3915999999999258,0.125,-0.4071573168689821,12.114154131240007,8.921271101633709,0.5230739866740602,0.8858006545856163,0.00014750883747389554,0.11405183657870593,0,0
749,5685.237198999999,5685.569799,5685.238098999999,0.2,1.0,,1.0,1.0,5685.383064700256,-1.0,0.0,0.0,0,1.0,0.0,-1,0.3317000000006374,0.3317000000006374,1.0,-0.47925452847968314,13.695770293873437,10.001617789268494,1.18851820437569,0.9844734191522331,4.1946659987861386e-07,0.015526161383106715,0,0
750,5690.669899,5691.274499,5690.670999,0.2,,0.0625,1.0,-1.0,5691.071064700258,0.0625,0.0,0.0,0,1.0,1.0,1,0.6035000000001673,0.6035000000001673,0.0625,-0.21932272556651156,18.05196672782646,8.87046667734782,1.6020423023575998,0.5244637197835466,0.4737688508655264,0.0017674293526226195,0,0
751,5695.053299,5695.364098999999,5695.049199,0.2,,1.0,1.0,-1.0,5695.154064700259,1.0,0.0,0.0,0,1.0,1.0,1,0.31489999999939755,0.31489999999939755,1.0,-0.5018273393642869,13.827825770246749,10.170017766952515,1.1454073725238105,0.9789253646626483,3.4926258895361247e-07,0.021074286076471976,0,0
753,5705.435699,5705.858098999999,5705.429999,0.2,0.25,,1.0,1.0,5705.439064700263,-0.25,1.0,1.0,0,1.0,0.0,-1,0.42809999999917636,0.42809999999917636,0.25,-0.36845477216652617,20.981688931732425,8.747173245747884,1.7454692386761472,0.004655001753440475,0.9953449972729613,9.751806571130414e-10,1,1
754,5709.519098,5709.983598,5709.519998,0.2,,1.0,1.0,-1.0,5709.7240647002645,1.0,1.0,1.0,0,1.0,1.0,1,0.4636000000000422,0.4636000000000422,1.0,-0.3338565727084021,13.794240757224884,8.948935619990031,0.7049705198818383,0.999801268938838,4.106181384022961e-07,0.00019832044463142612,0,1
755,5714.5183990000005,5715.342199,5714.498899,0.2,,0.0625,1.0,-1.0,5715.114064700266,0.0625,1.0,1.0,0,1.0,1.0,1,0.8432999999995445,0.8432999999995445,0.0625,-0.07401789967313142,12.440209720109932,9.28419106801351,0.6511689723204369,0.006556150081489772,0.004905669913459109,0.9885381800066765,2,1
756,5719.051499,5722.882999,5719.047799,0.2,,0.0,1.0,-1.0,5722.619064700269,0.0,0.0,0.75,1,1.0,1.0,1,3.835200000000441,3.835200000000441,0.0,0.5837880166896285,12.29989777380958,8.062228987614313,1.4632174560392768,7.907750255808876e-24,0.003334178381292976,0.9966658216204057,2,0
757,5726.667799,5727.019999,5726.663998999999,0.2,,1.0,1.0,-1.0,5726.82906470027,1.0,1.0,1.0,0,1.0,1.0,1,0.35600000000067666,0.35600000000067666,1.0,-0.44855000202629935,12.818912596776475,9.329446713129679,1.5568327640700272,0.9987888500746195,0.00043945996106059803,0.000771689966250602,0,1
758,5730.783998999999,5731.300198999999,5730.775599,0.2,,0.125,1.0,-1.0,5731.098064700272,0.125,1.0,1.0,0,1.0,1.0,1,0.5245999999997366,0.5245999999997366,0.125,-0.2801717137458833,13.04946899684168,6.570077796777089,1.5363369511435112,0.7721869278471328,0.0008393846901178551,0.22697368746444327,0,0
759,5734.983899,5735.328499,5734.983799,0.2,,0.125,1.0,-1.0,5735.134064700273,0.125,1.0,1.0,0,1.0,1.0,1,0.34470000000055734,0.34470000000055734,0.125,-0.46255871659135017,12.374649642207737,4.200740051021179,0.9494771798527163,0.936908828184469,1.4313103515575654e-09,0.06309117038570582,0,0
760,5739.033498999999,5739.5803989999995,5739.031698999999,0.2,0.0,,-1.0,-1.0,5739.406064700274,-0.0,1.0,0.75,0,0.0,1.0,-1,0.5487000000002809,0.5487000000002809,0.0,-0.2606650398036984,19.87855966997091,7.207399932543437,1.3384112208083772,0.018881097890112213,0.9811183547117742,5.473996680190642e-07,1,1
761,5744.266399,5744.604799,5744.260299,0.2,0.25,,1.0,1.0,5744.414064700276,-0.25,1.0,1.0,0,1.0,0.0,-1,0.3445000000001528,0.3445000000001528,0.25,-0.46281077375616275,12.050109712147457,9.278886763254802,0.4620884687589864,0.9985833654706215,2.1983419520037933e-06,0.001414436188765706,0,1
762,5748.549599,5749.229299,5748.550499,0.2,,0.0625,1.0,-1.0,5749.036064700277,0.0625,1.0,1.0,0,1.0,1.0,1,0.6787999999996828,0.6787999999996828,0.0625,-0.16825816635456478,12.159419249054517,11.575884437561035,0.9800776185340098,0.15922314579763885,0.004658138873949436,0.8361187153296562,2,1
763,5752.782598999999,5753.131598999999,5752.783498999999,0.2,,1.0,1.0,-1.0,5752.967064700279,1.0,1.0,1.0,0,1.0,1.0,1,0.3481000000001586,0.3481000000001586,1.0,-0.45829597671551375,8.858757537224124,5.737980007876953,0.6644100499890013,0.9882608030339328,0.011634409462795125,0.00010478750464471584,0,1
764,5756.7323989999995,5757.681699,5756.733399,0.2,,0.0625,1.0,-1.0,5757.25606470028,0.0625,1.0,1.0,0,1.0,1.0,1,0.9483000000000175,0.9483000000000175,0.0625,-0.023054249440749842,11.750213252754037,2.6411355465650557,1.4416045816657344,0.0019182546385108415,0.02075662392674959,0.9773251214361376,2,1
765,5763.148699,5767.343399,5763.149599,0.2,,0.0,1.0,-1.0,5767.130064700284,0.0,1.0,0.75,0,1.0,1.0,1,4.19380000000001,4.19380000000001,0.0,0.6226077153597805,14.017748487735886,7.073202148560555,1.273653942233436,5.257985655294818e-25,0.003313913638762204,0.9966860863627608,2,0
766,5772.898199,5773.267899,5772.899099,0.2,,0.25,1.0,-1.0,5773.072064700285,0.25,1.0,1.0,0,1.0,1.0,1,0.3688000000001921,0.3688000000001921,0.25,-0.43320908761818205,12.268919018979187,11.184333340326946,1.2095018382132194,0.8502982570180476,0.0005867038295263683,0.14911503915412838,0,1
767,5777.714099,5778.521999,5777.714999,0.2,0.0,,-1.0,-1.0,5778.314064700287,-0.0,1.0,0.75,0,0.0,1.0,-1,0.806999999999789,0.806999999999789,0.0,-0.09312646527804314,13.876332567038046,1.0926644424597423,0.44323003185183935,0.01581391037182587,0.00026293455522029274,0.9839231550746955,2,1
768,5783.930599,5784.692499000001,5783.9315990000005,0.2,,0.0,1.0,-1.0,5784.122064700289,0.0,1.0,0.75,0,1.0,1.0,1,0.7609000000002197,0.7609000000002197,0.0,-0.11867241589932322,11.990621345404893,9.07903331319491,1.6424280082978049,0.013552422392153127,0.0051737002731593405,0.9812738773364411,2,0
769,5789.330198,5789.699398,5789.331098,0.2,,1.0,1.0,-1.0,5789.502064700291,1.0,1.0,1.0,0,1.0,1.0,1,0.3683000000000902,0.3683000000000902,1.0,-0.43379828114498065,13.756648900580528,9.396566692988078,0.7179971817647852,0.9989533872050004,0.00017399862374049754,0.0008726141729797826,0,1
770,5794.746398,5795.145698,5794.7473979999995,0.2,0.25,,1.0,1.0,5794.869064700292,-0.25,1.0,1.0,0,1.0,0.0,-1,0.39830000000074506,0.39830000000074506,0.25,-0.3997896935898596,19.111121212042047,16.408502101898193,1.217981053262567,0.9988269445183545,0.0011081249987914567,6.493048444540766e-05,0,0
771,5801.895799,5802.391399,5801.896899,0.2,0.25,,1.0,1.0,5802.084064700295,-0.25,1.0,1.0,0,1.0,0.0,-1,0.494499999999789,0.494499999999789,0.25,-0.3058337040669871,14.901819387385016,10.382433319091797,1.0449837383917078,0.8983517217717053,0.0013416186445206874,0.10030665958531954,0,0
772,5808.278898999999,5808.720498999999,5808.271398999999,0.2,,0.25,1.0,-1.0,5808.5240647002975,0.25,1.0,1.0,0,1.0,1.0,1,0.44909999999981665,0.44909999999981665,0.25,-0.3476569449374625,11.675565631340948,10.203311081727346,1.5036011764302215,0.9077959112883184,0.00044830750423301255,0.09175578120903168,0,0
773,5814.278399,5814.690599,5814.278999,0.2,0.125,,1.0,1.0,5814.4760647002995,-0.125,1.0,1.0,0,1.0,0.0,-1,0.41159999999945285,0.41159999999945285,0.125,-0.385524633910182,14.556142752091791,1.6234622160593668,0.9374486238487109,0.8738759410050261,0.0021071941414707515,0.12401686485529008,0,0
774,5819.6280990000005,5820.1586990000005,5819.629199,0.2,0.25,,1.0,1.0,5819.928064700301,-0.25,1.0,1.0,0,1.0,0.0,-1,0.529500000000553,0.529500000000553,0.25,-0.27613403555604266,12.373583328302399,10.214819947878519,0.5389928050838636,0.7276785673028386,0.0005241811983820632,0.2717972515005716,0,0
775,5826.594298999999,5832.246198999999,5826.595399,0.2,,0.0,1.0,-1.0,5831.863064700305,0.0,1.0,0.75,0,1.0,1.0,1,5.650799999999435,5.650799999999435,0.0,0.7521099364903039,13.034530926767374,7.279815586407979,1.3832916019076087,2.642166791791101e-31,0.0013972304967723238,0.9986027695049385,2,1
776,5839.176799,5839.572199,5839.177899,0.2,0.0,,-1.0,-1.0,5839.363064700307,-0.0,1.0,0.75,0,0.0,1.0,-1,0.39429999999993015,0.39429999999993015,0.0,-0.40417322292685376,10.494250190651506,9.994879984855652,0.9438598827984478,0.8137487082973528,0.0027687333095151845,0.18348255839467156,0,1
777,5846.209599,5849.087799,5846.209099,0.2,,0.0,1.0,-1.0,5848.883064700311,0.0,0.0,0.75,1,1.0,1.0,1,2.878700000000208,2.878700000000208,0.0,0.4591964077981374,13.537366470854884,11.04824883143107,1.5279040348366202,7.522171256297174e-18,0.03000055349933654,0.9699994465023783,2,1
778,5852.759199,5854.348999,5852.757899,0.2,,0.125,1.0,-1.0,5854.145064700312,0.125,1.0,1.0,0,1.0,1.0,1,1.591099999999642,1.591099999999642,0.125,0.20169747573912994,12.127417444310243,10.987268924713135,0.8636745535367887,2.342635294437734e-09,0.005964217873536674,0.9940357797855589,2,0
779,5858.375599,5858.850498999999,5858.376499,0.2,1.0,,1.0,1.0,5858.524064700314,-1.0,1.0,1.0,0,1.0,0.0,-1,0.4739999999992506,0.4739999999992506,1.0,-0.3242216583266016,13.337976122623049,10.28286436398824,0.8435640397368458,0.9986941740835209,0.00025206275787352316,0.0010537631603049688,0,1
780,5863.292099,5863.674999,5863.293099,0.2,,1.0,1.0,-1.0,5863.495064700315,1.0,1.0,1.0,0,1.0,1.0,1,0.3818999999994048,0.3818999999994048,1.0,-0.418050341627359,12.815810513363854,1.5179088860750198,0.9514575221719274,0.9702562977373361,8.844949663687319e-10,0.02974370137989719,0,0
781,5867.624899,5869.404599,5867.620299,0.2,,0.25,1.0,-1.0,5869.214064700318,0.25,1.0,1.0,0,1.0,1.0,1,1.7843000000002576,1.7843000000002576,0.25,0.25146787548358707,13.43806267801551,8.504435555140178,1.771067313612363,1.413344379868728e-09,0.0017445414294568772,0.9982554571589826,2,1
782,5873.774399,5874.157699,5873.775199,0.2,,0.125,1.0,-1.0,5873.840064700319,0.125,1.0,1.0,0,1.0,1.0,1,0.38250000000061846,0.38250000000061846,0.125,-0.41736856050966137,15.870847621117067,10.185446627934773,0.49378547823852276,0.9427377441083153,2.035647609193197e-09,0.057262253857884075,0,1
783,5879.224199,5880.462099,5879.213399,0.2,,0.25,1.0,-1.0,5880.281064700322,0.25,1.0,1.0,0,1.0,1.0,1,1.248700000000099,1.248700000000099,0.25,0.09645811171748778,11.513822644705058,3.607651192136109,0.6392057997895402,6.169619105949449e-06,0.002765011373614879,0.9972288190091564,2,1
784,5885.856999,5886.457599,5885.855299,0.2,,0.0625,-1.0,1.0,5886.057064700323,0.0625,1.0,1.0,0,0.0,0.0,1,0.6023000000004686,0.6023000000004686,0.0625,-0.22018713682908167,13.230525957392524,10.989488871892293,1.236762000260569,0.14932685554089134,0.0013926126754537495,0.8492805317854364,2,0
785,5891.256699,5894.1100989999995,5891.250899,0.2,,0.0,1.0,-1.0,5893.945064700326,0.0,0.0,0.75,1,1.0,1.0,1,2.8591999999998734,2.8591999999998734,0.0,0.4562445351615498,12.366080806347002,9.57647997935613,1.500544737020537,3.1359429121655754e-18,0.007658660603903542,0.9923413393979705,2,0
786,5898.739498999999,5899.084798999999,5898.737698999999,0.2,,1.0,1.0,-1.0,5898.909064700328,1.0,1.0,1.0,0,1.0,1.0,1,0.3470999999999549,0.3470999999999549,1.0,-0.45954538632864445,10.885769730497064,10.812146727244059,1.2320345937741217,0.9988376535918112,0.0008737210728738721,0.00028862533714791173,0,1
787,5903.1055989999995,5903.5007989999995,5903.106699,0.2,,1.0,1.0,-1.0,5903.303064700329,1.0,1.0,1.0,0,1.0,1.0,1,0.3940999999995256,0.3940999999995256,1.0,-0.4043935651349197,10.103754436847643,0.5016066653033098,0.29114470207249155,0.9959087011415979,2.81121768156328e-05,0.004063186683405765,0,0
788,5907.138798999999,5909.108498999999,5907.131898999999,0.2,,0.125,1.0,-1.0,5908.929064700331,0.125,1.0,1.0,0,1.0,1.0,1,1.9765999999999622,1.9765999999999622,0.125,0.2959187910288835,12.89495099692074,9.22813998858134,1.0772188970133463,1.0935381543497316e-11,0.003145167512936884,0.9968548324777877,2,1
789,5912.771899,5913.118499,5912.772799,0.2,,0.125,1.0,-1.0,5912.930064700332,0.125,1.0,1.0,0,1.0,1.0,1,0.34569999999985157,0.34569999999985157,0.125,-0.46130062045777964,11.986488150149667,8.83047563234965,0.9184285899628751,0.8373447847927711,0.00014492048725910645,0.1625102947218338,0,1
790,5917.088199,5917.4162989999995,5917.089099,0.2,,0.125,1.0,-1.0,5917.237064700334,0.125,1.0,1.0,0,1.0,1.0,1,0.3271999999997206,0.3271999999997206,0.125,-0.48518670500108546,13.757904511112097,10.706177854537964,1.6517757401876878,0.858561144616519,2.7023815522141006e-18,0.141438855385408,0,0
791,5921.154499,5921.653099,5921.132999,0.2,,0.125,1.0,-1.0,5921.466064700335,0.125,1.0,1.0,0,1.0,1.0,1,0.5200999999997293,0.5200999999997293,0.125,-0.2839131462253939,82.24749407590762,1.9871910964449246,1.1489811472151148,0.0,1.000000000001819,0.0,1,1
792,5926.120899,5926.512898999999,5926.103999,0.2,,1.0,1.0,-1.0,5926.331064700336,1.0,1.0,1.0,0,1.0,1.0,1,0.4088999999994485,0.4088999999994485,1.0,-0.38838288944624977,13.223024244514864,7.6380844155947365,1.4163736427126308,1.0000000000015916,1.3443634300740463e-50,8.883734314009778e-62,0,1
793,5930.870498,5931.271498,5930.864798,0.2,,0.25,1.0,-1.0,5931.094064700338,0.25,1.0,1.0,0,1.0,1.0,1,0.4067000000004555,0.4067000000004555,0.25,-0.3907258275949261,10.543245410670611,7.204573369026184,0.9575924156673274,0.9627093563741713,0.0034404525889851676,0.03385019103836573,0,0
794,5934.836898,5935.224198,5934.827698,0.2,,1.0,1.0,-1.0,5935.051064700339,1.0,1.0,1.0,0,1.0,1.0,1,0.39649999999983265,0.39649999999983265,1.0,-0.4017568083465607,11.29337216676466,0.6685511067509651,0.3311531809473809,0.9923453286091537,2.9431289751846566e-06,0.0076517282630952105,0,0
795,5940.502998999999,5940.933798999999,5940.501598999999,0.2,0.0,,1.0,1.0,5940.773064700342,-0.0,0.0,0.75,1,1.0,0.0,-1,0.43220000000019354,0.43220000000019354,0.0,-0.364315237452583,12.450260827473036,8.93512659072876,1.5037681160955851,0.7923252710571039,0.0028938114379657336,0.20478091750620864,0,0
796,5945.419798999999,5945.993498999999,5945.416899,0.2,,1.0,1.0,-1.0,5945.787064700343,1.0,1.0,1.0,0,1.0,1.0,1,0.5765999999994165,0.5765999999994165,1.0,-0.23912536194825051,11.62809242732441,10.442842213312785,0.8999861305759793,0.9299535929040716,0.0017577037819299854,0.06828870331527583,0,0
797,5950.635999,5951.097199,5950.621399000001,0.2,,0.25,1.0,-1.0,5950.873064700345,0.25,1.0,1.0,0,1.0,1.0,1,0.4757999999992535,0.4757999999992535,0.25,-0.32257556229943396,15.991369622096753,1.1845711042483649,0.7706598886691202,0.9605222312073842,0.0038672199970891372,0.03561054879679056,0,0
798,5957.685499,5958.032699,5957.686299,0.2,,0.25,1.0,-1.0,5957.708064700347,0.25,1.0,1.0,0,1.0,1.0,1,0.346400000000358,0.346400000000358,0.25,-0.46042211665424215,12.261276160765492,9.756666684150696,0.54336263480069,0.9511480123381783,1.5916708961823735e-07,0.048851828495714546,0,0
800,5968.734799,5969.079799,5968.7350989999995,0.2,,0.125,1.0,-1.0,5968.883064700351,0.125,0.0,0.0,0,1.0,1.0,1,0.34470000000055734,0.34470000000055734,0.125,-0.46255871659135017,10.061284631305483,6.322771057486534,0.745482531654495,0.9992454677248435,1.4079512203544085e-05,0.0007404527638780697,0,0
801,5972.934598999999,5973.0803989999995,5972.9279989999995,0.8,1.0,,-1.0,-1.0,5972.863064700352,-1.0,0.0,0.0,0,0.0,1.0,-1,0.15239999999994325,0.15239999999994325,1.0,-0.8170150329965801,13.371206761450978,10.0732089360555,1.0355428577387644,0.0035852380570228284,0.0007674235128441483,0.9956473384310283,2,1
802,5977.767699,5982.063499,5977.768599,0.8,0.0,,-1.0,-1.0,5981.863064700356,-0.0,1.0,0.25,1,0.0,1.0,-1,4.2948999999998705,4.2948999999998705,0.0,0.6329530564201514,13.569767567616076,9.796533314387004,1.0778418014626374,5.514391328097828e-26,0.00020826789896410977,0.999791732101816,2,0
803,5986.916899,5987.208199,5986.917098999999,0.8,0.125,,1.0,1.0,5987.010064700356,-0.125,0.0,0.0,0,1.0,0.0,-1,0.2911000000003696,0.2911000000003696,0.125,-0.5359577945606377,9.308174541722305,2.6998888909816743,0.9555691551333928,0.9142721860326812,0.04841518596058944,0.03731262800752735,0,1
804,5992.332999,5997.5871990000005,5992.327999,0.8,,0.0,1.0,-1.0,5997.08206470036,0.0,0.0,0.25,0,1.0,1.0,1,5.259200000000419,5.259200000000419,0.0,0.7209196867375838,13.261036764262167,8.417235509554546,0.9448795584440347,2.0583680341460684e-30,0.009956596732635293,0.9900434032683222,2,1
805,6001.315898999999,6005.542498999999,6001.313499,0.8,,0.0,1.0,-1.0,6004.971064700363,0.0,0.0,0.25,0,1.0,1.0,1,4.22899999999936,4.22899999999936,0.0,0.6262376851468346,13.034142029145077,7.405533337593079,1.5909452840805653,1.4488212987523986e-25,0.002783809955864819,0.9972161900452771,2,0
806,6009.365599000001,6010.175599,6009.359699000001,0.8,0.0625,,1.0,1.0,6009.645064700365,-0.0625,0.0,0.0,0,1.0,0.0,-1,0.8158999999996013,0.8158999999996013,0.0625,-0.08836306687077009,14.37001108168379,12.03074666261673,1.7799315938683844,0.01590275925866747,0.004596092706728069,0.9795011480356757,2,0
807,6014.465099,6014.812899,6014.4499989999995,0.8,0.25,,1.0,1.0,6014.614064700366,-0.25,0.0,0.0,0,1.0,0.0,-1,0.3629000000000815,0.3629000000000815,0.25,-0.44021303179934596,10.896132444307463,3.291268921395143,1.516104671987478,0.9866290347300426,0.0021509115747388235,0.011220053696085908,0,1
808,6020.480998,6021.2963979999995,6020.478198,0.8,1.0,,1.0,1.0,6020.968064700368,-1.0,0.0,0.0,0,1.0,0.0,-1,0.818199999999706,0.818199999999706,1.0,-0.08714052483780108,14.014282977926282,2.0703822215398153,0.8221929736683359,0.18979822452566977,1.926074845159236e-06,0.8101998494004178,2,1
809,6025.230899,6025.586399,6025.222398999999,0.8,0.25,,1.0,1.0,6025.40706470037,-0.25,0.0,0.0,0,1.0,0.0,-1,0.3640000000004875,0.3640000000004875,0.25,-0.43889861635036237,20.78869021450781,3.4606043052288795,1.5262965374167308,0.0006474088990682936,0.9993525906316267,4.701072769595499e-10,1,1
810,6029.364098,6029.994098,6029.364998,0.8,0.25,,1.0,1.0,6029.544064700371,-0.25,0.0,0.0,0,1.0,0.0,-1,0.6291000000001077,0.6291000000001077,0.25,-0.20128031481491937,11.913423347195508,10.067973311742147,1.47060425485824,0.9996534227080986,2.249340482668746e-06,0.0003443279520026507,0,1
811,6033.630398,6034.010598,6033.631298,0.8,0.125,,1.0,1.0,6033.646064700372,-0.125,0.0,0.0,0,1.0,0.0,-1,0.37929999999960273,0.37929999999960273,0.125,-0.4210171572976643,13.018749525134114,8.951522222161293,1.2862195609409246,0.8423743786624125,0.0017950558227741045,0.15583056551548458,0,0
812,6039.363399,6039.721199,6039.358198999999,0.8,0.25,,1.0,1.0,6039.516064700374,-0.25,0.0,0.0,0,1.0,0.0,-1,0.36300000000028376,0.36300000000028376,0.25,-0.440093374963548,14.30866052253529,9.941842126846314,1.7256845797402436,0.8932167982622016,0.0012946105135891147,0.10548859122473286,0,0
813,6043.446299,6043.763399,6043.424099,0.8,1.0,,1.0,1.0,6043.419064700376,-1.0,0.0,0.0,0,1.0,0.0,-1,0.3393000000005486,0.3393000000005486,1.0,-0.46941614035418006,12.258084699043415,11.40142453511556,1.867407950775632,0.9666632138154126,0.00017595581698115633,0.03316083036795081,0,0
814,6047.679599,6048.308199,6047.680699,0.8,0.125,,1.0,1.0,6047.936064700377,-0.125,0.0,0.0,0,1.0,0.0,-1,0.6275000000005093,0.6275000000005093,0.125,-0.20238626984657176,13.162411688706353,9.885891151428222,1.5503295134281414,0.2633363027382313,0.008882803407265966,0.7277808938549881,2,1
815,6053.128899,6054.664599,6053.1262990000005,0.8,0.0,,1.0,1.0,6054.19506470038,-0.0,0.0,0.25,0,1.0,0.0,-1,1.5382999999992535,1.5382999999992535,0.0,0.1870410400421179,14.980812749866242,8.421506683031717,0.5788075895555925,4.38398753173076e-08,0.0014073918293464507,0.9985925643311591,2,0
816,6058.495398999999,6059.011098999999,6058.496499,0.8,0.0625,,1.0,1.0,6058.769064700381,-0.0625,0.0,0.0,0,1.0,0.0,-1,0.5145999999995183,0.5145999999995183,0.0625,-0.2885302181260787,13.762423234991749,11.335546708106994,0.8474814494633252,0.7290386324424484,3.7733714611563877e-10,0.27096136718053043,0,1
817,6063.328299000001,6070.380299,6063.310399,0.8,,0.0625,1.0,-1.0,6070.025064700385,0.0625,0.0,0.0,0,1.0,1.0,1,7.069900000000416,7.069900000000416,0.0625,0.8494132709743886,19.732868619912065,10.840186754862467,1.606932231827696,2.979013305908903e-36,0.9999989929891012,1.0070113659806383e-06,1,1
818,6074.027699,6075.002599,6074.014599,0.8,0.0,,1.0,1.0,6074.754064700386,-0.0,0.0,0.25,0,1.0,0.0,-1,0.9880000000002838,0.9880000000002838,0.0,-0.005243055412247145,13.682297604443084,1.7095444440841674,0.8561615079977701,3.4363061752724644e-10,2.4681543967099314e-10,0.9999999994099653,2,1
819,6078.777299,6079.313499,6078.773799,0.8,,0.0625,-1.0,1.0,6079.013064700388,0.0625,0.0,0.0,0,0.0,0.0,1,0.5397000000002663,0.5397000000002663,0.0625,-0.2678475819345719,12.56210530348336,11.563759978612264,1.324626145292559,0.37889813398416217,4.848105854371853e-09,0.6211018611681044,2,0
820,6084.143599,6088.069799,6084.138999,0.8,0.25,,1.0,1.0,6087.679064700391,-0.25,0.0,0.0,0,1.0,0.0,-1,3.93080000000009,3.93080000000009,0.25,0.5944809473799966,14.184235178126578,10.493871100743611,1.584188792323899,6.371935157344127e-23,0.052435793217465804,0.9475642067831358,2,0
821,6092.926499,6093.245699,6092.914899,0.8,0.25,,1.0,1.0,6092.997064700392,-0.25,0.0,0.0,0,1.0,0.0,-1,0.3307999999997264,0.3307999999997264,0.25,-0.4804344991198501,13.894863004998806,11.298448912302653,0.5264501587057335,0.9176026737610158,2.6202548409254763e-05,0.08237112369122265,0,1
822,6098.559499,6098.853999,6098.557799,0.8,1.0,,1.0,1.0,6098.660064700394,-1.0,0.0,0.0,0,1.0,0.0,-1,0.29619999999977153,0.29619999999977153,1.0,-0.5284149458151453,14.350158878130166,10.675586716334026,1.1721220982092546,0.9581576658327471,0.00018405867595140592,0.041658275491582276,0,0
823,6103.2089989999995,6103.6365989999995,6103.200398999999,0.8,0.25,,1.0,1.0,6103.430064700396,-0.25,0.0,0.0,0,1.0,0.0,-1,0.43620000000009895,0.43620000000009895,0.25,-0.36031433875722,14.535809609364943,5.7308310747146605,1.1762224205151919,0.8733024474098259,0.005681545557621991,0.12101600703288551,0,0
824,6108.925399,6109.754499,6108.925599,0.8,0.125,,1.0,1.0,6109.190064700398,-0.125,0.0,0.0,0,1.0,0.0,-1,0.8288999999995212,0.8288999999995212,0.125,-0.08149786036407704,13.811948486868843,10.619057734807333,1.0445696918006049,0.011583153975457195,0.006844430340145265,0.9815724156845509,2,1
825,6113.558398,6123.650198,6113.554198,0.8,0.0,,1.0,1.0,6115.413064700399,-0.0,0.0,0.25,0,1.0,0.0,-1,10.096000000000458,10.096000000000458,0.0,1.0041493419000789,10.277828063383263,1.0221511060992876,0.535850854557739,4.1284537428208214e-48,8.6687362106143e-06,0.9999913312640845,2,0
826,6128.407499,6133.389999,6128.408599,0.8,0.0,,1.0,1.0,6133.208064700406,-0.0,0.0,0.25,0,1.0,0.0,-1,4.981399999999667,4.981399999999667,0.0,0.6973514164197498,12.977094656289603,9.588148911794027,1.2509521366521166,1.6388677974673298e-29,1.1989974208881635e-08,0.9999999880103587,2,0
827,6137.340199,6138.578099,6137.324099,0.2,,0.25,-1.0,1.0,6138.369064700408,0.25,0.0,0.0,0,0.0,0.0,1,1.2539999999999054,1.2539999999999054,0.25,0.09829753649466488,9.15628600851758,10.31457773844401,1.1014146849018995,1.5733939047715451e-06,0.912119043147028,0.08787938345926287,1,1
828,6143.339698999999,6144.494999,6143.319998999999,0.2,,0.0625,-1.0,1.0,6144.156064700409,0.0625,0.0,0.0,0,0.0,0.0,1,1.175000000000182,1.175000000000182,0.0625,0.07003786660782231,11.084574747578603,9.485260025660198,1.772108308018893,9.803213922808923e-07,0.0014648479405665257,0.9985341717379428,2,1
829,6149.172399,6149.704499,6149.173199,0.2,,0.0625,-1.0,1.0,6149.368064700411,0.0625,0.0,0.0,0,0.0,0.0,1,0.5313000000005559,0.5313000000005559,0.0625,-0.2746601840898084,13.71271491990074,4.407960015535354,0.8954012282273985,0.42991175848492563,0.0010666293885608857,0.5690216121264893,2,0
830,6154.455599,6154.777699,6154.453499,0.2,,1.0,1.0,-1.0,6154.355064700413,1.0,0.0,0.0,0,1.0,1.0,1,0.3242000000000189,0.3242000000000189,1.0,-0.4891869894874785,12.501881208925873,10.70297778447469,1.144306735163159,0.9887633150244256,9.208885545957162e-05,0.011144596119975507,0,1
831,6161.088499,6161.592299,6161.089299,0.2,,0.0625,-1.0,1.0,6161.292064700415,0.0625,0.0,0.0,0,0.0,0.0,1,0.5029999999997017,0.5029999999997017,0.0625,-0.2984320149443302,13.062816808832796,10.674633328119914,1.3583791521138764,0.7410760513573882,0.0006045903750951083,0.25831935826741514,0,0
833,6170.887899,6171.209799,6170.865799,0.2,,0.125,-1.0,1.0,6170.934064700418,0.125,0.0,0.0,0,0.0,0.0,1,0.34400000000005093,0.34400000000005093,0.125,-0.4634415574284056,12.56024249015312,9.424886663754782,1.4086721208806083,0.7934835501242474,0.0013041121226718942,0.20521233775295603,0,0
834,6175.954299,6176.384099,6175.930098999999,0.2,,1.0,1.0,-1.0,6176.03906470042,1.0,0.0,0.0,0,1.0,1.0,1,0.454000000000633,0.454000000000633,1.0,-0.34294414714229055,13.183873069307944,9.584157760938009,1.627814604493827,0.9617066970791482,0.0008783491286301427,0.03741495379224562,0,0
835,6181.437199,6183.1087990000005,6181.436299,0.2,,0.125,1.0,-1.0,6182.690064700422,0.125,0.0,0.0,0,1.0,1.0,1,1.672500000000582,1.672500000000582,0.125,0.22336612644001186,13.816803602770994,3.319119999806086,1.005203609087016,9.69185323696536e-09,0.0010880381842362943,0.9989119521236658,2,1
836,6186.903299,6187.252199,6186.893599,0.2,,0.0,-1.0,1.0,6187.026064700423,0.0,1.0,0.25,1,0.0,0.0,1,0.35859999999956926,0.35859999999956926,0.0,-0.4453897147743576,13.315756881216322,10.161313299338023,0.4639232282873456,0.6642530006053973,3.0668750384186915e-05,0.3357163306441414,0,1
837,6192.003099,6192.389499,6192.004099,0.2,,1.0,1.0,-1.0,6192.199064700425,1.0,0.0,0.0,0,1.0,1.0,1,0.38540000000011787,0.38540000000011787,1.0,-0.41408828968043304,13.57288812535937,8.359161253898375,1.5288874056104396,0.9793326950128356,0.0006889209432464155,0.01997838404391952,0,0
838,6196.252899,6196.662899,6196.250999,0.2,,1.0,1.0,-1.0,6196.4520647004265,1.0,0.0,0.0,0,1.0,1.0,1,0.41190000000005966,0.41190000000005966,1.0,-0.3852082080435195,13.959666095861431,11.441671117146809,1.0613654923987204,0.982383872452621,8.58157788375274e-06,0.017607545969470548,0,0
839,6201.102498,6201.512598,6201.079598,0.2,0.125,,1.0,1.0,6201.281064700428,-0.125,0.0,0.0,0,1.0,0.0,-1,0.4329999999999927,0.4329999999999927,0.125,-0.3635121036466419,14.43787082354985,11.128991150856018,1.4068977240391054,0.8770548297090612,4.785226603758195e-09,0.12294516550580475,0,0
840,6205.168898,6208.249597999999,6205.169898,0.2,,0.25,1.0,-1.0,6208.054064700431,0.25,0.0,0.0,0,1.0,1.0,1,3.0796999999993204,3.0796999999993204,0.25,0.48850841302950604,14.998879749411858,5.871851162115733,0.7544533685053035,4.07607449391489e-18,0.009121728555339341,0.9908782714445636,2,1
841,6211.985098,6221.767198,6211.981398,0.2,,0.0,1.0,-1.0,6221.344064700435,0.0,0.0,0.25,0,1.0,1.0,1,9.785799999999654,9.785799999999654,0.0,0.990596335500751,14.008339302986059,6.292191092173258,1.7826677740598418,3.320535143455125e-45,0.0010320151007338961,0.9989679848992425,2,0
842,6226.117399000001,6226.802399,6226.110199000001,0.2,,0.0,1.0,-1.0,6226.331064700436,0.0,0.0,0.25,0,1.0,1.0,1,0.6921999999995023,0.6921999999995023,0.0,-0.15976840504220335,13.85100126462086,6.180617793401082,1.4218936964414695,0.04535531025468235,0.0066287791219741725,0.9480159106234385,2,0
843,6230.583898999999,6232.609098999999,6230.584798999999,0.2,,0.0625,-1.0,1.0,6232.3950647004385,0.0625,0.0,0.0,0,0.0,0.0,1,2.0243000000000393,2.0243000000000393,0.0625,0.306274875109355,13.861350070446925,0.39236666783690455,0.2991017328415829,3.5800281244241e-12,5.059027336280433e-06,0.999994940968982,2,0
844,6237.566798999999,6237.916598999999,6237.567599,0.2,1.0,,1.0,1.0,6237.682064700441,-1.0,0.0,0.0,0,1.0,0.0,-1,0.3489999999992506,0.3489999999992506,1.0,-0.4571745730417527,13.556964889718246,7.911995561917623,1.855117769604883,0.9966202112640333,0.0024959330894413997,0.0008838556464866382,0,1
845,6241.616399,6242.011998999999,6241.594899,0.2,1.0,,1.0,1.0,6241.794064700442,-1.0,0.0,0.0,0,1.0,0.0,-1,0.41709999999966385,0.41709999999966385,1.0,-0.37975981015451865,12.861647460659343,6.902811026573181,1.874206112214906,0.9613760450021005,0.0011027090459212784,0.03752124595188892,0,0
846,6245.699499,6253.463299,6245.674799,0.2,,0.0,1.0,-1.0,6253.136064700446,0.0,1.0,0.75,0,1.0,1.0,1,7.788499999999658,7.788499999999658,0.0,0.891453824238663,14.921141239371707,5.316184501846632,0.5801874117181305,4.7839265354802477e-39,0.001711940317858178,0.9982880596820625,2,1
847,6257.431898999999,6264.233899,6257.421998999999,0.2,,0.0,1.0,-1.0,6264.051064700449,0.0,1.0,0.75,0,1.0,1.0,1,6.811900000000605,6.811900000000605,0.0,0.8332682638110123,13.164830271524872,5.868653301397959,1.305105921501352,1.3234846140896374e-36,0.0007329322546617339,0.9992670677452551,2,0
848,6268.048199,6270.055099,6268.048099,0.2,0.0625,,-1.0,-1.0,6269.738064700451,-0.0625,1.0,1.0,0,0.0,1.0,-1,2.0070000000005166,2.0070000000005166,0.0625,0.30254737248759733,13.761317072628488,10.139593410491944,0.5029515723242625,2.0768276504249576e-12,0.0011602532683158031,0.9988397467295144,2,0
